type,cell_type,feature,coefficient
tAge,Th2,(Intercept),31.91935275
tAge,Th2,AAGAB,0.253516632
tAge,Th2,ABCD2,1.65972083
tAge,Th2,ABHD15,-0.150301652
tAge,Th2,ACBD7,7.557813811
tAge,Th2,ACTR3,0.418775474
tAge,Th2,ACTR6,0.164996159
tAge,Th2,ADAM12,-0.730331954
tAge,Th2,ADAM17,0.451575231
tAge,Th2,ADAM23,1.398267646
tAge,Th2,ADNP2,0.586930102
tAge,Th2,AGAP4,-1.188689733
tAge,Th2,AIDA,0.137150536
tAge,Th2,AIFM2,-1.320747057
tAge,Th2,AKAP12,0.18483361
tAge,Th2,ALK,2.428888366
tAge,Th2,AMPD3,-1.239590278
tAge,Th2,ANKH,-0.07666349
tAge,Th2,ANKRD28,-0.415746629
tAge,Th2,ANKRD36C,0.004214126
tAge,Th2,ANO6,-0.247298634
tAge,Th2,ANXA2R,-0.707174425
tAge,Th2,APLP2,-0.250757054
tAge,Th2,APOA1,13.82569267
tAge,Th2,ARAP1-AS1,6.270219681
tAge,Th2,ARL5A,-0.96561804
tAge,Th2,ARRDC1-AS1,-2.43497746
tAge,Th2,ARSG,0.41734136
tAge,Th2,ASAP1,-0.013459684
tAge,Th2,ASCC3,0.095262155
tAge,Th2,ASPH,-1.314432573
tAge,Th2,ASS1,47.79730422
tAge,Th2,ATF1,0.454161451
tAge,Th2,ATG4D,3.752489806
tAge,Th2,ATP6V0A2,0.838216929
tAge,Th2,ATP6V0D1,1.36540512
tAge,Th2,ATP6V1B2,0.336538872
tAge,Th2,ATP6V1H,0.80444298
tAge,Th2,ATXN2-AS,7.955634143
tAge,Th2,ATXN7L3B,-0.475024672
tAge,Th2,AUTS2,-1.708453678
tAge,Th2,BAALC-AS1,1.756671015
tAge,Th2,BACH1-IT2,-1.01168815
tAge,Th2,BBS1,0.835210187
tAge,Th2,BCAR4,30.95411299
tAge,Th2,BCL2,0.297902587
tAge,Th2,BFSP2,2.542504668
tAge,Th2,BHLHA15,53.6838966
tAge,Th2,BMPR2,-0.857794534
tAge,Th2,BRD8,-0.63078503
tAge,Th2,BTBD9,-0.760841897
tAge,Th2,C18orf21,-1.021797825
tAge,Th2,C21orf91-OT1,0.049156744
tAge,Th2,C5orf63,-2.637214976
tAge,Th2,CAB39L,2.665596154
tAge,Th2,CABLES1,69.35636361
tAge,Th2,CAMSAP2,-0.82000005
tAge,Th2,CARMIL3,49.44816247
tAge,Th2,CATSPERE,0.016392698
tAge,Th2,CBLB,0.800889632
tAge,Th2,CBLN3,6.732103916
tAge,Th2,CCDC126,-0.781836367
tAge,Th2,CCDC134,0.171747764
tAge,Th2,CCDC25,-2.900322938
tAge,Th2,CCDC50,-1.07202103
tAge,Th2,CCL27,32.71037728
tAge,Th2,CCND3,-0.526657361
tAge,Th2,CCR6,-1.218934066
tAge,Th2,CCSER1,1.39286136
tAge,Th2,CD151,1.194192046
tAge,Th2,CD2,0.428092439
tAge,Th2,CD247,-1.90926523
tAge,Th2,CD52,0.036489768
tAge,Th2,CD58,0.540791241
tAge,Th2,CD8A,1.276708718
tAge,Th2,CD8B,1.252979543
tAge,Th2,CDK12,-0.174055173
tAge,Th2,CDK2AP2,1.154493219
tAge,Th2,CDKN2A,1.058759309
tAge,Th2,CDKN2B-AS1,2.387463879
tAge,Th2,CDO1,-2.342502055
tAge,Th2,CEP120,1.775897705
tAge,Th2,CEP44,-0.294359199
tAge,Th2,CEP85L,0.015809942
tAge,Th2,CERKL,0.695455802
tAge,Th2,CERS3-AS1,0.141976125
tAge,Th2,CFAP299,1.489320212
tAge,Th2,CFAP97,-1.284387592
tAge,Th2,CFTR,23.30353896
tAge,Th2,CHCHD4,-2.100533679
tAge,Th2,CHD6,-0.815267272
tAge,Th2,CHKB-CPT1B,6.627650861
tAge,Th2,CHN1,0.610962273
tAge,Th2,CHRD,57.05867247
tAge,Th2,CHRM5,-0.239213358
tAge,Th2,CHST10,-1.598800914
tAge,Th2,CHSY3,2.774354207
tAge,Th2,CILP2,-56.15288776
tAge,Th2,CLDN4,-13.82358793
tAge,Th2,CLEC18C,-2.380881533
tAge,Th2,CMC2,0.323798365
tAge,Th2,CNTLN,-6.573887991
tAge,Th2,CNTNAP2,8.008638523
tAge,Th2,CNTNAP5,6.031486115
tAge,Th2,COL8A1,-15.11997406
tAge,Th2,COQ9,0.307818767
tAge,Th2,CORO7,-0.151157946
tAge,Th2,COX16,-2.101034807
tAge,Th2,COX6A1,0.258686707
tAge,Th2,CPAMD8,-6.40757886
tAge,Th2,CPLANE1,-0.940387162
tAge,Th2,CR1,-1.992741766
tAge,Th2,CREB5,-0.452741637
tAge,Th2,CRIP1,0.193900411
tAge,Th2,CRIP2,1.139627539
tAge,Th2,CRLF2,2.717892368
tAge,Th2,CSRP2,-4.759648931
tAge,Th2,CX3CR1,0.355699271
tAge,Th2,CXCR3,2.967964782
tAge,Th2,CYP1B1-AS1,6.45999599
tAge,Th2,DAAM1,-0.453177504
tAge,Th2,DAP,-0.119609717
tAge,Th2,DBNL,0.381336652
tAge,Th2,DCAF17,1.623160841
tAge,Th2,DCDC2,-0.088827993
tAge,Th2,DDB2,0.237420245
tAge,Th2,DDHD1,0.409648208
tAge,Th2,DDIT4L,24.24140391
tAge,Th2,DENND3,1.424199741
tAge,Th2,DERA,-0.742687525
tAge,Th2,DGAT2,11.58401965
tAge,Th2,DGKI,0.338487845
tAge,Th2,DHCR24,-4.605613622
tAge,Th2,DIO1,-30.51281827
tAge,Th2,DIO2,-0.601943667
tAge,Th2,DIP2B,-1.856708987
tAge,Th2,DIP2C,-1.72916603
tAge,Th2,DIRC3,-0.687797021
tAge,Th2,DLG2,-0.535321426
tAge,Th2,DMD,-1.359780899
tAge,Th2,DNAJB5,-0.408735691
tAge,Th2,DNLZ,8.381853017
tAge,Th2,DNMT3B,-2.704348223
tAge,Th2,DOCK5,1.374057495
tAge,Th2,DOK1,4.429299806
tAge,Th2,DRP2,-10.76520667
tAge,Th2,DSCAML1,1.392349725
tAge,Th2,DST,0.893172241
tAge,Th2,DTX1,-0.207418806
tAge,Th2,DUS2,0.745281904
tAge,Th2,DUSP4,1.636935616
tAge,Th2,DUT,0.117061126
tAge,Th2,E2F4,-2.608242132
tAge,Th2,E2F8,-8.002544224
tAge,Th2,EBI3,-28.68742279
tAge,Th2,EDA,0.429487948
tAge,Th2,EDN1,7.199828207
tAge,Th2,EED,0.242245266
tAge,Th2,EEF1AKMT1,0.868542848
tAge,Th2,EFCAB11,-0.832559414
tAge,Th2,EFHC2,-0.250929933
tAge,Th2,EHBP1L1,0.129168815
tAge,Th2,EHD2,74.40842451
tAge,Th2,EIF1AY,0.356282399
tAge,Th2,EIF3L,-1.369757469
tAge,Th2,ELF3,8.284075143
tAge,Th2,ELMOD2,-0.047663119
tAge,Th2,ELOVL7,7.488724139
tAge,Th2,ELP3,0.598119572
tAge,Th2,EMC6,2.983539897
tAge,Th2,EMC7,1.054672778
tAge,Th2,ENDOD1,1.491545153
tAge,Th2,EPB41,-0.343207161
tAge,Th2,EPB41L2,-1.176356353
tAge,Th2,ETV1,3.015133806
tAge,Th2,EXOC1,1.943967104
tAge,Th2,EXOC6B,-0.410299313
tAge,Th2,F10,10.40060468
tAge,Th2,F5,0.475809361
tAge,Th2,FAM13A,0.615309213
tAge,Th2,FAM178B,3.656367537
tAge,Th2,FAM180A,61.60350496
tAge,Th2,FAM184A,-1.062235669
tAge,Th2,FAM216B,60.8964802
tAge,Th2,FANCD2,0.477922308
tAge,Th2,FARP1,-13.91584361
tAge,Th2,FAU,0.366656968
tAge,Th2,FBXO40,-5.572344727
tAge,Th2,FCF1,-0.314300649
tAge,Th2,FCGRT,-3.777852918
tAge,Th2,FCHO2,-0.133346509
tAge,Th2,FGFR1,0.378136116
tAge,Th2,FGFR4,17.90742871
tAge,Th2,FLNA,1.120092306
tAge,Th2,FMC1,-1.444860075
tAge,Th2,FMO4,-1.359604413
tAge,Th2,FNBP1L,-1.138412513
tAge,Th2,FNDC3B,0.003660401
tAge,Th2,FOCAD-AS1,14.55515888
tAge,Th2,FOXD4L1,-31.42824101
tAge,Th2,FOXI1,1.76734665
tAge,Th2,FOXO1,1.394075939
tAge,Th2,FRMD4A,-1.529317957
tAge,Th2,FRY,-0.205483529
tAge,Th2,FSTL5,-0.680125729
tAge,Th2,FUT8,0.211050957
tAge,Th2,FXYD5,-0.246998205
tAge,Th2,FYN,-0.557599791
tAge,Th2,GAB2,0.096613262
tAge,Th2,GAS1,53.14981821
tAge,Th2,GAS1RR,-1.788580815
tAge,Th2,GATA3-AS1,2.826071027
tAge,Th2,GBA2,2.949441386
tAge,Th2,GBP5,1.266109751
tAge,Th2,GDF15,-20.55793001
tAge,Th2,gender,0.120084665
tAge,Th2,GLB1L,-1.885103907
tAge,Th2,GLB1L3,1.217527178
tAge,Th2,GLIS3,-2.579034914
tAge,Th2,GLT1D1,19.31917792
tAge,Th2,GLUD1,-1.317314665
tAge,Th2,GML,0.225259213
tAge,Th2,GNAI1,-2.489320477
tAge,Th2,GNAI3,0.844801703
tAge,Th2,GNG7,-0.019653276
tAge,Th2,GPCPD1,0.548512691
tAge,Th2,GPD2,-0.492100037
tAge,Th2,GPHN,0.631779354
tAge,Th2,GPR151,80.28272896
tAge,Th2,GPR75,5.462613328
tAge,Th2,GREB1,-3.032134496
tAge,Th2,GREB1L,-1.747953539
tAge,Th2,GREM2,2.252545954
tAge,Th2,GRID2IP,2.199730289
tAge,Th2,GTPBP10,0.650171786
tAge,Th2,GTSCR1,8.553095753
tAge,Th2,GUCA2A,-73.30025865
tAge,Th2,HAS3,10.88333263
tAge,Th2,HAUS7,3.224011158
tAge,Th2,HCG11,-2.569465545
tAge,Th2,HDGFL3,0.154588805
tAge,Th2,HEATR4,-6.081995024
tAge,Th2,HELB,0.151751118
tAge,Th2,HERC5,0.375197352
tAge,Th2,HIPK1-AS1,-2.017707398
tAge,Th2,HIST2H4B,-10.75907225
tAge,Th2,HIVEP3,0.14439391
tAge,Th2,HLA-DPB1,0.066243674
tAge,Th2,HMGN2,0.212531177
tAge,Th2,HPF1,-2.003998187
tAge,Th2,HPGD,-1.015437244
tAge,Th2,HTRA2,5.782252193
tAge,Th2,HTRA4,-6.803201026
tAge,Th2,HYAL4,4.493939988
tAge,Th2,HYKK,-4.776585283
tAge,Th2,IBTK,0.054329534
tAge,Th2,ICOSLG,-30.2966667
tAge,Th2,IFITM2,0.283262409
tAge,Th2,IFNG-AS1,-0.263299753
tAge,Th2,IFT80,1.67887322
tAge,Th2,IGHV3-49,0.155670463
tAge,Th2,IGHV4-28,25.81839732
tAge,Th2,IGKV3-20,2.467548547
tAge,Th2,IGLV1-51,0.018033224
tAge,Th2,IKZF3,-0.026263546
tAge,Th2,IL12RB1,0.907149078
tAge,Th2,IL1R1,9.487554392
tAge,Th2,IL21-AS1,7.871519476
tAge,Th2,IL7R,-0.56204384
tAge,Th2,INPP5A,-0.097718386
tAge,Th2,INPP5K,-1.911331344
tAge,Th2,INTS7,0.667166106
tAge,Th2,IQCA1L,-12.94954218
tAge,Th2,IQGAP1,0.035792447
tAge,Th2,ISOC1,0.246952894
tAge,Th2,ITPR1,0.242003261
tAge,Th2,JAK3,0.937752485
tAge,Th2,JMJD4,2.283645057
tAge,Th2,JPH1,-34.69981318
tAge,Th2,JPH3,32.51016452
tAge,Th2,KATNAL1,0.015101806
tAge,Th2,KBTBD7,4.8845183
tAge,Th2,KIAA1671,0.192455017
tAge,Th2,KIAA2012,-2.644863674
tAge,Th2,KIF21A,0.323172999
tAge,Th2,KIF5C,-0.287376025
tAge,Th2,KLF3,-1.125451988
tAge,Th2,KLHDC1,-0.720429655
tAge,Th2,KLHL3,-0.211061044
tAge,Th2,KLHL7,-0.305901559
tAge,Th2,KLKB1,2.988556445
tAge,Th2,KLRC4,3.456687039
tAge,Th2,KLRC4-KLRK1,1.529180309
tAge,Th2,KLRK1,1.531531119
tAge,Th2,KMO,12.17312753
tAge,Th2,KRT86,5.471239362
tAge,Th2,KXD1,0.312987971
tAge,Th2,LAMA5,0.325207432
tAge,Th2,LAS1L,-1.310773473
tAge,Th2,LATS2,-0.08796807
tAge,Th2,LCMT2,2.432757888
tAge,Th2,LEKR1,-0.434000487
tAge,Th2,LEO1,-0.71345404
tAge,Th2,LEPROT,-0.752193796
tAge,Th2,LGALS1,1.671155435
tAge,Th2,LINC00158,0.761627822
tAge,Th2,LINC00243,-0.019980406
tAge,Th2,LINC00278,0.137075097
tAge,Th2,LINC00471,-6.170996209
tAge,Th2,LINC00511,-0.518322849
tAge,Th2,LINC00513,0.021396561
tAge,Th2,LINC00598,1.260275507
tAge,Th2,LINC00642,37.84823642
tAge,Th2,LINC00663,-0.517352658
tAge,Th2,LINC00891,-2.373104452
tAge,Th2,LINC00923,-24.36987897
tAge,Th2,LINC01003,0.175857728
tAge,Th2,LINC01342,15.94304543
tAge,Th2,LINC01483,-0.233649222
tAge,Th2,LINC01516,9.609804984
tAge,Th2,LINC01545,-98.83377784
tAge,Th2,LINC01606,-16.84881225
tAge,Th2,LINC01678,1.531380186
tAge,Th2,LINC01681,86.84884076
tAge,Th2,LINC01684,2.976058765
tAge,Th2,LINC01754,2.970137874
tAge,Th2,LINC01786,9.621640597
tAge,Th2,LINC01926,121.4457555
tAge,Th2,LINC01948,-0.716757002
tAge,Th2,LINC02043,-14.92422099
tAge,Th2,LINC02086,0.853975052
tAge,Th2,LINC02128,-17.73373187
tAge,Th2,LINC02240,-9.565846663
tAge,Th2,LINC02330,49.87323719
tAge,Th2,LINC02335,33.82520283
tAge,Th2,LINC02357,6.002549905
tAge,Th2,LINC02552,75.78551352
tAge,Th2,LINC02570,73.551574
tAge,Th2,LIPK,44.84617752
tAge,Th2,LPAR3,1.843044728
tAge,Th2,LRBA,0.830674392
tAge,Th2,LRCH1,-1.049192784
tAge,Th2,LRRC57,0.640359668
tAge,Th2,LTA,0.111315448
tAge,Th2,LTB,0.08717065
tAge,Th2,LY6E,0.291689281
tAge,Th2,LYN,0.173185675
tAge,Th2,MACF1,0.233478536
tAge,Th2,MAFG,1.037083156
tAge,Th2,MALT1,-2.587524667
tAge,Th2,MAML3,-0.812729239
tAge,Th2,MAN1C1,-0.645907013
tAge,Th2,MAP3K20,-0.453570434
tAge,Th2,MAP3K4,-0.970574479
tAge,Th2,MAPK11,6.691921478
tAge,Th2,MAPRE3,0.40866706
tAge,Th2,MB21D2,0.123106105
tAge,Th2,MBNL1,0.698275931
tAge,Th2,MBNL2,-0.283390583
tAge,Th2,MCHR2,6.458774517
tAge,Th2,MCOLN2,1.301688792
tAge,Th2,MDK,-1.292497424
tAge,Th2,METTL18,-1.507398372
tAge,Th2,MFSD6,0.368659188
tAge,Th2,MGAT5,-1.065705412
tAge,Th2,MGST1,56.69555735
tAge,Th2,MGST2,-1.450133326
tAge,Th2,MICAL2,0.211309964
tAge,Th2,MICU3,0.409748274
tAge,Th2,MIR133A1HG,29.84656097
tAge,Th2,MIR34AHG,5.124741346
tAge,Th2,MIR497HG,21.13309006
tAge,Th2,MIRLET7BHG,1.15954977
tAge,Th2,MMP14,-20.13093409
tAge,Th2,MMS22L,0.342812553
tAge,Th2,MON2,0.502835719
tAge,Th2,MOSPD1,0.494442626
tAge,Th2,MOV10,3.522858026
tAge,Th2,MROH7-TTC4,48.20395452
tAge,Th2,MSC-AS1,0.159273057
tAge,Th2,MSR1,37.75003269
tAge,Th2,MTA3,-0.151304696
tAge,Th2,MTFMT,-0.531951443
tAge,Th2,MTUS2,-0.229481457
tAge,Th2,MUC1,2.547014536
tAge,Th2,MUC20-OT1,-0.058233699
tAge,Th2,MYO16,-0.686522689
tAge,Th2,MYO5C,0.68442487
tAge,Th2,N4BP2,0.02665628
tAge,Th2,NAA50,0.052693584
tAge,Th2,NARS2,-0.19804892
tAge,Th2,NCALD,-0.735723736
tAge,Th2,NDRG3,-0.406452013
tAge,Th2,NDUFAF7,0.983320884
tAge,Th2,NEFL,-2.076651167
tAge,Th2,NELL2,0.634544939
tAge,Th2,NEXN-AS1,4.008548853
tAge,Th2,NFATC2IP,0.61037385
tAge,Th2,NINJ2,0.269990151
tAge,Th2,NIPA1,-1.607078324
tAge,Th2,NIPSNAP3A,3.350962306
tAge,Th2,NIT1,3.478934517
tAge,Th2,NLRC4,-9.532684714
tAge,Th2,NMNAT3,-0.077878978
tAge,Th2,NOB1,-1.558330258
tAge,Th2,NOXO1,-2.572637288
tAge,Th2,NPIPB9,-6.837106695
tAge,Th2,NPR2,-1.465403187
tAge,Th2,NSD2,0.698554372
tAge,Th2,NSD3,0.633906445
tAge,Th2,NSMF,2.097019842
tAge,Th2,NT5C,2.165209698
tAge,Th2,NUCB1,1.583780112
tAge,Th2,NUTM2G,11.08305218
tAge,Th2,OBSCN,-3.521729379
tAge,Th2,OGFOD2,1.503014914
tAge,Th2,OMG,2.632403156
tAge,Th2,OR6C70,16.70943523
tAge,Th2,ORAI2,1.851467412
tAge,Th2,ORM2,-63.44192894
tAge,Th2,OTOR,-0.422687197
tAge,Th2,OTUD4,0.368231072
tAge,Th2,OTULIN,1.128563984
tAge,Th2,OVCA2,-11.05642236
tAge,Th2,PACS1,-1.395221932
tAge,Th2,PACSIN1,-7.678543768
tAge,Th2,PACSIN2,-0.053454605
tAge,Th2,PARP11,0.230094716
tAge,Th2,PAWR,-3.435623853
tAge,Th2,PCBD2,0.365643474
tAge,Th2,PCBP4,4.042323062
tAge,Th2,PCDHGA11,18.12178965
tAge,Th2,PCSK5,1.482349114
tAge,Th2,PDIA6,-1.149658993
tAge,Th2,PDZD2,-0.147253644
tAge,Th2,PER3,-0.639167856
tAge,Th2,PGAM5,0.967259774
tAge,Th2,PGS1,0.005264745
tAge,Th2,PHETA2,1.562648104
tAge,Th2,PHLDA2,1.733540089
tAge,Th2,PHPT1,1.776014593
tAge,Th2,PIK3AP1,-2.756581786
tAge,Th2,PIM1,1.603380898
tAge,Th2,PITPNB,0.242452431
tAge,Th2,PITPNC1,-0.248640114
tAge,Th2,PKIA,-0.198037856
tAge,Th2,PLCB1,-0.804161217
tAge,Th2,PLEKHG2,0.056544669
tAge,Th2,PLET1,-2.136272704
tAge,Th2,PLOD3,0.873341971
tAge,Th2,PLPP1,1.110230506
tAge,Th2,PLS3,-5.438684076
tAge,Th2,PLXNA2,-0.163029972
tAge,Th2,PLXNA4,0.451272757
tAge,Th2,PMS1,0.148324329
tAge,Th2,PNMA2,161.093425
tAge,Th2,PPARG,1.077998867
tAge,Th2,PPCS,-0.229612672
tAge,Th2,PPP1R26-AS1,-2.788038169
tAge,Th2,PPP1R8,0.290096892
tAge,Th2,PPP2R3A,-0.072947834
tAge,Th2,PPP2R5E,0.001275555
tAge,Th2,PRC1-AS1,-2.552124529
tAge,Th2,PRKD3,-0.826643815
tAge,Th2,PROSER2-AS1,28.3079267
tAge,Th2,PRPS1,-1.164303681
tAge,Th2,PRR33,31.53168916
tAge,Th2,PRRX2,-11.63159703
tAge,Th2,PRSS2,0.868197112
tAge,Th2,PSMA1,1.218431967
tAge,Th2,PSMA3,0.849040316
tAge,Th2,PSPH,5.731858539
tAge,Th2,PTPRJ,0.821442112
tAge,Th2,PTPRM,-0.712245668
tAge,Th2,PTRH1,-1.744452785
tAge,Th2,RAB36,14.53969373
tAge,Th2,RAB3B,-16.49281525
tAge,Th2,RAB6C,116.511009
tAge,Th2,RABGEF1,-2.78530117
tAge,Th2,RBMS3,-2.294305774
tAge,Th2,RCAN2,8.640144024
tAge,Th2,RCHY1,0.744446486
tAge,Th2,RECK,-1.159205983
tAge,Th2,RENBP,7.135959456
tAge,Th2,RER1,0.512214959
tAge,Th2,REXO5,-5.896519273
tAge,Th2,RHEBL1,3.080565012
tAge,Th2,RIBC1,-8.084104431
tAge,Th2,RIMS2,1.293746673
tAge,Th2,RIPK1,0.782804651
tAge,Th2,RMND5A,0.095075211
tAge,Th2,RNF144A,-0.68629565
tAge,Th2,RNF212B,-10.5700474
tAge,Th2,RNF215,0.700658449
tAge,Th2,ROR1,-7.501009716
tAge,Th2,RPL24,0.183489968
tAge,Th2,RPL27A,0.332292784
tAge,Th2,RPS15,0.437747343
tAge,Th2,RPS18,0.698082104
tAge,Th2,RS1,145.9014866
tAge,Th2,RTN4RL2,-16.84052127
tAge,Th2,RUFY3,-1.2165432
tAge,Th2,RXRA,4.097547818
tAge,Th2,RYR2,0.011749613
tAge,Th2,SAPCD2,5.175772163
tAge,Th2,SBF2,-0.031835878
tAge,Th2,SBNO1,-0.224754785
tAge,Th2,SBNO2,0.36259001
tAge,Th2,SBSPON,-28.13134812
tAge,Th2,SCRN1,-2.503142728
tAge,Th2,SDC3,-40.57842741
tAge,Th2,SDHA,0.587657186
tAge,Th2,SEC14L3,56.72707181
tAge,Th2,SEMA3B,-7.48286136
tAge,Th2,SENP2,1.131801166
tAge,Th2,SEPSECS,0.905467711
tAge,Th2,SESN1,-0.464815204
tAge,Th2,SESN3,0.467854613
tAge,Th2,SESTD1,-0.542591668
tAge,Th2,SEZ6L,16.3162881
tAge,Th2,SH3BGR,1.073952362
tAge,Th2,SHB,29.35994289
tAge,Th2,SHC4,12.68647651
tAge,Th2,SHROOM1,3.809533918
tAge,Th2,SIGIRR,0.801702445
tAge,Th2,SIPA1,1.131546488
tAge,Th2,SKA1,-1.245750892
tAge,Th2,SKAP1-AS1,-1.654553702
tAge,Th2,SLC1A4,0.837242441
tAge,Th2,SLC22A14,2.18308121
tAge,Th2,SLC25A11,0.471371069
tAge,Th2,SLC26A5,2.373480336
tAge,Th2,SLC28A1,13.36376134
tAge,Th2,SLC30A3,-17.52924512
tAge,Th2,SLC36A4,1.139097195
tAge,Th2,SLC39A9,1.393352562
tAge,Th2,SLC6A9,52.02191018
tAge,Th2,SLC9B2,0.337907846
tAge,Th2,SLCO5A1,-1.241719922
tAge,Th2,SLCO6A1,72.45138141
tAge,Th2,SMAD5,-0.585991749
tAge,Th2,SMAD9,12.96211475
tAge,Th2,SMKR1,-1.877100059
tAge,Th2,SNAP25,27.69587862
tAge,Th2,SNRPD2,1.017372733
tAge,Th2,SNTG2,1.797802402
tAge,Th2,SNX7,-2.17729448
tAge,Th2,SOBP,5.856276226
tAge,Th2,SORCS3,1.994998226
tAge,Th2,SPAG1,1.593033272
tAge,Th2,SPART,0.462060116
tAge,Th2,SPATA32,-0.21412409
tAge,Th2,SPATA41,7.819941158
tAge,Th2,SPECC1,-0.429662017
tAge,Th2,SPEF2,1.549368164
tAge,Th2,SPOCK1,-1.942673584
tAge,Th2,SREBF1,2.870905059
tAge,Th2,SRRM5,7.103509801
tAge,Th2,SRSF10,-0.964343018
tAge,Th2,ST8SIA1,0.716622516
tAge,Th2,ST8SIA6,0.303771736
tAge,Th2,STARD6,-5.081260251
tAge,Th2,STAT4,0.670934724
tAge,Th2,STK26,-2.237838771
tAge,Th2,STOML3,59.52813655
tAge,Th2,STON1,-7.805395455
tAge,Th2,STRIP2,5.201724346
tAge,Th2,STUB1,0.873315317
tAge,Th2,STX11,1.220529667
tAge,Th2,STX18,0.191824884
tAge,Th2,STYK1,0.236620015
tAge,Th2,SUFU,-1.907635269
tAge,Th2,SUPT3H,1.408789169
tAge,Th2,SUSD2,12.65115618
tAge,Th2,SUSD5,16.38641092
tAge,Th2,SV2B,10.12627279
tAge,Th2,SYCP2,-0.843732791
tAge,Th2,SYNE2,0.895270109
tAge,Th2,SYNJ2BP-COX16,1.915703869
tAge,Th2,SYNPR,-4.825668874
tAge,Th2,SYT6,14.26431494
tAge,Th2,TAB2,0.850015652
tAge,Th2,TACR2,17.0179474
tAge,Th2,TAGAP,-0.87969259
tAge,Th2,TAS2R4,0.243294124
tAge,Th2,TBC1D22B,0.628143487
tAge,Th2,TBC1D4,-0.548725315
tAge,Th2,TBCB,0.907811872
tAge,Th2,TBCC,-2.332371477
tAge,Th2,TCF19,-1.542930229
tAge,Th2,TCF4,-2.164254846
tAge,Th2,TCN2,40.60112267
tAge,Th2,TEX30,-4.10664095
tAge,Th2,TFAP2E,0.083108971
tAge,Th2,TFG,0.899859853
tAge,Th2,TGFA,-0.971845258
tAge,Th2,THEMIS,1.545149052
tAge,Th2,THTPA,-4.28154122
tAge,Th2,TIGD3,-12.22847414
tAge,Th2,TIMM23,1.973495014
tAge,Th2,TIMP1,1.466721389
tAge,Th2,TLE1,-3.752884522
tAge,Th2,TMC2,60.88281973
tAge,Th2,TMC6,0.379127596
tAge,Th2,TMEM135,1.110836939
tAge,Th2,TMEM147,-0.617519454
tAge,Th2,TMEM150B,129.345823
tAge,Th2,TMEM151A,12.75097373
tAge,Th2,TMEM167B,0.608825512
tAge,Th2,TMEM175,0.252224182
tAge,Th2,TMEM266,15.23558275
tAge,Th2,TMEM39B,-3.133595604
tAge,Th2,TMEM59L,121.7363241
tAge,Th2,TMSB10,0.179854075
tAge,Th2,TNFAIP8,-0.721931776
tAge,Th2,TNIK,0.073326774
tAge,Th2,TNRC6C,-0.100517534
tAge,Th2,TNS4,8.224467787
tAge,Th2,TOE1,-2.65660763
tAge,Th2,TOX,-0.075123003
tAge,Th2,TPRG1,1.496227284
tAge,Th2,TPST2,0.151496754
tAge,Th2,TRAF3IP1,0.884728607
tAge,Th2,TRAJ49,1.982387514
tAge,Th2,TRAV3,-1.109865721
tAge,Th2,TRBJ1-6,-51.67183771
tAge,Th2,TRBV12-5,5.654629977
tAge,Th2,TRBV6-1,-2.659133776
tAge,Th2,TRDC,-2.562421126
tAge,Th2,TREML1,-9.190677723
tAge,Th2,TRIM2,-0.140825242
tAge,Th2,TRIM26,-0.847669075
tAge,Th2,TRPS1,0.08883364
tAge,Th2,TSPAN1,-34.42024563
tAge,Th2,TSPAN14,-0.111480328
tAge,Th2,TSPAN18,0.316082468
tAge,Th2,TSPAN32,1.205965906
tAge,Th2,TSPAN4,1.944168636
tAge,Th2,TST,-33.2487689
tAge,Th2,TTN-AS1,1.207146142
tAge,Th2,TTTY10,0.918483031
tAge,Th2,TUBB3,34.75229328
tAge,Th2,TUT1,3.617094054
tAge,Th2,UBE2E3,-0.91530165
tAge,Th2,UBE2H,-0.351831164
tAge,Th2,UBXN1,-0.120467621
tAge,Th2,UBXN11,0.348455114
tAge,Th2,UGGT1,1.038240353
tAge,Th2,USP49,0.506348802
tAge,Th2,USP9Y,0.069126166
tAge,Th2,UXT,-0.257542848
tAge,Th2,VAC14-AS1,48.69922516
tAge,Th2,VAMP3,-2.009197512
tAge,Th2,VAMP8,2.046522404
tAge,Th2,VCAM1,32.12484031
tAge,Th2,VIL1,9.507500622
tAge,Th2,VMO1,103.1268625
tAge,Th2,VPS13B,1.30679239
tAge,Th2,VPS13C,0.854349902
tAge,Th2,VPS37C,-3.636224064
tAge,Th2,VWCE,-11.761975
tAge,Th2,WDR6,1.272626349
tAge,Th2,WDR7,0.243806249
tAge,Th2,WEE2,1.779028838
tAge,Th2,WNK1,0.340161473
tAge,Th2,WWTR1,1.806017
tAge,Th2,XKRX,3.167836946
tAge,Th2,XRCC6,-0.389457387
tAge,Th2,XYLB,2.016193575
tAge,Th2,XYLT1,-0.522532113
tAge,Th2,YWHAB,-0.822169584
tAge,Th2,YWHAE,0.086317733
tAge,Th2,ZBTB16,-0.109005378
tAge,Th2,ZBTB2,0.874128445
tAge,Th2,ZBTB20-AS5,-1.440997098
tAge,Th2,ZFHX3,-2.305130127
tAge,Th2,ZFYVE1,-0.115640573
tAge,Th2,ZNF213,5.067120752
tAge,Th2,ZNF22,-0.225232437
tAge,Th2,ZNF295-AS1,-6.430819229
tAge,Th2,ZNF30-AS1,7.324054029
tAge,Th2,ZNF333,-1.070050267
tAge,Th2,ZNF347,-0.791079327
tAge,Th2,ZNF426,0.781102976
tAge,Th2,ZNF471,-4.522754367
tAge,Th2,ZNF492,-3.928677043
tAge,Th2,ZNF502,-3.144681125
tAge,Th2,ZNF561,-1.309681137
tAge,Th2,ZNF595,-3.007346242
tAge,Th2,ZNF653,19.82722818
tAge,Th2,ZNF667-AS1,-16.80763979
tAge,Th2,ZNF679,48.36332592
tAge,Th2,ZNF683,1.641095375
tAge,Th2,ZNF689,1.364352922
tAge,Th2,ZNF746,1.579502682
tAge,Th2,ZNF761,-0.753417906
tAge,Th2,ZNF804B,3.350753091
tAge,Th2,ZNF883,-2.015742632
tAge,Th2,ZNRF3,-0.958920592
tAge,Th2,ZXDA,-1.120408607
tAge,Th17,(Intercept),69.8448517
tAge,Th17,AANAT,-8.713379857
tAge,Th17,AASS,2.493022581
tAge,Th17,ABCA3,-0.914496914
tAge,Th17,ABCA6,-4.001876059
tAge,Th17,ABCB10,0.275648716
tAge,Th17,ABCD2,1.189178165
tAge,Th17,ABHD14A-ACY1,-1.38799916
tAge,Th17,ABHD16A,0.115179537
tAge,Th17,ABLIM1,-0.265246558
tAge,Th17,ACBD3-AS1,21.6014785
tAge,Th17,ACE,0.833840659
tAge,Th17,ACVR1C,1.00662961
tAge,Th17,ACVR2A,0.684507188
tAge,Th17,ADAM23,0.695866678
tAge,Th17,ADAM30,39.37643357
tAge,Th17,ADAMTS8,3.404290318
tAge,Th17,ADGRG5,-1.441897005
tAge,Th17,ADIPOR1,-0.820976397
tAge,Th17,ADK,-0.744235671
tAge,Th17,AEBP2,0.155909072
tAge,Th17,AFAP1-AS1,0.828804241
tAge,Th17,AGAP1,-0.112015406
tAge,Th17,AGPAT5,-0.100340734
tAge,Th17,AGTPBP1,-0.628374895
tAge,Th17,AHI1,-0.172840845
tAge,Th17,AHSP,91.91056741
tAge,Th17,AIM2,0.811878275
tAge,Th17,AJUBA,34.06363392
tAge,Th17,AKAP7,0.708749417
tAge,Th17,ALDH16A1,2.29302088
tAge,Th17,ALG14,1.711645342
tAge,Th17,ALKBH8,0.242536893
tAge,Th17,ALPK1,0.443609305
tAge,Th17,ANK1,-0.660445285
tAge,Th17,ANKFY1,-0.351744453
tAge,Th17,ANO2,-9.898774828
tAge,Th17,ANP32B,-0.389728432
tAge,Th17,AP1G1,0.857997123
tAge,Th17,ARFIP1,0.42767881
tAge,Th17,ARHGAP31,0.364327852
tAge,Th17,ARHGEF37,5.715849181
tAge,Th17,ARHGEF38,-3.762100425
tAge,Th17,ARL4C,0.002534611
tAge,Th17,ARL6IP6,0.659131561
tAge,Th17,ARRB2,-0.377242936
tAge,Th17,ARVCF,-11.25136386
tAge,Th17,ASCC3,1.386175036
tAge,Th17,ASPN,3.484202721
tAge,Th17,ATP6V0E1,0.320401741
tAge,Th17,ATP6V1G3,60.43607126
tAge,Th17,ATP6V1H,0.9874721
tAge,Th17,ATP9B,-1.270790214
tAge,Th17,ATXN7,-0.547119914
tAge,Th17,AUTS2,-1.807433568
tAge,Th17,B3GALNT1,18.23249456
tAge,Th17,B3GAT1,-0.781829321
tAge,Th17,BAG6,-0.459779275
tAge,Th17,BCL2L10,6.355082235
tAge,Th17,BCL9L,0.522046381
tAge,Th17,BDNF-AS,2.177095588
tAge,Th17,BHMT,11.90400847
tAge,Th17,BICDL1,0.162285661
tAge,Th17,BLACE,-33.95130846
tAge,Th17,BLK,-0.488818917
tAge,Th17,BSN,10.77462411
tAge,Th17,C10orf105,0.848916687
tAge,Th17,C16orf74,-0.055717112
tAge,Th17,C1D,0.643615124
tAge,Th17,C1orf162,1.935018717
tAge,Th17,C1orf198,1.618518662
tAge,Th17,C20orf144,44.02285443
tAge,Th17,C2CD3,0.192825555
tAge,Th17,C4orf46,1.034200085
tAge,Th17,C6orf118,-18.22347906
tAge,Th17,CAB39L,0.483324313
tAge,Th17,CACYBP,-0.414636101
tAge,Th17,CALCB,2.613968957
tAge,Th17,CAMKMT,0.719668007
tAge,Th17,CAND2,-0.892878764
tAge,Th17,CASK,2.970746524
tAge,Th17,CBLL1,-0.158304666
tAge,Th17,CCDC110,-4.009258704
tAge,Th17,CCDC141,0.096806706
tAge,Th17,CCDC144NL,-10.00193457
tAge,Th17,CCDC179,11.9209976
tAge,Th17,CCDC50,-1.584521205
tAge,Th17,CCDC83,-7.119392781
tAge,Th17,CCNQ,-9.946977268
tAge,Th17,CCNY,-0.131545391
tAge,Th17,CCRL2,-9.282067037
tAge,Th17,CCSER1,2.233575163
tAge,Th17,CCT3,-1.364867208
tAge,Th17,CCT6B,0.477927036
tAge,Th17,CD164L2,16.39510594
tAge,Th17,CD247,-0.774776571
tAge,Th17,CD248,-70.63881528
tAge,Th17,CD36,10.22870231
tAge,Th17,CD46,-0.09018436
tAge,Th17,CD59,-0.7604343
tAge,Th17,CD7,0.385693725
tAge,Th17,CD80,0.230121744
tAge,Th17,CD99L2,1.975218154
tAge,Th17,CDC42BPB,1.501799542
tAge,Th17,CDKN1B,-0.21041896
tAge,Th17,CDYL,-0.58597232
tAge,Th17,CECR2,13.10166011
tAge,Th17,CEP126,-0.104622969
tAge,Th17,CEP85,-0.405573875
tAge,Th17,CES3,14.36814716
tAge,Th17,CFDP1,-0.251205465
tAge,Th17,CFH,0.216069338
tAge,Th17,CHD9,-0.028136391
tAge,Th17,CHKA,-2.286392197
tAge,Th17,CHMP2A,2.939945039
tAge,Th17,CHN1,0.84775728
tAge,Th17,CHST12,-0.519731033
tAge,Th17,CHST7,-0.263150982
tAge,Th17,CIAPIN1,2.060509228
tAge,Th17,CISH,0.33442654
tAge,Th17,CISTR,44.68806644
tAge,Th17,CKMT2,4.155025861
tAge,Th17,CLCA2,52.368365
tAge,Th17,CLMAT3,-12.48549688
tAge,Th17,CLSPN,3.083606532
tAge,Th17,CLYBL,0.284751331
tAge,Th17,CMC1,-1.069263912
tAge,Th17,CNNM1,27.52303403
tAge,Th17,CNTN2,37.5682538
tAge,Th17,CNTRL,0.35694751
tAge,Th17,COL24A1,2.36058595
tAge,Th17,COL8A2,-45.74510273
tAge,Th17,COPE,-0.010299152
tAge,Th17,CPLX1,4.278210331
tAge,Th17,CPNE3,-1.278554152
tAge,Th17,CR1,-1.1334903
tAge,Th17,CRELD2,-1.653180081
tAge,Th17,CROCC2,13.28940425
tAge,Th17,CRYZ,0.898301523
tAge,Th17,CSKMT,2.097090812
tAge,Th17,CSNK2A1,-0.05206875
tAge,Th17,CSNK2B,-1.444749597
tAge,Th17,CSTF2,-1.693964216
tAge,Th17,CTHRC1,-28.49864115
tAge,Th17,CTSL,6.586407603
tAge,Th17,CUL4B,1.801087637
tAge,Th17,CXorf58,-3.691021578
tAge,Th17,CYB5D1,-3.663864553
tAge,Th17,CYP4V2,-0.159422358
tAge,Th17,CYSLTR2,0.05871015
tAge,Th17,DCAF17,0.676278151
tAge,Th17,DDB2,1.765021585
tAge,Th17,DDX56,-2.656066668
tAge,Th17,DDX6,-0.969745489
tAge,Th17,DHX36,-0.847971871
tAge,Th17,DIP2B,-1.682282982
tAge,Th17,DIP2C,-0.397043178
tAge,Th17,DIRC3,-0.052054307
tAge,Th17,DLEU2,0.01062784
tAge,Th17,DLG4,0.325088085
tAge,Th17,DMXL2,0.010823848
tAge,Th17,DNAH3,8.064061583
tAge,Th17,DNAH6,1.708690449
tAge,Th17,DOCK1,-2.643874974
tAge,Th17,DOCK9-AS1,20.2179132
tAge,Th17,DOCK9-DT,6.347842074
tAge,Th17,DPEP2,-0.692373687
tAge,Th17,DPP4,0.140318284
tAge,Th17,DSC1,17.3381975
tAge,Th17,DSTYK,-0.370342903
tAge,Th17,DUSP23,1.339512097
tAge,Th17,DYNLRB2,0.209958575
tAge,Th17,E2F2,3.839849334
tAge,Th17,EFCAB13,0.362574659
tAge,Th17,EFL1,-0.576259834
tAge,Th17,EGFR,25.32594321
tAge,Th17,EIF2S3B,1.794517899
tAge,Th17,EIF3L,-1.402963659
tAge,Th17,ELDR,5.068118021
tAge,Th17,ELOVL6,-0.025870344
tAge,Th17,ENTPD1-AS1,0.127688764
tAge,Th17,EPHA1-AS1,0.97486123
tAge,Th17,EPHX1,-5.380016749
tAge,Th17,EPN2,-0.17544778
tAge,Th17,ERP44,-0.103540586
tAge,Th17,ESR1,-0.596857091
tAge,Th17,EVC2,-0.005827569
tAge,Th17,EZR-AS1,-6.408808808
tAge,Th17,FAAH2,0.382678843
tAge,Th17,FAM149B1,0.323380585
tAge,Th17,FAM167B,56.93448504
tAge,Th17,FAM169A,0.821089485
tAge,Th17,FAM174B,0.118940979
tAge,Th17,FAM184B,4.719363884
tAge,Th17,FAM193A,-0.233599941
tAge,Th17,FAM41C,-3.61057263
tAge,Th17,FAM83G,6.80696009
tAge,Th17,FAM91A1,0.176981779
tAge,Th17,FAM9C,-21.69230312
tAge,Th17,FAN1,-0.703500747
tAge,Th17,FASTKD3,0.240799659
tAge,Th17,FAT3,-8.72983729
tAge,Th17,FBLIM1,-13.46629592
tAge,Th17,FBLN2,1.774712401
tAge,Th17,FBN1,3.207117579
tAge,Th17,FBP1,-9.442754004
tAge,Th17,FBXO2,-4.878102331
tAge,Th17,FBXO40,-5.502294943
tAge,Th17,FCHO2,-0.267805283
tAge,Th17,FCRL6,2.255938637
tAge,Th17,FDX2,-3.27471795
tAge,Th17,FER1L5,34.39064062
tAge,Th17,FER1L6,17.74790911
tAge,Th17,FIRRE,-1.020765069
tAge,Th17,FLI1,-0.769490412
tAge,Th17,FLNB,-2.231478115
tAge,Th17,FLVCR1,-0.816089686
tAge,Th17,FMO4,1.947248336
tAge,Th17,FN3K,4.051633055
tAge,Th17,FNBP1,-0.22907783
tAge,Th17,FNIP2,-0.176456639
tAge,Th17,FOXP1,1.581937462
tAge,Th17,FSTL4,-0.032943004
tAge,Th17,FUT4,-4.731410202
tAge,Th17,FXN,-0.759396919
tAge,Th17,FXYD6-FXYD2,26.94540223
tAge,Th17,GAB3,-0.747557046
tAge,Th17,GABPB1-AS1,-0.781771937
tAge,Th17,GABPB2,0.418991757
tAge,Th17,GABRA3,4.150409664
tAge,Th17,GAS7,-3.590200078
tAge,Th17,GAS8,0.922460878
tAge,Th17,GATAD1,0.908415455
tAge,Th17,GBGT1,10.8104692
tAge,Th17,GCDH,-0.915310489
tAge,Th17,GCSAM,0.08565238
tAge,Th17,GDAP2,2.099868841
tAge,Th17,GDPD3,1.161851821
tAge,Th17,GGACT,0.882229078
tAge,Th17,GLI3,0.623569783
tAge,Th17,GLO1,-0.636563809
tAge,Th17,GNB4,-1.805720649
tAge,Th17,GNG7,-0.692139145
tAge,Th17,GOLGA8M,38.87683295
tAge,Th17,GOLIM4,-2.993217556
tAge,Th17,GPC4,2.448582853
tAge,Th17,GPHN,0.074294756
tAge,Th17,GPN1,-1.103799911
tAge,Th17,GPR160,0.849818881
tAge,Th17,GPSM2,-2.142803578
tAge,Th17,GREM2,1.060666763
tAge,Th17,GRXCR1,3.362526281
tAge,Th17,GTF2H5,1.000474722
tAge,Th17,GTF2I,-0.399626189
tAge,Th17,GUCY1B1,-22.51580365
tAge,Th17,HADHA,-0.658095527
tAge,Th17,HBB,0.459897014
tAge,Th17,HHIP,11.00257341
tAge,Th17,HHIPL1,-34.56919185
tAge,Th17,HIPK1-AS1,-0.04682108
tAge,Th17,HIRIP3,-0.427032693
tAge,Th17,HIST1H3A,-1.642381307
tAge,Th17,HIVEP1,0.573423491
tAge,Th17,HK1,-0.193316256
tAge,Th17,HLA-DQB1,1.570037986
tAge,Th17,HM13-AS1,-18.62528221
tAge,Th17,HOXA9,23.00593244
tAge,Th17,HPGD,-0.77270004
tAge,Th17,HPS3,-0.248765201
tAge,Th17,HTT-AS,10.2209696
tAge,Th17,HUNK,6.888743726
tAge,Th17,IFFO2,0.368787985
tAge,Th17,IFIT1B,-22.10484037
tAge,Th17,IGFBP3,3.885080035
tAge,Th17,IGHA2,2.299865392
tAge,Th17,IGHE,-20.34779309
tAge,Th17,IGHV3-13,3.520825943
tAge,Th17,IGKV1OR1-1,19.11757385
tAge,Th17,IGKV2-28,0.072305374
tAge,Th17,IGLC2,4.671131898
tAge,Th17,IGLJ3,-26.79999409
tAge,Th17,IGLV5-45,-1.459420059
tAge,Th17,IKZF2,-0.290604535
tAge,Th17,IL10,0.91811046
tAge,Th17,IL21-AS1,-3.297738333
tAge,Th17,IL21R,0.463092813
tAge,Th17,IL6ST,0.363705689
tAge,Th17,IMMP1L,0.598040299
tAge,Th17,INIP,-0.579261492
tAge,Th17,INMT-MINDY4,-9.186827553
tAge,Th17,INPP4B,0.198551261
tAge,Th17,INPP5D,-0.665169358
tAge,Th17,INSC,-8.808207944
tAge,Th17,INSR,1.064677802
tAge,Th17,ISY1,-0.289705623
tAge,Th17,ITGA4,-1.698525639
tAge,Th17,ITGB5-AS1,-34.68295548
tAge,Th17,ITM2A,-0.181751553
tAge,Th17,ITPA,-0.972474617
tAge,Th17,ITPR1,0.632804798
tAge,Th17,JAGN1,-0.883942084
tAge,Th17,JAK1,-0.545362553
tAge,Th17,JAKMIP2,0.050947881
tAge,Th17,JPH3,-11.18563512
tAge,Th17,KATNAL1,0.942100157
tAge,Th17,KCNN3,14.01105072
tAge,Th17,KCNQ3,0.702781203
tAge,Th17,KCTD3,0.865463916
tAge,Th17,KIAA1614,9.135451075
tAge,Th17,KIF17,-51.78975285
tAge,Th17,KIF5C,-0.372708876
tAge,Th17,KIFC2,2.490159727
tAge,Th17,KLF9,-0.416798445
tAge,Th17,KLHL15,-0.375971685
tAge,Th17,KPNA5,0.50540311
tAge,Th17,KRT10,-0.969177077
tAge,Th17,L3MBTL1,-2.036214382
tAge,Th17,LAMTOR3,0.861832474
tAge,Th17,LATS2,-0.566721018
tAge,Th17,LCLAT1,-0.263470621
tAge,Th17,LIN7B,0.326981128
tAge,Th17,LINC00383,7.714863121
tAge,Th17,LINC00402,0.682916581
tAge,Th17,LINC00628,29.01162755
tAge,Th17,LINC00857,22.67135159
tAge,Th17,LINC00891,-2.05462379
tAge,Th17,LINC00970,18.79769681
tAge,Th17,LINC01058,17.37984971
tAge,Th17,LINC01182,1.226257768
tAge,Th17,LINC01219,-22.85779853
tAge,Th17,LINC01337,-4.558967202
tAge,Th17,LINC01356,-363.0912728
tAge,Th17,LINC01588,1.355876309
tAge,Th17,LINC01644,-1.664910652
tAge,Th17,LINC01684,3.585924583
tAge,Th17,LINC01727,0.02140134
tAge,Th17,LINC01857,11.26563224
tAge,Th17,LINC01873,3.461793896
tAge,Th17,LINC01934,-1.11337833
tAge,Th17,LINC01962,-55.54760318
tAge,Th17,LINC02029,-2.129476853
tAge,Th17,LINC02113,70.60147082
tAge,Th17,LINC02195,9.16916534
tAge,Th17,LINC02502,-20.24829698
tAge,Th17,LINC02572,6.827398792
tAge,Th17,LRGUK,2.159891455
tAge,Th17,LRRC73,-26.70771686
tAge,Th17,LRRTM4,-3.695298521
tAge,Th17,LSMEM2,23.30293056
tAge,Th17,LTK,-1.15360186
tAge,Th17,LYPLA2,-0.634377251
tAge,Th17,LZTR1,1.352841231
tAge,Th17,MACC1,-1.403411251
tAge,Th17,MAD2L1BP,2.934217832
tAge,Th17,MAGEH1,5.145879302
tAge,Th17,MAGI1,-1.7812252
tAge,Th17,MAML3,-0.73578189
tAge,Th17,MANSC4,-6.380172982
tAge,Th17,MAP2,1.225635287
tAge,Th17,MAP3K20,-0.917566591
tAge,Th17,MATN3,67.04094298
tAge,Th17,MB21D2,0.287711553
tAge,Th17,MBNL1,0.286315267
tAge,Th17,MCMBP,-0.944448859
tAge,Th17,MED20,3.122722716
tAge,Th17,MED26,12.09551258
tAge,Th17,MEIOC,0.402684392
tAge,Th17,MEOX1,1.287894258
tAge,Th17,METTL25,-0.318591413
tAge,Th17,MFSD6,0.811450651
tAge,Th17,MGAT5,-0.978420783
tAge,Th17,MICU3,0.830873722
tAge,Th17,MIOS,-0.248865401
tAge,Th17,MIR222HG,0.95658372
tAge,Th17,MIR34AHG,4.381644934
tAge,Th17,MIR99AHG,-2.701403261
tAge,Th17,MIRLET7BHG,2.842506008
tAge,Th17,MMP19,-36.43866124
tAge,Th17,MMP28,1.616875081
tAge,Th17,MORC1,87.86642279
tAge,Th17,MS4A4A,5.381620911
tAge,Th17,MSRA,0.126257442
tAge,Th17,MT1X,-0.345413872
tAge,Th17,MTERF1,0.269117234
tAge,Th17,MTERF2,2.275513669
tAge,Th17,MTFMT,-0.567729631
tAge,Th17,MYH13,-1.135714359
tAge,Th17,MYNN,-0.096482935
tAge,Th17,MYO16-AS1,18.29655768
tAge,Th17,NALCN,-0.658305783
tAge,Th17,NAP1L5,-3.111575045
tAge,Th17,NAXD,-1.617819068
tAge,Th17,NCALD,-1.797200877
tAge,Th17,NCAN,204.077843
tAge,Th17,NCKAP1,-0.694608253
tAge,Th17,NDFIP2-AS1,-5.584569543
tAge,Th17,NEK1,0.776569232
tAge,Th17,NEK11,0.025012957
tAge,Th17,NELL2,0.122720141
tAge,Th17,NEXMIF,0.581071139
tAge,Th17,NFKBIL1,3.502941482
tAge,Th17,NIFK,-1.754600473
tAge,Th17,NIT2,-2.223129855
tAge,Th17,NLGN4Y,0.524786528
tAge,Th17,NMRAL1,-0.208030849
tAge,Th17,NOL4L,-0.840111586
tAge,Th17,NOLC1,-0.150688853
tAge,Th17,NPDC1,1.016407642
tAge,Th17,NPEPPS,-0.242173226
tAge,Th17,NR1I2,-0.859000894
tAge,Th17,NRBP2,-0.793648209
tAge,Th17,NSD2,-0.675183096
tAge,Th17,NSUN2,-1.015801987
tAge,Th17,NUDT18,0.635304201
tAge,Th17,NUGGC,0.14978879
tAge,Th17,OBSCN,-1.787431544
tAge,Th17,OMG,2.602341536
tAge,Th17,OSBPL3,0.787596627
tAge,Th17,OSBPL8,-0.355299903
tAge,Th17,OTUD7B,-0.62514138
tAge,Th17,PAICS,-1.40874447
tAge,Th17,PARD6B,-1.055101051
tAge,Th17,PAWR,-3.427791015
tAge,Th17,PAX6,39.49227552
tAge,Th17,PCCA-AS1,1.204743691
tAge,Th17,PCDHGA10,0.977694711
tAge,Th17,PDE4D,-0.832208021
tAge,Th17,PDE5A,0.757007252
tAge,Th17,PDE9A,-1.238505386
tAge,Th17,PDXK,-1.241098526
tAge,Th17,PEA15,-1.881712161
tAge,Th17,PEAK1,-0.712660699
tAge,Th17,PFKFB4,-6.92194163
tAge,Th17,PHLDB1,6.687433854
tAge,Th17,PHOSPHO1,4.054005741
tAge,Th17,PHTF1,0.262385304
tAge,Th17,PIK3IP1,-0.422175738
tAge,Th17,PIK3R5,-0.122786646
tAge,Th17,PITPNC1,-0.4899826
tAge,Th17,PKN2,-0.558539252
tAge,Th17,PLN,7.851375012
tAge,Th17,PLPP1,0.367906154
tAge,Th17,PLPP3,2.77508517
tAge,Th17,POF1B,1.610835694
tAge,Th17,POMGNT2,0.01957891
tAge,Th17,PPCS,-1.162530319
tAge,Th17,PPFIBP1,1.162366657
tAge,Th17,PPFIBP2,0.688934896
tAge,Th17,PPIAL4C,5.531154899
tAge,Th17,PPM1D,0.07975363
tAge,Th17,PPP1R1C,-9.344176545
tAge,Th17,PPP2R2D,0.823822956
tAge,Th17,PPP2R5B,1.733831215
tAge,Th17,PPT1,-1.969599697
tAge,Th17,PPTC7,-1.053345081
tAge,Th17,PRAF2,0.579662779
tAge,Th17,PRELID1,-2.387751821
tAge,Th17,PREP,-0.182434058
tAge,Th17,PRKD3,-1.087114092
tAge,Th17,PRPF40B,-0.341214502
tAge,Th17,PRPF8,-0.253421047
tAge,Th17,PRPSAP2,-1.208803558
tAge,Th17,PRR5-ARHGAP8,-0.847053128
tAge,Th17,PRSS16,16.60793531
tAge,Th17,PSD3,0.047216673
tAge,Th17,PSME4,-1.06488722
tAge,Th17,PSTK,0.411105606
tAge,Th17,PTGS1,35.72932144
tAge,Th17,PTK2,1.113338332
tAge,Th17,PTPN22,0.193424669
tAge,Th17,PTPRH,-15.21222296
tAge,Th17,PTPRM,-1.130995017
tAge,Th17,PURPL,12.62483956
tAge,Th17,PVT1,1.142162787
tAge,Th17,PXDNL,-0.489350754
tAge,Th17,RAB11FIP4,-0.708068611
tAge,Th17,RAB32,14.2992133
tAge,Th17,RAB4A,-1.552047328
tAge,Th17,RAB8A,-0.222472076
tAge,Th17,RAPGEF1,-0.680582753
tAge,Th17,RAPGEF5,-4.060667278
tAge,Th17,RASA2,-0.030187402
tAge,Th17,RASSF4,-3.586208003
tAge,Th17,RASSF6,0.555959363
tAge,Th17,RAVER2,-0.211597322
tAge,Th17,RBMS3,-1.285910826
tAge,Th17,RBMX,-1.109921354
tAge,Th17,RDH11,-3.513994146
tAge,Th17,RELT,0.083264632
tAge,Th17,RENBP,9.291078006
tAge,Th17,RERG,14.38687168
tAge,Th17,REST,-0.550380996
tAge,Th17,RETREG1,0.548256609
tAge,Th17,RFC2,2.810872514
tAge,Th17,RFPL1,147.5992238
tAge,Th17,RFWD3,0.920095139
tAge,Th17,RFX3,0.907079565
tAge,Th17,RGS6,-0.290530878
tAge,Th17,RHBDF2,-0.799419486
tAge,Th17,RIC3,1.692944839
tAge,Th17,RIC8B,1.0766586
tAge,Th17,RNF135,-1.297945405
tAge,Th17,RNF138,0.998489519
tAge,Th17,RNF144A,-0.448543078
tAge,Th17,RNF24,0.62107673
tAge,Th17,RNF44,1.2386573
tAge,Th17,RNFT2,1.13545467
tAge,Th17,RPAP2,-0.103421411
tAge,Th17,RPL38,0.094347623
tAge,Th17,RPL4,-0.172608263
tAge,Th17,RPS27L,1.186453719
tAge,Th17,RRAS,-2.301143254
tAge,Th17,RSPH10B2,-11.22353373
tAge,Th17,RUNDC3B,4.461422797
tAge,Th17,RUNX3,-0.767704079
tAge,Th17,SAMD12,0.176222105
tAge,Th17,SAMD3,-0.62616536
tAge,Th17,SAP30L,-0.394847654
tAge,Th17,SASS6,-0.863709473
tAge,Th17,SATB1,-0.270917239
tAge,Th17,SCAMP5,-0.068266165
tAge,Th17,SCARB2,-0.535592576
tAge,Th17,SCCPDH,-1.775874763
tAge,Th17,SCRN1,-2.795828141
tAge,Th17,SCRN2,-2.119630915
tAge,Th17,SCYGR2,46.21772013
tAge,Th17,SDC3,-21.61032326
tAge,Th17,SDK1,-5.916175277
tAge,Th17,SEC22B,-0.058329345
tAge,Th17,SEC24D,-1.715212843
tAge,Th17,SEH1L,-0.70181033
tAge,Th17,SEMA7A,3.190420558
tAge,Th17,SENP2,0.289174844
tAge,Th17,SERINC5,-0.584658258
tAge,Th17,SESN3,0.106976941
tAge,Th17,SH3BGR,4.064816945
tAge,Th17,SHANK2,-27.3850933
tAge,Th17,SHTN1,1.321777815
tAge,Th17,SIPA1L1,-0.531554045
tAge,Th17,SIX5,46.27034525
tAge,Th17,SLC12A2,-0.89275979
tAge,Th17,SLC12A9,3.092080644
tAge,Th17,SLC14A1,0.104192742
tAge,Th17,SLC25A1,5.269580655
tAge,Th17,SLC25A21,2.321886104
tAge,Th17,SLC25A33,-1.491261745
tAge,Th17,SLC30A8,-0.593600608
tAge,Th17,SLC36A4,-0.207086359
tAge,Th17,SLC39A4,-7.785354003
tAge,Th17,SLC43A3,-6.345573209
tAge,Th17,SLC4A10,-0.23427079
tAge,Th17,SLC4A11,47.88872958
tAge,Th17,SLC9A8,1.27147708
tAge,Th17,SLCO1B1,37.80152192
tAge,Th17,SLITRK4,-32.21157759
tAge,Th17,SLITRK5,0.100577689
tAge,Th17,SNCAIP,-12.91791149
tAge,Th17,SNRK,-1.214786692
tAge,Th17,SNRPA1,-0.221472841
tAge,Th17,SNX5,-0.796720374
tAge,Th17,SPART,1.835745304
tAge,Th17,SPDYE1,-8.592994683
tAge,Th17,SPG7,-0.190295828
tAge,Th17,SPINK13,-1.413481567
tAge,Th17,SPRED2,2.054986728
tAge,Th17,SPRYD3,-0.022591844
tAge,Th17,SRPK2,-0.9730912
tAge,Th17,SSBP3,-0.484369714
tAge,Th17,SSH2,-1.211857993
tAge,Th17,SSR2,-0.371327444
tAge,Th17,STAM,0.110916349
tAge,Th17,STAMBP,0.086661324
tAge,Th17,STEAP1B,-0.701418683
tAge,Th17,STK25,2.064863249
tAge,Th17,STK26,-1.011707873
tAge,Th17,STRAP,-0.379167015
tAge,Th17,STRN,-0.259181758
tAge,Th17,STX1B,16.90522078
tAge,Th17,STYK1,-3.332078382
tAge,Th17,STYXL1,0.408923348
tAge,Th17,SUCLA2,-1.906860436
tAge,Th17,SULT2B1,2.231739502
tAge,Th17,SYNE2,1.064631101
tAge,Th17,SYPL1,0.505838247
tAge,Th17,SYT1,5.388372801
tAge,Th17,TAC4,0.733442231
tAge,Th17,TAF1A-AS1,1.965302715
tAge,Th17,TANK,0.723950673
tAge,Th17,TCF19,6.847689002
tAge,Th17,TCF7L2,-1.976355496
tAge,Th17,TESPA1,0.26870707
tAge,Th17,TFAP4,-1.227333688
tAge,Th17,TGFB2,8.664668243
tAge,Th17,THAP11,-1.546438339
tAge,Th17,THOC7-AS1,17.05995155
tAge,Th17,THSD8,-0.269671216
tAge,Th17,THUMPD3-AS1,-0.049124628
tAge,Th17,TIAM1,1.001170047
tAge,Th17,TICRR,41.20072455
tAge,Th17,TIGD6,7.280640529
tAge,Th17,TLE2,-0.069810005
tAge,Th17,TM2D2,-0.692404296
tAge,Th17,TMA16,-0.653413604
tAge,Th17,TMEM243,-0.89672972
tAge,Th17,TMEM244,-2.445827393
tAge,Th17,TMEM254,0.752948175
tAge,Th17,TMEM254-AS1,1.169073246
tAge,Th17,TMEM273,-0.781612805
tAge,Th17,TMEM50B,0.118477492
tAge,Th17,TMEM60,2.880425543
tAge,Th17,TMIGD2,-4.459816324
tAge,Th17,TNFRSF21,-6.80238207
tAge,Th17,TNS2,-1.127296457
tAge,Th17,TOX,-0.074931182
tAge,Th17,TPH1,0.626910982
tAge,Th17,TPK1,0.343412422
tAge,Th17,TPRG1,0.405266093
tAge,Th17,TPRKB,0.616615629
tAge,Th17,TPTEP2-CSNK1E,-0.366441186
tAge,Th17,TRABD2A,0.174117262
tAge,Th17,TRAJ29,2.035818355
tAge,Th17,TRAPPC13,0.122069469
tAge,Th17,TRAPPC3,-1.779466691
tAge,Th17,TRAV1-2,-1.654083041
tAge,Th17,TRAV12-1,-1.142463593
tAge,Th17,TRAV5,-0.66453036
tAge,Th17,TRBV25-1,-2.893858426
tAge,Th17,TRBV27,-3.382745531
tAge,Th17,TRBV28,0.045234422
tAge,Th17,TRIB1,3.883304212
tAge,Th17,TRIM17,11.36956387
tAge,Th17,TRIM56,0.265018947
tAge,Th17,TRIM66,1.799117876
tAge,Th17,TRIOBP,-1.883125577
tAge,Th17,TRMT112,2.194085174
tAge,Th17,TRPM3,-13.21441893
tAge,Th17,TSC22D3,-0.182683869
tAge,Th17,TSHR,0.694439578
tAge,Th17,TSHZ2,0.038698686
tAge,Th17,TSNAXIP1,41.21839288
tAge,Th17,TST,10.51568879
tAge,Th17,TTC39B,-0.79597036
tAge,Th17,TUBA4A,-1.365427667
tAge,Th17,TXLNB,-1.41764285
tAge,Th17,UBE2A,-0.365889198
tAge,Th17,UBE2E2,1.15563442
tAge,Th17,UBE2H,-0.790934204
tAge,Th17,UBE2K,-0.295656828
tAge,Th17,UBE2V1,-0.278218472
tAge,Th17,UBE4A,-0.517711265
tAge,Th17,UCK2,-2.586881805
tAge,Th17,UFD1,-0.411607092
tAge,Th17,UGCG,0.989558945
tAge,Th17,UGT8,2.580079089
tAge,Th17,UROS,0.859607167
tAge,Th17,USP30,-1.459783173
tAge,Th17,USP6,4.875506287
tAge,Th17,USP6NL,2.656780416
tAge,Th17,VCAN-AS1,31.20401962
tAge,Th17,VNN1,36.64493708
tAge,Th17,VPREB3,-6.056074979
tAge,Th17,VPS13B,0.358591498
tAge,Th17,VPS29,0.088593295
tAge,Th17,VPS36,-0.386518952
tAge,Th17,VSIG4,34.48004553
tAge,Th17,VWDE,1.480010504
tAge,Th17,WFDC10B,-49.19438897
tAge,Th17,WRAP73,-0.294861863
tAge,Th17,WWC2,-0.201369866
tAge,Th17,XIAP-AS1,-3.285437913
tAge,Th17,YIF1B,-1.876509426
tAge,Th17,ZBTB20-AS5,0.382457275
tAge,Th17,ZBTB37,-0.672947382
tAge,Th17,ZBTB43,1.202735837
tAge,Th17,ZBTB7C,7.0243167
tAge,Th17,ZCCHC14,-0.812878735
tAge,Th17,ZCCHC9,1.206652017
tAge,Th17,ZDHHC14,-0.886565536
tAge,Th17,ZFHX3,-3.687596275
tAge,Th17,ZIK1,-3.578039452
tAge,Th17,ZMYND10-AS1,44.70406674
tAge,Th17,ZNF223,-0.318086261
tAge,Th17,ZNF229,-3.17096172
tAge,Th17,ZNF296,8.874336137
tAge,Th17,ZNF341,-3.296387697
tAge,Th17,ZNF462,-0.129802459
tAge,Th17,ZNF467,-14.61965797
tAge,Th17,ZNF486,-2.241527294
tAge,Th17,ZNF572,1.278000183
tAge,Th17,ZNF576,0.450286756
tAge,Th17,ZNF586,-1.209015834
tAge,Th17,ZNF618,-2.324131133
tAge,Th17,ZNF662,-13.62755319
tAge,Th17,ZNF670,-0.51037584
tAge,Th17,ZNF670-ZNF695,-6.754485577
tAge,Th17,ZNF770,-1.137831117
tAge,Th17,ZNF789,-1.159800369
tAge,Th17,ZNF804A,-12.52949117
tAge,Th17,ZNF827,-1.003889699
tAge,Th17,ZNHIT3,-1.540486591
tAge,Th1,(Intercept),74.00877493
tAge,Th1,AACS,-0.008055291
tAge,Th1,AASDHPPT,-0.416739382
tAge,Th1,AASS,1.153764105
tAge,Th1,ABCG2,2.463247159
tAge,Th1,ABLIM1,-0.096621705
tAge,Th1,ACTN1,-0.895574034
tAge,Th1,ACTRT3,-0.260809903
tAge,Th1,ACVR1C,0.093937154
tAge,Th1,ACVR2A,1.219677714
tAge,Th1,ADAM17,0.429545066
tAge,Th1,ADAM22,0.358472855
tAge,Th1,ADAM23,0.912679579
tAge,Th1,ADAMTS10,-0.456968511
tAge,Th1,ADAMTS4,-3.860576256
tAge,Th1,ADGRL1,-1.43257831
tAge,Th1,ADIPOR2,-0.616861784
tAge,Th1,ADK,-0.475810581
tAge,Th1,ADRA2B,10.55829012
tAge,Th1,AFAP1L1,30.83953035
tAge,Th1,AGBL4,0.181774291
tAge,Th1,ALDH3B1,12.18696613
tAge,Th1,ALKBH3-AS1,14.95713924
tAge,Th1,ANAPC4,0.637950762
tAge,Th1,ANKRD33B,0.209975967
tAge,Th1,ANKRD36,0.820709875
tAge,Th1,ANO7,-9.228466518
tAge,Th1,ANPEP,-6.888014275
tAge,Th1,ANTXR2,0.791214937
tAge,Th1,ANXA11,-0.293308822
tAge,Th1,AP1G1,0.157496029
tAge,Th1,APBA1,0.647529255
tAge,Th1,ARHGAP10,-1.124602407
tAge,Th1,ARHGAP15,-0.223723096
tAge,Th1,ARHGAP23,38.66032182
tAge,Th1,ARHGEF10L,-5.897262105
tAge,Th1,ARID4B,0.671927417
tAge,Th1,ARID5B,0.172330692
tAge,Th1,ARIH2OS,1.774199498
tAge,Th1,ARMC3,-42.45935334
tAge,Th1,ARSG,0.785709681
tAge,Th1,ATCAY,35.00278373
tAge,Th1,ATP10A,-1.1268713
tAge,Th1,ATP6V0B,1.41569773
tAge,Th1,ATP6V0D1,2.481058414
tAge,Th1,ATP6V0E1,0.579651709
tAge,Th1,ATXN1,0.753174177
tAge,Th1,AUTS2,-1.110696585
tAge,Th1,AVEN,-0.063340004
tAge,Th1,AVPR1A,-69.36500552
tAge,Th1,B3GNT5,-5.429280826
tAge,Th1,BIN2,-0.129431862
tAge,Th1,BNIP1,-0.266515621
tAge,Th1,BPHL,1.221495552
tAge,Th1,BRWD1,-0.254550483
tAge,Th1,BTBD9,-1.141953949
tAge,Th1,C14orf132,9.72780062
tAge,Th1,C18orf32,-0.023245731
tAge,Th1,C6orf118,15.49112044
tAge,Th1,CAAP1,-2.527074549
tAge,Th1,CAMK4,-0.858013291
tAge,Th1,CAMSAP2,-0.292672294
tAge,Th1,CAPN10-DT,-2.263311127
tAge,Th1,CAPS2,0.155685726
tAge,Th1,CARF,-0.073469621
tAge,Th1,CASC18,140.8296691
tAge,Th1,CASS4,1.36543132
tAge,Th1,CAST,-0.05679488
tAge,Th1,CBFB,0.65929684
tAge,Th1,CBR4,0.856265037
tAge,Th1,CBX8,1.246599719
tAge,Th1,CCDC121,-6.836319103
tAge,Th1,CCDC171,-1.106814511
tAge,Th1,CCDC50,-1.134825993
tAge,Th1,CCDC68,-27.04258775
tAge,Th1,CCL18,-63.84881226
tAge,Th1,CCND3,-0.557902625
tAge,Th1,CCT2,-0.147301576
tAge,Th1,CD163,-19.00942034
tAge,Th1,CD247,-2.554213485
tAge,Th1,CD36,8.172403966
tAge,Th1,CD46,-0.128334727
tAge,Th1,CD84,0.23595322
tAge,Th1,CD99L2,-0.058201045
tAge,Th1,CDCA7,0.457127668
tAge,Th1,CDH1,6.808531433
tAge,Th1,CDH20,-14.68902116
tAge,Th1,CDKN2C,2.688447541
tAge,Th1,CEACAM1,3.021663967
tAge,Th1,CEBPD,-3.544011793
tAge,Th1,CELF2,-0.388591204
tAge,Th1,CEP112,0.100059555
tAge,Th1,CEP295NL,-2.28862692
tAge,Th1,CEP63,-0.944050711
tAge,Th1,CERS6,-0.640090502
tAge,Th1,CFAP77,-0.61712237
tAge,Th1,CFH,0.846279875
tAge,Th1,CHML,-0.723916633
tAge,Th1,CHN1,0.148291527
tAge,Th1,CHODL-AS1,-0.315281524
tAge,Th1,CHST2,-9.865887181
tAge,Th1,CLEC9A,18.5410692
tAge,Th1,CLIC5,0.202051838
tAge,Th1,CLVS1,-1.453518195
tAge,Th1,CNKSR3,7.18118586
tAge,Th1,CNST,-1.946418526
tAge,Th1,COG6,-0.284952109
tAge,Th1,COIL,-1.137394824
tAge,Th1,COL4A1,23.75146761
tAge,Th1,CPEB4,2.290060795
tAge,Th1,CPNE8,1.139980644
tAge,Th1,CR1,-2.091026346
tAge,Th1,CR2,-1.958698743
tAge,Th1,CRACR2A,-0.268094052
tAge,Th1,CRB1,-1.266847539
tAge,Th1,CRTC3,-0.169425112
tAge,Th1,CRYM,57.10290748
tAge,Th1,CTLA4,-1.152562602
tAge,Th1,CTNNAL1,0.482992839
tAge,Th1,CUL4A,-0.477238228
tAge,Th1,CX3CR1,1.747014288
tAge,Th1,CXCL2,-52.67615319
tAge,Th1,CYBRD1,-3.31341139
tAge,Th1,CYSLTR1,0.493601
tAge,Th1,CYSLTR2,1.818621592
tAge,Th1,CYTH1,-1.168257163
tAge,Th1,CYTH3,-0.036359472
tAge,Th1,DAPK3,2.820536825
tAge,Th1,DGKD,-0.029305178
tAge,Th1,DHDDS,0.026788145
tAge,Th1,DHRS7B,-0.894604354
tAge,Th1,DIP2B,-1.009082759
tAge,Th1,DIRC3,-1.033097646
tAge,Th1,DLD,-0.039249719
tAge,Th1,DMTF1,0.670984716
tAge,Th1,DMXL2,1.320781698
tAge,Th1,DNAJB2,-1.695335728
tAge,Th1,DNAJB7,-3.891496708
tAge,Th1,DNAJC25,-1.26691205
tAge,Th1,DNMBP-AS1,-2.160719385
tAge,Th1,DNMT3A,-0.415675511
tAge,Th1,DOCK5,0.219855316
tAge,Th1,DRC3,5.918958569
tAge,Th1,DSCAML1,0.706108806
tAge,Th1,DTWD1,0.383358418
tAge,Th1,DYSF,-1.913092411
tAge,Th1,EDA,0.139928203
tAge,Th1,EDA2R,12.80955354
tAge,Th1,EDN3,3.802395302
tAge,Th1,EEF1AKMT4,-1.861385432
tAge,Th1,EIF2S3,-0.031638496
tAge,Th1,ELK4,-1.208431794
tAge,Th1,ELP3,0.308357825
tAge,Th1,EMC9,2.171692657
tAge,Th1,ENG,1.731630482
tAge,Th1,EPB41,-0.335061671
tAge,Th1,EPC2,1.127037169
tAge,Th1,EPS8,0.83649809
tAge,Th1,EPS8L1,15.57280471
tAge,Th1,ERGIC1,-0.496815621
tAge,Th1,ESF1,-0.055265155
tAge,Th1,ESYT2,-0.898394275
tAge,Th1,FAHD2B,-4.843731048
tAge,Th1,FAM13A,0.15661367
tAge,Th1,FAM167B,28.46011667
tAge,Th1,FAM184B,3.917006536
tAge,Th1,FAM30A,-4.322137735
tAge,Th1,FAM43A,0.712118152
tAge,Th1,FAM66B,-0.155979641
tAge,Th1,FAM76B,-1.057575313
tAge,Th1,FBH1,-0.984160154
tAge,Th1,FCHO2,-0.311477584
tAge,Th1,FCHSD2,-0.255277536
tAge,Th1,FCMR,-0.491642379
tAge,Th1,FES,2.003697635
tAge,Th1,FGF14,1.572215214
tAge,Th1,FKRP,0.210907938
tAge,Th1,FLNB,-1.382321343
tAge,Th1,FLVCR1,2.326969816
tAge,Th1,FOXD2-AS1,15.09678505
tAge,Th1,FREM1,2.829093414
tAge,Th1,FRMD3,0.742679791
tAge,Th1,FRMD4A,-2.757543618
tAge,Th1,FRMD4B,0.400392111
tAge,Th1,FRY,0.401728148
tAge,Th1,GAB2,0.381559982
tAge,Th1,GALNT17,-18.94466918
tAge,Th1,GATA3,0.753626931
tAge,Th1,GATAD1,-0.432147767
tAge,Th1,GDPD5,1.879605764
tAge,Th1,gender,0.038224178
tAge,Th1,GLB1L3,0.293637107
tAge,Th1,GLRA1,1.846273203
tAge,Th1,GLS2,3.747496414
tAge,Th1,GLTP,0.474454122
tAge,Th1,GLUL,3.061684164
tAge,Th1,GMCL1,-0.79476206
tAge,Th1,GNA14,10.68550621
tAge,Th1,GNE,1.34184828
tAge,Th1,GOLM1,2.244891196
tAge,Th1,GPA33,-0.000312484
tAge,Th1,GPHN,0.73004286
tAge,Th1,GPR143,16.79505861
tAge,Th1,GREM2,1.030052473
tAge,Th1,GRIA4,5.624360277
tAge,Th1,GRIN3B,41.09481605
tAge,Th1,GTF2F2,-0.386074097
tAge,Th1,HAGH,2.218864032
tAge,Th1,HBG2,-18.574216
tAge,Th1,HCAR3,53.16943186
tAge,Th1,HCLS1,1.561889305
tAge,Th1,HCRTR1,16.41642275
tAge,Th1,HDGF,-1.305381609
tAge,Th1,HEATR1,1.510607741
tAge,Th1,HIBCH,-0.035997204
tAge,Th1,HIC1,4.941540852
tAge,Th1,HIST1H1B,-6.438145695
tAge,Th1,HIST1H2AL,-2.135884211
tAge,Th1,HIST1H3A,-0.549724633
tAge,Th1,HIST2H2AC,1.324701296
tAge,Th1,HLA-DPB1,2.347568107
tAge,Th1,HLA-DRB1,1.382880851
tAge,Th1,HLA-DRB5,3.531389376
tAge,Th1,HLX,45.09948257
tAge,Th1,HMCES,-1.09998978
tAge,Th1,HMG20B,-0.772387281
tAge,Th1,HNRNPUL2,3.170138326
tAge,Th1,HOXA1,22.70409536
tAge,Th1,HOXB5,21.13119492
tAge,Th1,HPS6,2.65760679
tAge,Th1,HS6ST2,-30.11471496
tAge,Th1,HSD11B2,-36.71640369
tAge,Th1,HSD17B13,-2.185877472
tAge,Th1,HSPA4,-0.398805428
tAge,Th1,HYAL4,-10.04952951
tAge,Th1,IBA57-DT,12.21886373
tAge,Th1,IFITM2,1.272350246
tAge,Th1,IGF1R,-0.918455212
tAge,Th1,IGFBP3,1.132409657
tAge,Th1,IGHJ3,45.83714734
tAge,Th1,IGHV1-45,20.12032573
tAge,Th1,IGHV3-23,-0.454661232
tAge,Th1,IGHV3-72,11.11337365
tAge,Th1,IGKV1-12,-0.199413938
tAge,Th1,IGKV3-15,4.772758337
tAge,Th1,IGLC3,-11.62774989
tAge,Th1,IKZF2,-1.302353218
tAge,Th1,IKZF3,-0.391737339
tAge,Th1,IL20RB-AS1,-0.022785347
tAge,Th1,IL9R,18.19571174
tAge,Th1,ILKAP,-0.157698517
tAge,Th1,INPP5D,-0.723294176
tAge,Th1,INTS4,-0.466881212
tAge,Th1,INTS6-AS1,-0.400931046
tAge,Th1,IPCEF1,-0.561358326
tAge,Th1,ISG20L2,-0.102421592
tAge,Th1,ISOC2,3.545584569
tAge,Th1,ITGAE,-2.028568904
tAge,Th1,ITGAV,-0.092935896
tAge,Th1,ITPKA,34.941329
tAge,Th1,IVD,-0.03713019
tAge,Th1,IZUMO4,7.639824385
tAge,Th1,JAK1,-0.463294461
tAge,Th1,JAKMIP1,0.311388846
tAge,Th1,KAT8,-0.496725127
tAge,Th1,KATNAL1,0.251854601
tAge,Th1,KCNE5,15.96463768
tAge,Th1,KCNK13,2.86845303
tAge,Th1,KCNMB4,-1.646652833
tAge,Th1,KCNQ1OT1,1.211609714
tAge,Th1,KCNQ5,-0.061017856
tAge,Th1,KEAP1,2.841417905
tAge,Th1,KIF13A,0.620969134
tAge,Th1,KIR3DL1,1.005068399
tAge,Th1,KLK2,36.27909394
tAge,Th1,KLKB1,-0.17977109
tAge,Th1,KLRB1,-0.809928088
tAge,Th1,KLRC1,-1.502843356
tAge,Th1,KLRD1,-0.987871043
tAge,Th1,KLRK1,-0.330414554
tAge,Th1,KMT2E,0.175194943
tAge,Th1,KRBOX1-AS1,72.32534847
tAge,Th1,L3MBTL1,-1.472236107
tAge,Th1,LANCL3,-4.210126016
tAge,Th1,LDLRAD4,-1.018552985
tAge,Th1,LGALS1,1.04070355
tAge,Th1,LGALS8,0.433085937
tAge,Th1,LIMCH1,-2.632498314
tAge,Th1,LIMK1,-0.296106997
tAge,Th1,LIMS1,-0.883130763
tAge,Th1,LINC00222,-22.35149583
tAge,Th1,LINC00426,1.411766788
tAge,Th1,LINC00486,3.58216748
tAge,Th1,LINC00536,-19.5834115
tAge,Th1,LINC00891,-0.125868119
tAge,Th1,LINC00926,1.611206236
tAge,Th1,LINC01063,-8.927794981
tAge,Th1,LINC01088,-1.589699496
tAge,Th1,LINC01362,0.682552579
tAge,Th1,LINC01495,-1.538112281
tAge,Th1,LINC01498,112.3666302
tAge,Th1,LINC01535,-1.74929137
tAge,Th1,LINC01555,22.22222423
tAge,Th1,LINC01592,19.73349847
tAge,Th1,LINC01684,4.011560107
tAge,Th1,LINC01934,1.144000315
tAge,Th1,LINC01950,8.568514517
tAge,Th1,LINC02195,1.335867767
tAge,Th1,LINC02284,3.218004169
tAge,Th1,LINC02504,30.35893119
tAge,Th1,LINC02548,-34.65540549
tAge,Th1,LINC02580,2.373378354
tAge,Th1,LIPE-AS1,-0.256256874
tAge,Th1,LLPH-DT,-5.106403857
tAge,Th1,LPAR3,1.838747609
tAge,Th1,LPAR5,-0.823096094
tAge,Th1,LPGAT1,0.323350639
tAge,Th1,LRCH1,-0.167374261
tAge,Th1,LRP12,-1.138917387
tAge,Th1,LRP2,0.387566389
tAge,Th1,LRR1,0.871194038
tAge,Th1,LRRC1,-1.380987298
tAge,Th1,LSS,-0.925115994
tAge,Th1,LTB4R,-0.195559143
tAge,Th1,LTBR,38.12808702
tAge,Th1,LUZP2,11.28400865
tAge,Th1,LYAR,-0.104994308
tAge,Th1,LYRM7,-0.294363814
tAge,Th1,LYZL6,-0.240117491
tAge,Th1,MAGOHB,-0.877715866
tAge,Th1,MAML2,-0.151857033
tAge,Th1,MAML3,-0.553387575
tAge,Th1,MAP3K20,-2.045467074
tAge,Th1,MAST4,1.53761615
tAge,Th1,MATN2,-3.870487563
tAge,Th1,MB21D2,0.495152452
tAge,Th1,MBD2,-0.100447626
tAge,Th1,MCAM,-82.81283335
tAge,Th1,MCC,-0.000248632
tAge,Th1,MCMDC2,2.356425795
tAge,Th1,MCOLN2,0.851911641
tAge,Th1,MDP1,0.572185858
tAge,Th1,MEAF6,0.111855879
tAge,Th1,MED22,2.723370443
tAge,Th1,MEI4,3.779426503
tAge,Th1,MEIOB,27.01616879
tAge,Th1,METTL18,-3.551683935
tAge,Th1,MFHAS1,0.278674501
tAge,Th1,MGAT5,-1.517513826
tAge,Th1,MIA2,0.838075732
tAge,Th1,MINDY2,0.676793321
tAge,Th1,MIR222HG,0.483157367
tAge,Th1,MIR34AHG,3.749070254
tAge,Th1,MIRLET7BHG,1.565164781
tAge,Th1,MLYCD,1.081440674
tAge,Th1,MMAA,0.355762934
tAge,Th1,MNDA,4.752995435
tAge,Th1,MOB3B,2.576223545
tAge,Th1,MOCS3,3.783001512
tAge,Th1,MON1B,1.185114525
tAge,Th1,MORC2,0.955900787
tAge,Th1,MPHOSPH6,-1.272035619
tAge,Th1,MPV17L,-32.45100182
tAge,Th1,MPZ,0.154249434
tAge,Th1,MROH9,0.407095388
tAge,Th1,MRPL10,-0.886159394
tAge,Th1,MRPS26,4.007121897
tAge,Th1,MSC-AS1,0.691117547
tAge,Th1,MTPAP,0.392021414
tAge,Th1,MUC16,8.828056989
tAge,Th1,MUC20-OT1,-0.373475975
tAge,Th1,MYO1G,0.559151163
tAge,Th1,MYO3B,2.773382453
tAge,Th1,NAP1L2,2.138292871
tAge,Th1,NAP1L3,0.365712174
tAge,Th1,NAT1,4.454663865
tAge,Th1,NCALD,-1.794806334
tAge,Th1,NCAPH,2.198533406
tAge,Th1,NCBP1,0.152159256
tAge,Th1,NCBP2,-0.484066443
tAge,Th1,NEFM,9.268967636
tAge,Th1,NEURL1,-3.460504745
tAge,Th1,NEXMIF,1.293607901
tAge,Th1,NFAM1,-11.77885381
tAge,Th1,NINJ2,1.893608398
tAge,Th1,NIPSNAP2,-0.470370521
tAge,Th1,NKG7,0.411476885
tAge,Th1,NLGN4Y,0.367052102
tAge,Th1,NLN,-0.998344515
tAge,Th1,NME1-NME2,-23.49022957
tAge,Th1,NPDC1,1.768765523
tAge,Th1,NPIPB13,-0.963344812
tAge,Th1,NPIPB5,-0.279641425
tAge,Th1,NPR2,-3.467648793
tAge,Th1,NREP,-2.380327905
tAge,Th1,NT5E,-2.153555255
tAge,Th1,NTHL1,3.511743422
tAge,Th1,NUTM2B,27.6144558
tAge,Th1,OAF,-4.279007263
tAge,Th1,OBSCN,-1.731654213
tAge,Th1,OSGEPL1-AS1,6.478391568
tAge,Th1,OSTF1,-0.163724182
tAge,Th1,OXNAD1,-0.237941824
tAge,Th1,P2RY4,12.60289359
tAge,Th1,P3H3,0.261772018
tAge,Th1,PACRG,0.206802233
tAge,Th1,PACS1,-1.346400707
tAge,Th1,PACSIN1,-0.080476774
tAge,Th1,PACSIN2,-2.117007792
tAge,Th1,PAICS,-0.519280369
tAge,Th1,PALB2,0.194549139
tAge,Th1,PBX1,-1.344739614
tAge,Th1,PCDHGA8,13.16787512
tAge,Th1,PDE12,0.214501225
tAge,Th1,PDE1B,0.873355986
tAge,Th1,PDE4DIP,0.296111737
tAge,Th1,PDE6B,-3.395344468
tAge,Th1,PDE9A,-3.477268341
tAge,Th1,PDIA5,-0.709280206
tAge,Th1,PDIK1L,-0.872704292
tAge,Th1,PDK3,-0.413499986
tAge,Th1,PDRG1,-2.927652224
tAge,Th1,PES1,-0.997846911
tAge,Th1,PGLYRP1,2.797229656
tAge,Th1,PHACTR2,1.078167895
tAge,Th1,PHAX,-1.172405659
tAge,Th1,PHF20,-0.003929593
tAge,Th1,PHPT1,2.262521146
tAge,Th1,PIH1D2,14.43720624
tAge,Th1,PIK3R5,-0.247218482
tAge,Th1,PIM1,0.320373507
tAge,Th1,PITPNC1,-0.073157786
tAge,Th1,PKIG,8.901188865
tAge,Th1,PKN2-AS1,-3.736930211
tAge,Th1,PLAC8,-0.937057997
tAge,Th1,PLCB1,-1.162034492
tAge,Th1,PLCL1,-0.617134316
tAge,Th1,PLPP3,1.568627968
tAge,Th1,PLPP4,-8.212066319
tAge,Th1,PLS1,-2.428098657
tAge,Th1,POF1B,3.183173286
tAge,Th1,POLDIP2,-1.489394633
tAge,Th1,POLI,-2.004953529
tAge,Th1,PPA1,-0.106265256
tAge,Th1,PPP1R11,0.971324459
tAge,Th1,PPP1R9A,1.398469068
tAge,Th1,PPP3CA,0.82316823
tAge,Th1,PQBP1,0.92431603
tAge,Th1,PRIMPOL,-0.153279271
tAge,Th1,PRKAR1B,-0.003231522
tAge,Th1,PRKCD,-0.457916315
tAge,Th1,PRKCE,-0.923806629
tAge,Th1,PRKCH,-0.122772593
tAge,Th1,PRKCI,-1.43457517
tAge,Th1,PRKD3,-0.124134159
tAge,Th1,PROCA1,1.385271848
tAge,Th1,PROP1,-91.90196613
tAge,Th1,PRPF38B,0.909752724
tAge,Th1,PRRG4,139.0016364
tAge,Th1,PRSS57,-4.419234594
tAge,Th1,PSPN,15.67909385
tAge,Th1,PTH2R,0.053919995
tAge,Th1,PTPA,1.093846629
tAge,Th1,PTPN11,-0.673524304
tAge,Th1,PTPN2,-0.426956226
tAge,Th1,PTPRM,-1.330099123
tAge,Th1,PTTG1,2.114843958
tAge,Th1,PVT1,0.237511827
tAge,Th1,PXDNL,-1.29009944
tAge,Th1,PXMP2,4.114638043
tAge,Th1,RAB11A,0.390578975
tAge,Th1,RAB11B-AS1,0.384829664
tAge,Th1,RAB1A,0.026105118
tAge,Th1,RAB43,-1.939010244
tAge,Th1,RABEP1,-0.674616925
tAge,Th1,RAD51C,-0.911796027
tAge,Th1,RAG1,1.31941963
tAge,Th1,RALGAPA1,0.031312125
tAge,Th1,RAP1B,-0.096562806
tAge,Th1,RASA2,-0.169984409
tAge,Th1,RASSF4,4.66813846
tAge,Th1,RB1,0.142393667
tAge,Th1,RCSD1,-0.364602899
tAge,Th1,REC114,-0.614478604
tAge,Th1,REM2,-2.998051745
tAge,Th1,RETN,16.68831414
tAge,Th1,RFPL3S,-2.35941964
tAge,Th1,RGS22,1.648768406
tAge,Th1,RHOBTB3,-0.660923657
tAge,Th1,RHOV,55.66517231
tAge,Th1,RILPL1,-0.118397483
tAge,Th1,RIMKLA,-13.15537245
tAge,Th1,RIMKLB,-0.954109867
tAge,Th1,RIPK1,0.278265457
tAge,Th1,RNF19A,0.311114595
tAge,Th1,RNF216,-0.316134658
tAge,Th1,RNF217,2.018924868
tAge,Th1,RNPEPL1,2.270275855
tAge,Th1,RORA-AS2,21.01948833
tAge,Th1,RPLP2,0.156034024
tAge,Th1,RPS27L,0.886044492
tAge,Th1,RPS28,0.39923915
tAge,Th1,RRP8,-1.281294457
tAge,Th1,RSRC2,0.10286543
tAge,Th1,RTN4RL2,36.95460124
tAge,Th1,RUFY3,-2.217759196
tAge,Th1,RWDD2A,-0.427733649
tAge,Th1,RWDD3,-0.75625415
tAge,Th1,S100A5,3.263492358
tAge,Th1,S1PR1,0.242883024
tAge,Th1,SAA1,30.7675242
tAge,Th1,SAAL1,-1.350026762
tAge,Th1,SAPCD2,2.726050601
tAge,Th1,SART1,0.717547122
tAge,Th1,SAXO1,-0.326106137
tAge,Th1,SCARA5,3.429045613
tAge,Th1,SCARNA9,-0.537080671
tAge,Th1,SCEL,28.2467859
tAge,Th1,SCGB1A1,20.40944745
tAge,Th1,SCML2,-0.567934909
tAge,Th1,SCN8A,0.741189218
tAge,Th1,SCN9A,6.134951886
tAge,Th1,SCOC-AS1,-3.409382684
tAge,Th1,SDCCAG8,0.883067796
tAge,Th1,SELL,-0.086743458
tAge,Th1,SEMA5A,3.593716841
tAge,Th1,SEMA6A,0.195476023
tAge,Th1,SENP1,0.176413701
tAge,Th1,SERPINB9P1,0.619718517
tAge,Th1,SESN1,-0.039217985
tAge,Th1,SESN3,1.184311629
tAge,Th1,SFTPB,106.2575934
tAge,Th1,SGMS2,-5.844715705
tAge,Th1,SH3BGR,-0.512050163
tAge,Th1,SH3KBP1,-0.42219158
tAge,Th1,SHB,6.967454506
tAge,Th1,SHISA8,27.08995393
tAge,Th1,SIM2,19.41018321
tAge,Th1,SIPA1L3,-0.686640695
tAge,Th1,SIRPD,41.57008646
tAge,Th1,SLC11A1,12.85737782
tAge,Th1,SLC12A6,-0.273024508
tAge,Th1,SLC14A1,1.445250055
tAge,Th1,SLC16A10,-0.35500256
tAge,Th1,SLC16A14,-6.282152475
tAge,Th1,SLC22A18AS,73.9118363
tAge,Th1,SLC25A24,0.677781034
tAge,Th1,SLC25A53,-0.762289029
tAge,Th1,SLC2A2,196.7390965
tAge,Th1,SLC35G5,10.76626857
tAge,Th1,SLC4A8,0.926877986
tAge,Th1,SLC7A11,10.83023428
tAge,Th1,SLC7A8,-2.367378673
tAge,Th1,SLC9A1,1.85844191
tAge,Th1,SLCO3A1,0.324205
tAge,Th1,SMG8,-2.172485837
tAge,Th1,SMIM1,-1.739393443
tAge,Th1,SMO,-23.09613531
tAge,Th1,SNAI3,0.369568893
tAge,Th1,SND1,-0.078132674
tAge,Th1,SNU13,-0.281117876
tAge,Th1,SNX9,-0.053405231
tAge,Th1,SORL1,1.095777523
tAge,Th1,SOS1,0.145919192
tAge,Th1,SOX13,-0.270851575
tAge,Th1,SOX30,-8.266411946
tAge,Th1,SOX7,1.588558665
tAge,Th1,SP7,-23.10773998
tAge,Th1,SPACA9,1.849920071
tAge,Th1,SPART,0.01360698
tAge,Th1,SPC25,17.11568099
tAge,Th1,SPCS3,-0.200468608
tAge,Th1,SPDYE5,-0.980701947
tAge,Th1,SPOCK1,-4.339942728
tAge,Th1,SPTLC1,0.888346583
tAge,Th1,SRP9,-0.477155651
tAge,Th1,SSBP3,-0.164393054
tAge,Th1,SSH2,-1.912772567
tAge,Th1,SSUH2,-3.512268337
tAge,Th1,ST20-AS1,2.741112453
tAge,Th1,ST3GAL5,-1.322997603
tAge,Th1,ST7L,0.1442517
tAge,Th1,ST8SIA1,0.388588482
tAge,Th1,ST8SIA4,0.715658343
tAge,Th1,STAMBPL1,0.606663128
tAge,Th1,STAT4,0.478293712
tAge,Th1,STK26,-0.625547564
tAge,Th1,STK38,-0.40995027
tAge,Th1,STRIP2,-1.963474403
tAge,Th1,STS,-1.403334581
tAge,Th1,SUCLA2,-0.472571575
tAge,Th1,SULT2B1,4.115293637
tAge,Th1,SUN3,0.813920686
tAge,Th1,SUPV3L1,-1.264480879
tAge,Th1,SYBU,2.721148713
tAge,Th1,SYNCRIP,0.143009353
tAge,Th1,SYNDIG1,121.5144096
tAge,Th1,SYNE2,0.635522739
tAge,Th1,SYT16,8.836627298
tAge,Th1,TAB2,0.129961662
tAge,Th1,TACO1,1.477609097
tAge,Th1,TACR1,5.935127231
tAge,Th1,TAF4B,-0.800382624
tAge,Th1,TAGLN2,0.704295206
tAge,Th1,TANK,1.059924536
tAge,Th1,TBC1D22A,-0.053548811
tAge,Th1,TBC1D22B,-0.615423633
tAge,Th1,TBC1D4,-0.895830433
tAge,Th1,TBC1D8B,0.142250035
tAge,Th1,TCEANC,-0.80022812
tAge,Th1,TCP10L2,16.96508916
tAge,Th1,TDO2,-5.542640355
tAge,Th1,TEX36,26.57895443
tAge,Th1,TFG,0.392729161
tAge,Th1,THEMIS,2.965222192
tAge,Th1,TIAM1,0.911843195
tAge,Th1,TIGAR,0.952004776
tAge,Th1,TIMM29,1.560046964
tAge,Th1,TIMP1,1.635413582
tAge,Th1,TK1,-13.3594185
tAge,Th1,TK2,2.225018616
tAge,Th1,TM4SF1-AS1,10.28184072
tAge,Th1,TMED7,3.01418908
tAge,Th1,TMEM106B,-0.109456107
tAge,Th1,TMEM121,-27.00759084
tAge,Th1,TMEM131L,-0.535525437
tAge,Th1,TMEM176A,-10.71710689
tAge,Th1,TMEM205,0.728578611
tAge,Th1,TMEM51-AS1,136.3057327
tAge,Th1,TMEM70,1.175872117
tAge,Th1,TMPRSS11D,-52.49094763
tAge,Th1,TNFRSF10B,0.163422579
tAge,Th1,TNFSF9,4.47387806
tAge,Th1,TNPO1,-0.420262874
tAge,Th1,TNPO2,-0.507743689
tAge,Th1,TOPBP1,-0.062002083
tAge,Th1,TOR4A,-3.879133827
tAge,Th1,TP53AIP1,-21.996936
tAge,Th1,TP53INP1,-0.115795081
tAge,Th1,TPRG1,1.659441349
tAge,Th1,TPTEP2-CSNK1E,-1.103737658
tAge,Th1,TRAJ24,-3.780028464
tAge,Th1,TRAJ34,-18.72281618
tAge,Th1,TRAJ57,-11.63648999
tAge,Th1,TRAK2,0.201237253
tAge,Th1,TRAM2-AS1,-21.07464918
tAge,Th1,TRAV36DV7,-5.216389489
tAge,Th1,TRAV39,6.872319784
tAge,Th1,TRBV10-1,-2.90237494
tAge,Th1,TRBV17,-35.26407237
tAge,Th1,TRDV1,-1.696104696
tAge,Th1,TRGV4,-4.205556811
tAge,Th1,TRIM23,0.695840583
tAge,Th1,TRIM44,-0.204197632
tAge,Th1,TRIO,-3.677459466
tAge,Th1,TRMT61A,2.140968819
tAge,Th1,TSHZ2,0.539972412
tAge,Th1,TSNARE1,-0.72156634
tAge,Th1,TSPAN2,2.640069996
tAge,Th1,TSPEAR,-3.853787095
tAge,Th1,TSPOAP1-AS1,-0.088316177
tAge,Th1,TTI1,-0.097457288
tAge,Th1,TUBA1C,0.010757815
tAge,Th1,TUBA4A,0.161879444
tAge,Th1,TXK,-0.020067512
tAge,Th1,TXN,0.683583512
tAge,Th1,TYW5,-0.330447244
tAge,Th1,UBA3,0.333763659
tAge,Th1,UBASH3B,-0.754229965
tAge,Th1,UBE2E1,-0.881748325
tAge,Th1,UBE3A,-0.301980577
tAge,Th1,UBN1,-0.9838846
tAge,Th1,UGCG,0.786590875
tAge,Th1,ULK3,-0.863270747
tAge,Th1,ULK4,0.146901574
tAge,Th1,UPF3A,-0.835266398
tAge,Th1,UROS,1.085712717
tAge,Th1,USP36,-0.871146741
tAge,Th1,USP9Y,0.074077955
tAge,Th1,UTP20,-0.357697825
tAge,Th1,UTY,0.015998846
tAge,Th1,UXS1,-0.117000601
tAge,Th1,VASH2,64.17239315
tAge,Th1,VIPR2,-0.320265995
tAge,Th1,VPS13A-AS1,10.40704183
tAge,Th1,VSNL1,-13.41795729
tAge,Th1,VWA3B,31.72922146
tAge,Th1,VWDE,2.425275046
tAge,Th1,WASF1,-0.627424877
tAge,Th1,WASHC5-AS1,54.29081458
tAge,Th1,WDR5,-0.51064557
tAge,Th1,WEE2-AS1,-1.046625955
tAge,Th1,WFIKKN1,-9.323179905
tAge,Th1,WWC2,-3.022398477
tAge,Th1,ZBTB46,8.252162863
tAge,Th1,ZC2HC1C,11.16497995
tAge,Th1,ZCCHC14,-0.266896765
tAge,Th1,ZDHHC14,-1.273388528
tAge,Th1,ZNF121,-0.207174812
tAge,Th1,ZNF124,-1.250440226
tAge,Th1,ZNF358,-8.532675067
tAge,Th1,ZNF391,-7.105327443
tAge,Th1,ZNF510,-2.41716112
tAge,Th1,ZNF550,-1.890121991
tAge,Th1,ZNF587,-0.335564138
tAge,Th1,ZNF595,-2.249008264
tAge,Th1,ZNF622,-1.868495221
tAge,Th1,ZNF667,-9.869748568
tAge,Th1,ZNF700,-0.628914435
tAge,Th1,ZNF761,-1.592156514
tAge,Th1,ZNF783,-0.485169192
tAge,Th1,ZNF81,1.454919257
tAge,Th1,ZNF835,-2.372849486
tAge,Th1,ZNF92,-1.730927266
tAge,Tcm_CD4,(Intercept),54.05986476
tAge,Tcm_CD4,A2ML1,-10.08106132
tAge,Tcm_CD4,AASS,2.325832092
tAge,Tcm_CD4,ABCA13,-33.36816889
tAge,Tcm_CD4,ABCD2,0.100058546
tAge,Tcm_CD4,ABLIM1,-1.309080032
tAge,Tcm_CD4,ACE,1.812821781
tAge,Tcm_CD4,ACTN1,-0.18263345
tAge,Tcm_CD4,ACTR8,-0.421561047
tAge,Tcm_CD4,ACTRT3,198.9120799
tAge,Tcm_CD4,ACVR2A,0.507862812
tAge,Tcm_CD4,ACYP1,1.38808496
tAge,Tcm_CD4,ADAM23,1.275936896
tAge,Tcm_CD4,ADAMTS10,-1.374359995
tAge,Tcm_CD4,ADK,-0.651362515
tAge,Tcm_CD4,ADTRP,1.142795153
tAge,Tcm_CD4,AFAP1L1,-15.67270509
tAge,Tcm_CD4,AFF2,-0.843510935
tAge,Tcm_CD4,AFF3,-1.168591249
tAge,Tcm_CD4,AGTPBP1,-0.100924025
tAge,Tcm_CD4,AHNAK,0.324684214
tAge,Tcm_CD4,AIRE,23.36810258
tAge,Tcm_CD4,AK5,-0.26158571
tAge,Tcm_CD4,AKR7A2,2.969630506
tAge,Tcm_CD4,ALCAM,0.181059923
tAge,Tcm_CD4,ALG14,0.756428208
tAge,Tcm_CD4,ALK,-0.959947979
tAge,Tcm_CD4,ALKBH3-AS1,58.45563748
tAge,Tcm_CD4,ALKBH5,0.617749263
tAge,Tcm_CD4,ANGPTL1,-3.625162972
tAge,Tcm_CD4,ANK1,-0.768470673
tAge,Tcm_CD4,ANKRD44,-0.113239638
tAge,Tcm_CD4,ANO10,-2.072131721
tAge,Tcm_CD4,ANTXR2,0.492660804
tAge,Tcm_CD4,ANXA2,0.760696622
tAge,Tcm_CD4,AOC2,5.258327158
tAge,Tcm_CD4,APBA2,-0.052188914
tAge,Tcm_CD4,APOBEC3G,0.675196225
tAge,Tcm_CD4,ARHGAP12,-1.270955129
tAge,Tcm_CD4,ARHGEF35,14.32475886
tAge,Tcm_CD4,ARID3C,105.4077477
tAge,Tcm_CD4,ARIH2,-0.778866123
tAge,Tcm_CD4,ARSG,0.407728587
tAge,Tcm_CD4,ASCC3,0.292161428
tAge,Tcm_CD4,ATG10-AS1,133.1284624
tAge,Tcm_CD4,ATP10A,-0.090817439
tAge,Tcm_CD4,ATP1A3,-8.740762149
tAge,Tcm_CD4,ATP2A1-AS1,-1.839395382
tAge,Tcm_CD4,ATP2B2,-4.570697907
tAge,Tcm_CD4,ATP6V1G1,-0.194524336
tAge,Tcm_CD4,ATP8B2,0.637135698
tAge,Tcm_CD4,ATR,0.250687345
tAge,Tcm_CD4,ATXN1,1.089647288
tAge,Tcm_CD4,AUTS2,-1.828158735
tAge,Tcm_CD4,B3GALT5,-104.9757879
tAge,Tcm_CD4,B3GNT8,2.613158465
tAge,Tcm_CD4,BATF,0.797373047
tAge,Tcm_CD4,BBS1,1.265678048
tAge,Tcm_CD4,BCL2,0.306709238
tAge,Tcm_CD4,BEX4,-2.430072531
tAge,Tcm_CD4,BHLHE40,0.228378082
tAge,Tcm_CD4,BIN3,0.270430445
tAge,Tcm_CD4,BIRC3,0.127970121
tAge,Tcm_CD4,BMT2,-0.388409682
tAge,Tcm_CD4,BORCS6,-1.501194369
tAge,Tcm_CD4,BRI3BP,0.239760986
tAge,Tcm_CD4,BRPF3,-0.281618201
tAge,Tcm_CD4,BTBD3,-4.530415562
tAge,Tcm_CD4,C12orf42,-0.421905175
tAge,Tcm_CD4,C1orf146,-3.880000628
tAge,Tcm_CD4,C20orf202,-28.67166567
tAge,Tcm_CD4,C2orf15,5.939226846
tAge,Tcm_CD4,CACNG4,68.7261228
tAge,Tcm_CD4,CAMK2B,16.6300005
tAge,Tcm_CD4,CAMK4,-0.588266275
tAge,Tcm_CD4,CAMTA1-DT,-5.319387014
tAge,Tcm_CD4,CASKIN1,29.46857144
tAge,Tcm_CD4,CASQ1,86.18581012
tAge,Tcm_CD4,CASS4,0.27389756
tAge,Tcm_CD4,CAST,0.313713213
tAge,Tcm_CD4,CATSPER2,-2.380841152
tAge,Tcm_CD4,CBL,-0.447473391
tAge,Tcm_CD4,CBLL1,-0.808735059
tAge,Tcm_CD4,CCDC144NL,-0.265706275
tAge,Tcm_CD4,CCDC171,-2.369836632
tAge,Tcm_CD4,CCDC27,56.34342588
tAge,Tcm_CD4,CCDC85A,-149.5463511
tAge,Tcm_CD4,CCND3,-0.453009853
tAge,Tcm_CD4,CCNY,-0.925546793
tAge,Tcm_CD4,CCSER1,2.398405325
tAge,Tcm_CD4,CD101,0.250530874
tAge,Tcm_CD4,CD164L2,256.7902684
tAge,Tcm_CD4,CD46,-0.422282703
tAge,Tcm_CD4,CD52,0.008622453
tAge,Tcm_CD4,CD58,0.131884585
tAge,Tcm_CD4,CD8B,0.739104661
tAge,Tcm_CD4,CDA,24.94452699
tAge,Tcm_CD4,CDCA7L,-0.810881098
tAge,Tcm_CD4,CDKN2A,0.419324055
tAge,Tcm_CD4,CDKN2AIPNL,-1.116375492
tAge,Tcm_CD4,CELA2B,30.58275413
tAge,Tcm_CD4,CELF2,-0.308047683
tAge,Tcm_CD4,CEP112,0.742463936
tAge,Tcm_CD4,CERS6,-0.194704141
tAge,Tcm_CD4,CFAP126,-67.94264973
tAge,Tcm_CD4,CFH,0.398661859
tAge,Tcm_CD4,CGAS,1.095707454
tAge,Tcm_CD4,CHCHD10,4.952862678
tAge,Tcm_CD4,CHCHD4,2.760425716
tAge,Tcm_CD4,CHCHD7,-0.735571104
tAge,Tcm_CD4,CHD6,-0.046185697
tAge,Tcm_CD4,CHDH,-17.80473461
tAge,Tcm_CD4,CHN1,0.756616597
tAge,Tcm_CD4,CHRAC1,-1.574659861
tAge,Tcm_CD4,CHSY3,3.513356959
tAge,Tcm_CD4,CKS2,0.199322652
tAge,Tcm_CD4,CLC,32.15973812
tAge,Tcm_CD4,CLIP2,-2.97167656
tAge,Tcm_CD4,CNBD1,2.05454289
tAge,Tcm_CD4,CNST,-1.394015984
tAge,Tcm_CD4,CORO7,0.959975325
tAge,Tcm_CD4,CPD,-0.121902679
tAge,Tcm_CD4,CPLX4,5.866983282
tAge,Tcm_CD4,CPTP,-6.914245013
tAge,Tcm_CD4,CR1,-2.420653738
tAge,Tcm_CD4,CRACR2A,-0.603925658
tAge,Tcm_CD4,CRIP1,0.559907706
tAge,Tcm_CD4,CRIP2,3.125350311
tAge,Tcm_CD4,CRYBG1,0.577633582
tAge,Tcm_CD4,CSNK1G3,0.067359359
tAge,Tcm_CD4,CTAGE6,-1.001278759
tAge,Tcm_CD4,CUEDC2,1.004458264
tAge,Tcm_CD4,CUX1,-0.296427713
tAge,Tcm_CD4,CX3CR1,1.235913888
tAge,Tcm_CD4,CXADR,-0.904375561
tAge,Tcm_CD4,CYSLTR1,0.271504481
tAge,Tcm_CD4,CYSLTR2,0.599521494
tAge,Tcm_CD4,CYTH3,-0.212780684
tAge,Tcm_CD4,CYTOR,0.007191139
tAge,Tcm_CD4,DAAM1,-1.125157839
tAge,Tcm_CD4,DAB1,0.787255263
tAge,Tcm_CD4,DBNDD2,-6.577961596
tAge,Tcm_CD4,DCDC1,4.10865357
tAge,Tcm_CD4,DCK,-1.178029504
tAge,Tcm_CD4,DCP1B,1.428736378
tAge,Tcm_CD4,DDB2,0.07205921
tAge,Tcm_CD4,DDIT4-AS1,-52.53606993
tAge,Tcm_CD4,DDX49,0.800337348
tAge,Tcm_CD4,DEAF1,-1.275291332
tAge,Tcm_CD4,DECR2,-2.442605466
tAge,Tcm_CD4,DEFB108B,83.78256036
tAge,Tcm_CD4,DERL3,14.86274237
tAge,Tcm_CD4,DHRS12,0.381014166
tAge,Tcm_CD4,DIP2B,-1.004880177
tAge,Tcm_CD4,DISP1,1.274714413
tAge,Tcm_CD4,DLEU2,0.282436443
tAge,Tcm_CD4,DMXL2,0.012434689
tAge,Tcm_CD4,DNAJB11,-0.005723375
tAge,Tcm_CD4,DOCK4,-2.017018396
tAge,Tcm_CD4,DOK4,0.737950466
tAge,Tcm_CD4,DPP4,0.186214314
tAge,Tcm_CD4,DPYD,0.143915922
tAge,Tcm_CD4,DRAP1,0.425769366
tAge,Tcm_CD4,DTD2,-2.315351575
tAge,Tcm_CD4,DTWD2,-0.969329286
tAge,Tcm_CD4,DUS3L,-3.016561208
tAge,Tcm_CD4,EDA,1.239674132
tAge,Tcm_CD4,EDAR,-1.040313567
tAge,Tcm_CD4,EED,0.004892881
tAge,Tcm_CD4,EFHB,-2.379197461
tAge,Tcm_CD4,ENAM,52.08284249
tAge,Tcm_CD4,EPB41,-1.362980354
tAge,Tcm_CD4,EPB41L2,-0.251146346
tAge,Tcm_CD4,EPHA1-AS1,0.25992186
tAge,Tcm_CD4,EPHA4,-0.322371466
tAge,Tcm_CD4,ETFA,1.857855898
tAge,Tcm_CD4,EXT2,-0.394535264
tAge,Tcm_CD4,EZH2,0.525061061
tAge,Tcm_CD4,F13B,133.2750255
tAge,Tcm_CD4,FAAP24,4.17963116
tAge,Tcm_CD4,FAM124A,-48.75480794
tAge,Tcm_CD4,FAM13A,0.297520513
tAge,Tcm_CD4,FAM151A,71.99605314
tAge,Tcm_CD4,FAM184A,-0.236965509
tAge,Tcm_CD4,FAM215B,16.07180323
tAge,Tcm_CD4,FAM228B,0.532999059
tAge,Tcm_CD4,FAM91A1,1.407389399
tAge,Tcm_CD4,FARS2,1.741554371
tAge,Tcm_CD4,FBXO22,1.020463321
tAge,Tcm_CD4,FBXO34,-1.005679121
tAge,Tcm_CD4,FBXO36,0.005926069
tAge,Tcm_CD4,FCMR,-0.905383294
tAge,Tcm_CD4,FDFT1,-0.57822166
tAge,Tcm_CD4,FHIT,0.024406263
tAge,Tcm_CD4,FIZ1,-1.927022545
tAge,Tcm_CD4,FKBP1A,-1.462005481
tAge,Tcm_CD4,FKBP6,75.80448582
tAge,Tcm_CD4,FLNA,0.64306842
tAge,Tcm_CD4,FNBP1L,-2.733115734
tAge,Tcm_CD4,FNDC3B,0.85866617
tAge,Tcm_CD4,FNDC5,-73.66687836
tAge,Tcm_CD4,FNDC9,-1.320083184
tAge,Tcm_CD4,FOXD2,20.13685863
tAge,Tcm_CD4,FOXJ3,-1.541093113
tAge,Tcm_CD4,FRMD4B,1.307636981
tAge,Tcm_CD4,FRRS1,1.911242457
tAge,Tcm_CD4,FSD1,-3.700684744
tAge,Tcm_CD4,FUT7,4.04633121
tAge,Tcm_CD4,FYB1,-0.006391266
tAge,Tcm_CD4,FYN,-0.134928744
tAge,Tcm_CD4,FZD3,-0.156247617
tAge,Tcm_CD4,GAB2,0.903826783
tAge,Tcm_CD4,GABPB1-AS1,-2.305803892
tAge,Tcm_CD4,GALNT10,-2.222877076
tAge,Tcm_CD4,GATA3,0.614432843
tAge,Tcm_CD4,GATD1,2.668055349
tAge,Tcm_CD4,GCH1,0.49182298
tAge,Tcm_CD4,GCM1,-17.78121398
tAge,Tcm_CD4,GDPD5,0.386814061
tAge,Tcm_CD4,GEMIN6,1.407640419
tAge,Tcm_CD4,GKAP1,-1.434176484
tAge,Tcm_CD4,GLIPR2,1.286075811
tAge,Tcm_CD4,GNGT2,1.987724941
tAge,Tcm_CD4,GPA33,-2.543562897
tAge,Tcm_CD4,GPR155,0.913521224
tAge,Tcm_CD4,GPR162,-60.86692746
tAge,Tcm_CD4,GPR180,-0.381572543
tAge,Tcm_CD4,GPR25,-4.105007001
tAge,Tcm_CD4,GPR52,-8.480886932
tAge,Tcm_CD4,GPRIN1,22.63842379
tAge,Tcm_CD4,GREM2,1.699838427
tAge,Tcm_CD4,GRIN3B,33.14730861
tAge,Tcm_CD4,GRM5,-7.299875979
tAge,Tcm_CD4,GSG1,-5.076709563
tAge,Tcm_CD4,GSN-AS1,95.97344573
tAge,Tcm_CD4,GTDC1,0.499755881
tAge,Tcm_CD4,GTF2H4,3.658806706
tAge,Tcm_CD4,GTSCR1,6.852707383
tAge,Tcm_CD4,GUCA2A,48.46769332
tAge,Tcm_CD4,GZMB,0.000500776
tAge,Tcm_CD4,HACD1,1.313106979
tAge,Tcm_CD4,HACD2,-0.71680336
tAge,Tcm_CD4,HCAR1,-80.01134907
tAge,Tcm_CD4,HCST,0.28445631
tAge,Tcm_CD4,HDAC4,0.291294664
tAge,Tcm_CD4,HHIP-AS1,-11.92730631
tAge,Tcm_CD4,HIST1H2AE,2.295288197
tAge,Tcm_CD4,HIST1H4C,0.017408767
tAge,Tcm_CD4,HLA-DRA,0.823654768
tAge,Tcm_CD4,HNRNPK,-0.091328398
tAge,Tcm_CD4,HNRNPU,0.078495212
tAge,Tcm_CD4,HOMER3,-4.473258341
tAge,Tcm_CD4,HOXB-AS3,1.521432391
tAge,Tcm_CD4,HPD,25.14643245
tAge,Tcm_CD4,HTR4,11.526801
tAge,Tcm_CD4,IFNE,-45.73010939
tAge,Tcm_CD4,IFNG-AS1,-0.519936699
tAge,Tcm_CD4,IGFBP3,3.002569218
tAge,Tcm_CD4,IGFBP7-AS1,-10.00429274
tAge,Tcm_CD4,IGHV3-74,6.395521151
tAge,Tcm_CD4,IGHV7-40,144.6803506
tAge,Tcm_CD4,IGKV1-37,-94.52502084
tAge,Tcm_CD4,IGKV1D-8,20.06891029
tAge,Tcm_CD4,IGKV2-28,11.83235245
tAge,Tcm_CD4,IGLV8-61,-8.364277957
tAge,Tcm_CD4,IGSF9B,0.064455981
tAge,Tcm_CD4,IKZF2,-0.393701633
tAge,Tcm_CD4,IL15,0.030452379
tAge,Tcm_CD4,IL2RA,0.189215693
tAge,Tcm_CD4,INCENP,-0.413746477
tAge,Tcm_CD4,INPP4B,1.416979768
tAge,Tcm_CD4,IQGAP1,1.024242065
tAge,Tcm_CD4,ITGA2,2.894920182
tAge,Tcm_CD4,ITGA4,-1.089271474
tAge,Tcm_CD4,ITLN2,41.68166297
tAge,Tcm_CD4,IWS1,0.23408333
tAge,Tcm_CD4,JAK1,-0.556531658
tAge,Tcm_CD4,JARID2,-0.39586737
tAge,Tcm_CD4,KANK1,0.039225611
tAge,Tcm_CD4,KANSL1L,-0.488459157
tAge,Tcm_CD4,KIAA2012,-25.67857196
tAge,Tcm_CD4,KIRREL2,88.36701971
tAge,Tcm_CD4,KLF3,-0.919570943
tAge,Tcm_CD4,KLHL41,120.2280363
tAge,Tcm_CD4,KMT2E-AS1,-1.114093433
tAge,Tcm_CD4,KTN1,-0.127781389
tAge,Tcm_CD4,LACTB,1.397858958
tAge,Tcm_CD4,LAX1,-1.057271864
tAge,Tcm_CD4,LBR,-0.233577251
tAge,Tcm_CD4,LCLAT1,-0.436458031
tAge,Tcm_CD4,LDHB,-0.047805299
tAge,Tcm_CD4,LGALS8-AS1,32.12099769
tAge,Tcm_CD4,LHFPL4,19.5848332
tAge,Tcm_CD4,LILRB4,-30.86970676
tAge,Tcm_CD4,LINC00265,0.163991699
tAge,Tcm_CD4,LINC00336,-2.067521603
tAge,Tcm_CD4,LINC00395,-28.32213382
tAge,Tcm_CD4,LINC00526,-4.471129153
tAge,Tcm_CD4,LINC00616,114.7678899
tAge,Tcm_CD4,LINC00891,-2.109054476
tAge,Tcm_CD4,LINC00903,-60.74297468
tAge,Tcm_CD4,LINC00923,22.19278865
tAge,Tcm_CD4,LINC00944,1.215823546
tAge,Tcm_CD4,LINC01142,64.04832811
tAge,Tcm_CD4,LINC01149,6.354835015
tAge,Tcm_CD4,LINC01186,-17.3145395
tAge,Tcm_CD4,LINC01266,4.027050311
tAge,Tcm_CD4,LINC01269,6.693045186
tAge,Tcm_CD4,LINC01270,5.494070757
tAge,Tcm_CD4,LINC01311,-3.650404687
tAge,Tcm_CD4,LINC01362,0.783232902
tAge,Tcm_CD4,LINC01366,20.53881091
tAge,Tcm_CD4,LINC01386,-32.69439386
tAge,Tcm_CD4,LINC01524,3.617386599
tAge,Tcm_CD4,LINC01588,1.735667013
tAge,Tcm_CD4,LINC01684,2.975939626
tAge,Tcm_CD4,LINC01780,44.87147305
tAge,Tcm_CD4,LINC01976,407.4939723
tAge,Tcm_CD4,LINC02022,23.12399482
tAge,Tcm_CD4,LINC02100,0.063801699
tAge,Tcm_CD4,LINC02312,34.36617351
tAge,Tcm_CD4,LINC02384,0.138797806
tAge,Tcm_CD4,LINC02390,2.48577015
tAge,Tcm_CD4,LINC02455,-20.2153741
tAge,Tcm_CD4,LINC02523,20.93783112
tAge,Tcm_CD4,LINC02580,9.173704063
tAge,Tcm_CD4,LKAAEAR1,83.28217294
tAge,Tcm_CD4,LMCD1,1.814277324
tAge,Tcm_CD4,LMNB1,2.215714192
tAge,Tcm_CD4,LONRF2,4.013809291
tAge,Tcm_CD4,LPAR6,0.696679657
tAge,Tcm_CD4,LPP,0.303611351
tAge,Tcm_CD4,LRCH1,-0.152887474
tAge,Tcm_CD4,LSMEM2,-4.320943636
tAge,Tcm_CD4,LTBR,5.249300915
tAge,Tcm_CD4,LTN1,0.714135479
tAge,Tcm_CD4,MAGEB17,128.385897
tAge,Tcm_CD4,MAGEC3,31.54748155
tAge,Tcm_CD4,MAML2,-0.111627754
tAge,Tcm_CD4,MAML3,-2.253655349
tAge,Tcm_CD4,MAP2K3,1.975523111
tAge,Tcm_CD4,MAP3K11,0.728210982
tAge,Tcm_CD4,MAP3K20,-4.481372447
tAge,Tcm_CD4,MAP4,0.605847689
tAge,Tcm_CD4,MAP7D2,-1.891068538
tAge,Tcm_CD4,MATN3,14.40115674
tAge,Tcm_CD4,MAX,-0.931430301
tAge,Tcm_CD4,MB21D2,0.321781256
tAge,Tcm_CD4,MCF2,1.939808712
tAge,Tcm_CD4,MDC1-AS1,8.157175038
tAge,Tcm_CD4,ME3,1.882109006
tAge,Tcm_CD4,MED14OS,-0.209314551
tAge,Tcm_CD4,MEGF9,0.141868608
tAge,Tcm_CD4,MEOX1,8.211589468
tAge,Tcm_CD4,MEP1B,-6.823785703
tAge,Tcm_CD4,MEX3A,-52.79168997
tAge,Tcm_CD4,MGA,0.21522755
tAge,Tcm_CD4,MGAT5,-1.905777392
tAge,Tcm_CD4,MGAT5B,-15.24049195
tAge,Tcm_CD4,MICU3,0.819269292
tAge,Tcm_CD4,MIGA1,0.171309795
tAge,Tcm_CD4,MIR222HG,0.537348681
tAge,Tcm_CD4,MIR29B2CHG,0.432718006
tAge,Tcm_CD4,MIR99AHG,-1.045510032
tAge,Tcm_CD4,MIRLET7BHG,1.826129508
tAge,Tcm_CD4,MLF1,0.35056669
tAge,Tcm_CD4,MLLT3,-0.464029576
tAge,Tcm_CD4,MPPED2,-2.808476988
tAge,Tcm_CD4,MRGPRX2,71.25690984
tAge,Tcm_CD4,MRPL18,0.101963208
tAge,Tcm_CD4,MRPL41,1.695149586
tAge,Tcm_CD4,MRPL51,2.238698559
tAge,Tcm_CD4,MRPL52,0.46394333
tAge,Tcm_CD4,MS4A3,7.193329047
tAge,Tcm_CD4,MTHFSD,0.348137254
tAge,Tcm_CD4,MTMR10,-0.235244329
tAge,Tcm_CD4,MTMR8,-0.22294316
tAge,Tcm_CD4,MTO1,0.320890801
tAge,Tcm_CD4,MTUS2-AS1,-0.651131665
tAge,Tcm_CD4,MUC13,28.19268878
tAge,Tcm_CD4,MUC16,7.272778059
tAge,Tcm_CD4,MYBBP1A,-1.617602848
tAge,Tcm_CD4,MYBPC3,15.45285761
tAge,Tcm_CD4,MYO1D,-0.693522933
tAge,Tcm_CD4,MYOSLID,100.288864
tAge,Tcm_CD4,MYOT,14.64071456
tAge,Tcm_CD4,NAAA,1.181937757
tAge,Tcm_CD4,NAP1L3,0.767608933
tAge,Tcm_CD4,NAXE,-0.521163865
tAge,Tcm_CD4,NBPF14,1.128756941
tAge,Tcm_CD4,NCALD,-1.661714105
tAge,Tcm_CD4,NCBP2,-0.019425455
tAge,Tcm_CD4,NCK1,0.071162743
tAge,Tcm_CD4,NDNF,-71.80401142
tAge,Tcm_CD4,NECTIN2,4.965592858
tAge,Tcm_CD4,NECTIN3-AS1,6.796492352
tAge,Tcm_CD4,NEXMIF,1.809677945
tAge,Tcm_CD4,NINJ2,0.09750863
tAge,Tcm_CD4,NISCH,-0.560566613
tAge,Tcm_CD4,NLGN4Y,0.162617543
tAge,Tcm_CD4,NLRP6,0.322167946
tAge,Tcm_CD4,NME5,-12.58788316
tAge,Tcm_CD4,NMRK2,-21.83597394
tAge,Tcm_CD4,NOS2,-8.545109516
tAge,Tcm_CD4,NOTCH2,0.151117777
tAge,Tcm_CD4,NPAS2,-0.001540401
tAge,Tcm_CD4,NPDC1,0.249148792
tAge,Tcm_CD4,NPIPB13,-0.917836991
tAge,Tcm_CD4,NPIPB6,-0.516540119
tAge,Tcm_CD4,NPIPB8,-7.484882168
tAge,Tcm_CD4,NPW,11.30368551
tAge,Tcm_CD4,NRCAM,-2.061878669
tAge,Tcm_CD4,NRGN,0.534965875
tAge,Tcm_CD4,NSMF,8.79874361
tAge,Tcm_CD4,NTN4,0.292175446
tAge,Tcm_CD4,NTS,-115.0176503
tAge,Tcm_CD4,NUCB1-AS1,8.503217669
tAge,Tcm_CD4,NUMB,-0.670213515
tAge,Tcm_CD4,NUP133,0.539862816
tAge,Tcm_CD4,NUP93,-0.141158001
tAge,Tcm_CD4,OBSCN,-2.516666014
tAge,Tcm_CD4,OCA2,1.576482112
tAge,Tcm_CD4,OR52I2,-40.02781385
tAge,Tcm_CD4,OR5B21,-17.38243336
tAge,Tcm_CD4,OR8G1,172.97495
tAge,Tcm_CD4,OSR2,-11.91710169
tAge,Tcm_CD4,OTOA,0.170630489
tAge,Tcm_CD4,OTUD6A,-14.41138577
tAge,Tcm_CD4,OTULIN,0.322313158
tAge,Tcm_CD4,P2RY13,65.73939505
tAge,Tcm_CD4,PACSIN3,-21.30437573
tAge,Tcm_CD4,PALLD,-2.701516628
tAge,Tcm_CD4,PAPSS2,10.30648565
tAge,Tcm_CD4,PATJ,1.546393651
tAge,Tcm_CD4,PATZ1,-5.20050038
tAge,Tcm_CD4,PAWR,-4.42986614
tAge,Tcm_CD4,PBRM1,1.924540999
tAge,Tcm_CD4,PCDHGB4,39.53920713
tAge,Tcm_CD4,PCGF5,0.092772402
tAge,Tcm_CD4,PCLAF,0.496280393
tAge,Tcm_CD4,PCM1,0.398552055
tAge,Tcm_CD4,PCNA,1.455361117
tAge,Tcm_CD4,PCSK1N,3.975616541
tAge,Tcm_CD4,PCSK5,0.824808058
tAge,Tcm_CD4,PDCD4,-0.004736843
tAge,Tcm_CD4,PDE7A,-0.053620838
tAge,Tcm_CD4,PDZD9,-27.04890472
tAge,Tcm_CD4,PEAK1,-0.154832084
tAge,Tcm_CD4,PF4V1,18.31188278
tAge,Tcm_CD4,PFAS,-1.328582103
tAge,Tcm_CD4,PHKG1,-0.214694438
tAge,Tcm_CD4,PIM1,1.477544964
tAge,Tcm_CD4,PIM2,0.324939146
tAge,Tcm_CD4,PIP,108.2384395
tAge,Tcm_CD4,PITPNC1,-0.355962533
tAge,Tcm_CD4,PITPNM2,-2.425744449
tAge,Tcm_CD4,PLAUR,3.950182801
tAge,Tcm_CD4,PLEKHD1,-0.042529499
tAge,Tcm_CD4,PLG,7.337094574
tAge,Tcm_CD4,PLP1,55.54786315
tAge,Tcm_CD4,PLPP1,0.791360702
tAge,Tcm_CD4,PLXNA4,0.182114615
tAge,Tcm_CD4,PMPCA,0.600574254
tAge,Tcm_CD4,PNMA3,3.722691796
tAge,Tcm_CD4,PNPLA4,0.088279226
tAge,Tcm_CD4,POF1B,7.090658074
tAge,Tcm_CD4,POLI,-1.435570573
tAge,Tcm_CD4,POMK,-2.086020762
tAge,Tcm_CD4,PPA1,-0.047514926
tAge,Tcm_CD4,PPAN,-0.081486383
tAge,Tcm_CD4,PPEF1,7.305545987
tAge,Tcm_CD4,PPFIA1,-0.315896745
tAge,Tcm_CD4,PPFIBP2,1.760971752
tAge,Tcm_CD4,PPIF,2.21001307
tAge,Tcm_CD4,PPP1R1B,75.50000898
tAge,Tcm_CD4,PPP1R9A,-14.36795816
tAge,Tcm_CD4,PRAM1,-2.97257038
tAge,Tcm_CD4,PRKAG2,-0.037110943
tAge,Tcm_CD4,PRKAR1B,-2.046650944
tAge,Tcm_CD4,PRKCE,-1.049213604
tAge,Tcm_CD4,PRKCH,-0.839703873
tAge,Tcm_CD4,PRKCZ-AS1,-8.561909658
tAge,Tcm_CD4,PRKD3,-2.564071716
tAge,Tcm_CD4,PRRT4,-38.0711134
tAge,Tcm_CD4,PRRX2,-50.43166632
tAge,Tcm_CD4,PRSS22,36.66300749
tAge,Tcm_CD4,PSMA6,1.053533922
tAge,Tcm_CD4,PSMB10,0.330594082
tAge,Tcm_CD4,PTCH1,1.199957328
tAge,Tcm_CD4,PTGES3,-0.343732955
tAge,Tcm_CD4,PTPN3,105.1718962
tAge,Tcm_CD4,PTPRCAP,0.108962487
tAge,Tcm_CD4,PTPRM,-0.797974365
tAge,Tcm_CD4,PTX3,11.92638175
tAge,Tcm_CD4,PUM1,-0.447279566
tAge,Tcm_CD4,PURA,1.069223195
tAge,Tcm_CD4,PVRIG,-7.003923206
tAge,Tcm_CD4,RAF1,1.528551706
tAge,Tcm_CD4,RALGAPA1,1.005290694
tAge,Tcm_CD4,RALGAPA2,-0.897292001
tAge,Tcm_CD4,RALGPS1,0.436273651
tAge,Tcm_CD4,RAP1B,-0.00606131
tAge,Tcm_CD4,RAP1GAP2,0.239529621
tAge,Tcm_CD4,RASA2,-0.690251233
tAge,Tcm_CD4,RASGEF1C,-17.01445628
tAge,Tcm_CD4,RASSF6,0.829076357
tAge,Tcm_CD4,RASSF8-AS1,65.52837389
tAge,Tcm_CD4,RB1,1.279917281
tAge,Tcm_CD4,RBMS3,-0.624728692
tAge,Tcm_CD4,RBMS3-AS2,-3.286823517
tAge,Tcm_CD4,RCBTB2,1.469983606
tAge,Tcm_CD4,REPS2,-1.263017198
tAge,Tcm_CD4,RERE,-0.062489832
tAge,Tcm_CD4,RFC2,0.581128006
tAge,Tcm_CD4,RFX8,1.281386591
tAge,Tcm_CD4,RGMB,2.908032236
tAge,Tcm_CD4,RHEX,-3.095909513
tAge,Tcm_CD4,RHOB,3.976813808
tAge,Tcm_CD4,RIC8A,-0.170291987
tAge,Tcm_CD4,RIC8B,0.074816174
tAge,Tcm_CD4,RIMS2,0.058604192
tAge,Tcm_CD4,RMDN2,-1.701006067
tAge,Tcm_CD4,RN7SL832P,-3.042795814
tAge,Tcm_CD4,RNF144A,-0.777015032
tAge,Tcm_CD4,ROPN1L,3.102027524
tAge,Tcm_CD4,RPAP3,-1.588620047
tAge,Tcm_CD4,RPS6KA5,0.954496559
tAge,Tcm_CD4,RPS6KA6,6.132477925
tAge,Tcm_CD4,RUNX2,0.668553152
tAge,Tcm_CD4,SAR1A,-0.483789168
tAge,Tcm_CD4,SCARF1,8.008319026
tAge,Tcm_CD4,SCGB1A1,-18.98225568
tAge,Tcm_CD4,SCN8A,2.630397029
tAge,Tcm_CD4,SCRN1,-5.972781145
tAge,Tcm_CD4,SELP,4.309275953
tAge,Tcm_CD4,SERGEF,-0.213754904
tAge,Tcm_CD4,SESN1,-0.203954216
tAge,Tcm_CD4,SESN3,2.055629687
tAge,Tcm_CD4,SETD3,-0.848031277
tAge,Tcm_CD4,SETDB2,0.664025808
tAge,Tcm_CD4,SEZ6L2,-50.56831085
tAge,Tcm_CD4,SFMBT1,2.770286454
tAge,Tcm_CD4,SFMBT2,1.173461522
tAge,Tcm_CD4,SH3KBP1,-0.132435649
tAge,Tcm_CD4,SHB,-16.83370193
tAge,Tcm_CD4,SIGLEC10,4.906627341
tAge,Tcm_CD4,SINHCAF,-0.383219185
tAge,Tcm_CD4,SIX6,110.989835
tAge,Tcm_CD4,SLC12A6,-1.117179677
tAge,Tcm_CD4,SLC14A2-AS1,12.52670053
tAge,Tcm_CD4,SLC16A6,2.147357942
tAge,Tcm_CD4,SLC16A7,-1.534988757
tAge,Tcm_CD4,SLC19A1,-3.984340995
tAge,Tcm_CD4,SLC25A24,1.043340667
tAge,Tcm_CD4,SLC25A25-AS1,-3.335263174
tAge,Tcm_CD4,SLC25A29,-7.1704532
tAge,Tcm_CD4,SLC25A39,2.320778951
tAge,Tcm_CD4,SLC25A46,1.343026815
tAge,Tcm_CD4,SLC26A6,-1.999013627
tAge,Tcm_CD4,SLC35G1,-0.191613701
tAge,Tcm_CD4,SLC39A1,-3.5397074
tAge,Tcm_CD4,SLC39A6,-1.530955943
tAge,Tcm_CD4,SLC46A2,-42.74098969
tAge,Tcm_CD4,SLC5A3,-0.709628721
tAge,Tcm_CD4,SLC9A6,-1.287695762
tAge,Tcm_CD4,SLCO3A1,0.759415305
tAge,Tcm_CD4,SLFN13,0.139535324
tAge,Tcm_CD4,SLFN14,32.82535692
tAge,Tcm_CD4,SLIT3,4.706220067
tAge,Tcm_CD4,SMCR2,-70.24323607
tAge,Tcm_CD4,SMIM14,-0.058722896
tAge,Tcm_CD4,SNHG22,0.586844335
tAge,Tcm_CD4,SNRK,-0.472475683
tAge,Tcm_CD4,SNTG2,0.362559349
tAge,Tcm_CD4,SNX24,0.714749809
tAge,Tcm_CD4,SORCS3,2.597936752
tAge,Tcm_CD4,SOX30,-4.809151472
tAge,Tcm_CD4,SPAG7,0.707437156
tAge,Tcm_CD4,SPART,0.447103135
tAge,Tcm_CD4,SPEF1,-35.7188396
tAge,Tcm_CD4,SPEF2,0.400296883
tAge,Tcm_CD4,SPIRE1,-1.740913763
tAge,Tcm_CD4,SPRY1,-4.635008071
tAge,Tcm_CD4,SRGAP1,0.487798873
tAge,Tcm_CD4,SRPK2,-0.538726873
tAge,Tcm_CD4,SSBP3,-0.582447423
tAge,Tcm_CD4,SSH2,-0.874773981
tAge,Tcm_CD4,ST6GALNAC6,0.395698179
tAge,Tcm_CD4,ST7L,0.437694075
tAge,Tcm_CD4,ST8SIA4,0.006478549
tAge,Tcm_CD4,STAM,1.245437746
tAge,Tcm_CD4,STAT1,0.103820788
tAge,Tcm_CD4,STAT4,1.286841433
tAge,Tcm_CD4,STK3,-1.697802304
tAge,Tcm_CD4,STON1-GTF2A1L,-0.681249445
tAge,Tcm_CD4,STX10,0.977003038
tAge,Tcm_CD4,STX3,-7.232240626
tAge,Tcm_CD4,SUFU,-0.725607235
tAge,Tcm_CD4,SULF2,-0.601534125
tAge,Tcm_CD4,SULT1B1,-0.567102634
tAge,Tcm_CD4,SUPT3H,0.832482275
tAge,Tcm_CD4,SYNE2,1.187508803
tAge,Tcm_CD4,SYT11,1.910223011
tAge,Tcm_CD4,SYTL3,0.120215349
tAge,Tcm_CD4,TAB2,0.795078243
tAge,Tcm_CD4,TACC1,-1.371518407
tAge,Tcm_CD4,TAGAP,-0.092875766
tAge,Tcm_CD4,TANK,1.604706304
tAge,Tcm_CD4,TARID,-9.190051901
tAge,Tcm_CD4,TBC1D8B,4.709789821
tAge,Tcm_CD4,TBCK,0.688032266
tAge,Tcm_CD4,TBL1XR1,-0.532427871
tAge,Tcm_CD4,TBX1,17.98263187
tAge,Tcm_CD4,TC2N,-0.336959274
tAge,Tcm_CD4,TCOF1,-1.071481612
tAge,Tcm_CD4,TDRD9,-8.65147816
tAge,Tcm_CD4,TENM1,-0.689150071
tAge,Tcm_CD4,TEX22,1.128930621
tAge,Tcm_CD4,TFDP1,0.499554506
tAge,Tcm_CD4,TGFBR2,-1.72025017
tAge,Tcm_CD4,THAP2,-3.446317474
tAge,Tcm_CD4,THOC3,0.434334869
tAge,Tcm_CD4,TIAL1,0.893911252
tAge,Tcm_CD4,TIAM1,0.687972717
tAge,Tcm_CD4,TKT,-0.007964596
tAge,Tcm_CD4,TLR9,-3.797675965
tAge,Tcm_CD4,TMC2,39.72920553
tAge,Tcm_CD4,TMCC2,8.811072407
tAge,Tcm_CD4,TMCO2,13.84103268
tAge,Tcm_CD4,TMEM102,2.809961927
tAge,Tcm_CD4,TMEM150C,9.235102734
tAge,Tcm_CD4,TMEM17,63.97664355
tAge,Tcm_CD4,TMEM200A,1.748329144
tAge,Tcm_CD4,TMEM263,-1.592626015
tAge,Tcm_CD4,TMEM266,6.206690908
tAge,Tcm_CD4,TMEM87A,0.252206121
tAge,Tcm_CD4,TMIE,-11.99800156
tAge,Tcm_CD4,TMPRSS11A,-6.997150619
tAge,Tcm_CD4,TMPRSS9,-8.101394983
tAge,Tcm_CD4,TMX4,0.939783639
tAge,Tcm_CD4,TNFAIP8,-0.108383418
tAge,Tcm_CD4,TNFRSF10B,0.077347323
tAge,Tcm_CD4,TNFSF18,7.423698229
tAge,Tcm_CD4,TOMM22,1.29554323
tAge,Tcm_CD4,TP53BP1,0.479595651
tAge,Tcm_CD4,TPCN2,1.46504264
tAge,Tcm_CD4,TPRG1,1.198071551
tAge,Tcm_CD4,TPTEP2-CSNK1E,-1.136057371
tAge,Tcm_CD4,TRAJ3,-2.120356744
tAge,Tcm_CD4,TRAJ52,-49.65112457
tAge,Tcm_CD4,TRAJ58,25.46336066
tAge,Tcm_CD4,TRAK2,0.076914318
tAge,Tcm_CD4,TRAV21,-4.69406146
tAge,Tcm_CD4,TRAV23DV6,-3.737083823
tAge,Tcm_CD4,TRDMT1,-1.417369729
tAge,Tcm_CD4,TREX1,-19.54797734
tAge,Tcm_CD4,TRIM37,3.140777966
tAge,Tcm_CD4,TRIO,-1.453172466
tAge,Tcm_CD4,TRPC5,-4.871003166
tAge,Tcm_CD4,TRPS1,-0.216143383
tAge,Tcm_CD4,TRPV3,-3.746126152
tAge,Tcm_CD4,TSACC,-7.080516461
tAge,Tcm_CD4,TSHZ2,1.308491104
tAge,Tcm_CD4,TSPAN14,-0.276863407
tAge,Tcm_CD4,TTC28,-0.625422492
tAge,Tcm_CD4,TTC3,-2.003718688
tAge,Tcm_CD4,TTYH2,1.967193387
tAge,Tcm_CD4,TUBB4A,-16.99497003
tAge,Tcm_CD4,TUFT1,2.36494021
tAge,Tcm_CD4,TULP4,-1.016139058
tAge,Tcm_CD4,TUSC3,-1.708667287
tAge,Tcm_CD4,TUT4,-0.283616774
tAge,Tcm_CD4,TXNL4A,-0.628457648
tAge,Tcm_CD4,UBA3,0.0715631
tAge,Tcm_CD4,UBASH3B,-0.389450533
tAge,Tcm_CD4,UBOX5-AS1,-0.165532812
tAge,Tcm_CD4,UBXN11,1.757885122
tAge,Tcm_CD4,UPK2,-4.86017832
tAge,Tcm_CD4,VIPR2,-17.50730565
tAge,Tcm_CD4,VPS37D,-53.41516381
tAge,Tcm_CD4,VRK3,-0.740411661
tAge,Tcm_CD4,VWDE,0.976757991
tAge,Tcm_CD4,WDCP,-2.311289241
tAge,Tcm_CD4,WDR25,0.781846715
tAge,Tcm_CD4,WDR35,1.05120848
tAge,Tcm_CD4,WDR97,-9.366296389
tAge,Tcm_CD4,WDSUB1,1.908947253
tAge,Tcm_CD4,WFDC2,57.33316077
tAge,Tcm_CD4,WNK1,0.06105038
tAge,Tcm_CD4,WNT4,21.59176198
tAge,Tcm_CD4,WRNIP1,0.207784044
tAge,Tcm_CD4,WWC2,-2.803893656
tAge,Tcm_CD4,WWC2-AS1,9.267553201
tAge,Tcm_CD4,YBX2,110.1544641
tAge,Tcm_CD4,ZBP1,0.316695372
tAge,Tcm_CD4,ZBTB14,-0.466195656
tAge,Tcm_CD4,ZC3H13,0.890468303
tAge,Tcm_CD4,ZEB2,0.409484375
tAge,Tcm_CD4,ZNF180,1.00542354
tAge,Tcm_CD4,ZNF22,-1.704587423
tAge,Tcm_CD4,ZNF223,-6.084836935
tAge,Tcm_CD4,ZNF34,1.245784754
tAge,Tcm_CD4,ZNF471,-0.459239207
tAge,Tcm_CD4,ZNF516,0.222673839
tAge,Tcm_CD4,ZNF528,-1.857592541
tAge,Tcm_CD4,ZNF532,1.656319574
tAge,Tcm_CD4,ZNF549,-2.749706526
tAge,Tcm_CD4,ZNF595,-2.810758985
tAge,Tcm_CD4,ZNF667-AS1,-1.818823152
tAge,Tcm_CD4,ZNF831,-0.431454963
tAge,Tcm_CD4,ZNF852,1.86095708
tAge,Tcm_CD4,ZNF853,16.97265822
tAge,Tcm_CD4,ZNRF3-AS1,127.4438912
tAge,Tcm_CD4,ZPBP2,85.85386279
tAge,Tcm_CD4,ZSWIM5,1.472172007
tAge,Tcm_CD4,ZXDC,-1.469961462
tAge,CTL,(Intercept),81.20135144
tAge,CTL,AASS,2.241660105
tAge,CTL,AATF,1.115038616
tAge,CTL,ABHD8,-1.528747222
tAge,CTL,ACER2,3.474565752
tAge,CTL,ACVR2A,1.046037445
tAge,CTL,ADAM29,0.926725724
tAge,CTL,ADAM32,1.414803883
tAge,CTL,ADAMTS17,-1.202585016
tAge,CTL,ADAMTSL5,3.618587764
tAge,CTL,ADARB1,-0.240138984
tAge,CTL,ADNP-AS1,-4.018561072
tAge,CTL,AGBL3,-1.892552378
tAge,CTL,AGFG2,1.918694458
tAge,CTL,AGGF1,-0.886954241
tAge,CTL,AGTPBP1,-2.477909456
tAge,CTL,AIG1,-2.059580243
tAge,CTL,ALOX5AP,1.490371177
tAge,CTL,ALPK2,1.757277782
tAge,CTL,AMMECR1L,1.045734069
tAge,CTL,ANKMY1,1.581568206
tAge,CTL,ANKRD13B,16.04016813
tAge,CTL,ANKRD29,-7.547971394
tAge,CTL,ANKRD6,-2.973846769
tAge,CTL,ANXA3,169.5571449
tAge,CTL,AP1G1,0.384488727
tAge,CTL,AP2S1,3.097950144
tAge,CTL,APIP,0.667953678
tAge,CTL,APOBEC3F,-0.843566885
tAge,CTL,APOBEC3H,3.063821316
tAge,CTL,AQP9,43.95081695
tAge,CTL,ARHGAP26,-0.00213916
tAge,CTL,ARL13B,0.367373243
tAge,CTL,ARNT,0.643855821
tAge,CTL,ARRDC3,1.240619295
tAge,CTL,ARTN,347.5504173
tAge,CTL,ATM,-0.871839362
tAge,CTL,ATP10A,-1.352603387
tAge,CTL,ATP11AUN,10.26508908
tAge,CTL,ATP1B1,0.209076245
tAge,CTL,ATP4B,236.4343761
tAge,CTL,ATP6V1H,0.391056778
tAge,CTL,ATP8A1,1.601954119
tAge,CTL,ATP8A2,-0.32384307
tAge,CTL,AWAT1,97.35174496
tAge,CTL,BARHL2,255.5392374
tAge,CTL,BBS7,1.146641617
tAge,CTL,BCAN,194.7595296
tAge,CTL,BCL2L2-PABPN1,-15.36614776
tAge,CTL,BCL3,1.767892072
tAge,CTL,BFSP2,8.707317528
tAge,CTL,BISPR,-0.382475505
tAge,CTL,BNC2,-2.112689219
tAge,CTL,BOLA2-SMG1P6,-0.801869705
tAge,CTL,BRINP3,17.47982513
tAge,CTL,BTBD6,-4.802577473
tAge,CTL,BUB1B,2.56017863
tAge,CTL,C10orf55,259.1037533
tAge,CTL,C11orf42,83.48656774
tAge,CTL,C11orf98,-1.98654701
tAge,CTL,C12orf54,527.7451475
tAge,CTL,C16orf78,-12.36197605
tAge,CTL,C2,-3.843536571
tAge,CTL,C5orf63,-0.800463969
tAge,CTL,C8B,70.16452744
tAge,CTL,C9orf163,78.78818182
tAge,CTL,CA12,152.2397337
tAge,CTL,CACNA2D2,0.982636928
tAge,CTL,CALB1,-5.940965294
tAge,CTL,CALCB,0.180177609
tAge,CTL,CAND1,0.22966553
tAge,CTL,CAND2,-8.790053848
tAge,CTL,CAPN9,224.5514679
tAge,CTL,CASKIN2,50.27459877
tAge,CTL,CASS4,0.553977651
tAge,CTL,CASTOR2,-0.597159687
tAge,CTL,CCDC148,2.014939416
tAge,CTL,CCDC171,-1.705545701
tAge,CTL,CCDC50,-0.692007255
tAge,CTL,CCNYL1,1.408828156
tAge,CTL,CD101,0.789666645
tAge,CTL,CD14,18.39992176
tAge,CTL,CD226,-0.854621279
tAge,CTL,CD247,-1.781712606
tAge,CTL,CD300A,-0.20342642
tAge,CTL,CD70,1.751454022
tAge,CTL,CD84,0.512484729
tAge,CTL,CD96,-0.192155851
tAge,CTL,CDCA7,0.010545895
tAge,CTL,CDH20,2.478922171
tAge,CTL,CDH23,-3.081771199
tAge,CTL,CDKN2A,2.989736489
tAge,CTL,CENPA,4.125611368
tAge,CTL,CENPE,0.994095795
tAge,CTL,CENPS,-7.937255223
tAge,CTL,CENPS-CORT,0.121554475
tAge,CTL,CES4A,-0.046395116
tAge,CTL,CFH,2.152471145
tAge,CTL,CHN2,-1.755361996
tAge,CTL,CISH,0.198683468
tAge,CTL,CLCA4,-134.4759768
tAge,CTL,CLDN6,141.9178998
tAge,CTL,CLIC5,1.133974568
tAge,CTL,CLNK,-2.001560826
tAge,CTL,CLRN3,193.0233619
tAge,CTL,CNTN2,31.68249367
tAge,CTL,COA5,-0.299296596
tAge,CTL,COL14A1,-41.25349863
tAge,CTL,COMMD10,-1.907550784
tAge,CTL,COPB1,0.784779282
tAge,CTL,CORIN,11.74719961
tAge,CTL,CREBRF,-1.22394532
tAge,CTL,CRHR2,41.36372412
tAge,CTL,CRIM1,-1.036201554
tAge,CTL,CRX,418.3676379
tAge,CTL,CRY2,0.032582486
tAge,CTL,CRYGS,4.268318796
tAge,CTL,CRYZ,0.285068483
tAge,CTL,CSF1R,7.876888698
tAge,CTL,CTAGE15,-1.307161558
tAge,CTL,CTAGE8,-41.23290628
tAge,CTL,CTBP2,-0.072197948
tAge,CTL,CTIF,-2.418209609
tAge,CTL,CTPS2,-0.431034697
tAge,CTL,CYLC1,48.50547689
tAge,CTL,CYP3A5,2.138922761
tAge,CTL,CYP3A7,108.5882135
tAge,CTL,DCBLD1,2.027055251
tAge,CTL,DCUN1D4,-0.645362933
tAge,CTL,DDIT4,1.217871436
tAge,CTL,DDX11,0.253528687
tAge,CTL,DENND3,0.32827315
tAge,CTL,DEPDC1B,1.797710189
tAge,CTL,DGAT2L6,-12.86751989
tAge,CTL,DGKB,1.661027829
tAge,CTL,DGKH,-0.237381739
tAge,CTL,DHX32,-2.197594153
tAge,CTL,DIO2-AS1,-30.48702451
tAge,CTL,DIRC3,-0.450489211
tAge,CTL,DISC1,-1.1378541
tAge,CTL,DKK2,-2.705155639
tAge,CTL,DLX2,14.3257372
tAge,CTL,DNAJC16,1.161679168
tAge,CTL,DNAJC9,0.922054122
tAge,CTL,DNMT3A,-0.362424554
tAge,CTL,DNPH1,8.198220289
tAge,CTL,DOCK10,-0.84162196
tAge,CTL,DPAGT1,-0.101040795
tAge,CTL,DRAXIN,-3.468246683
tAge,CTL,DSP,53.58624598
tAge,CTL,DYNC1I1,-53.19000031
tAge,CTL,DZIP1L,3.802786612
tAge,CTL,EEPD1,-4.353483558
tAge,CTL,ELMO1,-0.569468124
tAge,CTL,ELN-AS1,3.083438855
tAge,CTL,ELP5,0.051518875
tAge,CTL,EMP2,12.64481702
tAge,CTL,EMX1,106.4262189
tAge,CTL,ENPEP,-7.499566735
tAge,CTL,ENTR1,1.092769996
tAge,CTL,EPAS1,4.502687258
tAge,CTL,EPB41,-2.3426355
tAge,CTL,EPDR1,0.27603273
tAge,CTL,FAF1,-0.319894952
tAge,CTL,FAM117B,-0.915885224
tAge,CTL,FAM163A,160.8894759
tAge,CTL,FAM169A,0.733642839
tAge,CTL,FAM50A,0.756584737
tAge,CTL,FAM66C,-8.232233329
tAge,CTL,FAM95B1,-13.35511621
tAge,CTL,FARSB,-1.001838476
tAge,CTL,FBN1,1.412914551
tAge,CTL,FBXO27,-203.1164937
tAge,CTL,FBXO28,0.095047355
tAge,CTL,FBXO43,19.4605928
tAge,CTL,FCGR2A,-0.542436361
tAge,CTL,FCMR,-0.92488281
tAge,CTL,FDX2,5.478687501
tAge,CTL,FEM1A,-4.271494407
tAge,CTL,FGGY,-0.455151163
tAge,CTL,FHIT,-0.63254792
tAge,CTL,FHOD3,5.796389458
tAge,CTL,FKBP6,15.22209823
tAge,CTL,FLNB-AS1,144.7085206
tAge,CTL,FOXI1,-107.4704326
tAge,CTL,FOXN3,-0.623391573
tAge,CTL,FOXP1-AS1,7.03267305
tAge,CTL,FRMD4A,-4.287197878
tAge,CTL,FRMD4B,-1.282862909
tAge,CTL,FRMD6-AS2,17.08193666
tAge,CTL,FZD8,-17.74491785
tAge,CTL,GAGE10,-0.565710569
tAge,CTL,GALNT10,0.080051223
tAge,CTL,GALNT15,-20.65042409
tAge,CTL,GALNT8,-0.558341185
tAge,CTL,GAS2L2,377.953501
tAge,CTL,GAS7,-0.375116024
tAge,CTL,GATA6,17.34938725
tAge,CTL,GBP3,1.170035196
tAge,CTL,GCH1,0.583606314
tAge,CTL,GCNT2,-0.4560917
tAge,CTL,GDNF-AS1,239.6431971
tAge,CTL,GDPD5,0.648251455
tAge,CTL,GFI1,1.896286529
tAge,CTL,GGT7,-1.110885214
tAge,CTL,GLI4,-1.48287196
tAge,CTL,GLYAT,18.70773028
tAge,CTL,GNAI1,-1.007061631
tAge,CTL,GNAI3,0.341285438
tAge,CTL,GNAL,-0.871106685
tAge,CTL,GNG11,8.78902927
tAge,CTL,GPCPD1,0.372651248
tAge,CTL,GPHN,1.312524549
tAge,CTL,GPN1,2.098832286
tAge,CTL,GPR107,0.845849035
tAge,CTL,GPR157,-0.285386237
tAge,CTL,GPR25,-3.308134196
tAge,CTL,GPR55,2.14947492
tAge,CTL,GPRIN3,1.049731362
tAge,CTL,GRAMD2B,-0.319388025
tAge,CTL,GRIN2B,212.5897724
tAge,CTL,GRTP1-AS1,-174.5879819
tAge,CTL,GSTA4,-1.216657898
tAge,CTL,GUCY1B1,1.118326873
tAge,CTL,GUCY2F,16.16324249
tAge,CTL,HECTD2,0.400526825
tAge,CTL,HK3,8.870044558
tAge,CTL,HLA-DQB1,2.028506301
tAge,CTL,HLCS,-0.596290192
tAge,CTL,HMBS,1.283799538
tAge,CTL,HSD17B12,-0.696714507
tAge,CTL,HSF5,-3.138598432
tAge,CTL,HTRA1,-4.313581619
tAge,CTL,HUS1,-0.569863284
tAge,CTL,IFIH1,1.008183571
tAge,CTL,IFT74,0.816717852
tAge,CTL,IGHG1,11.74672566
tAge,CTL,IGHV3-48,17.33293929
tAge,CTL,IGHVII-30-21,183.595059
tAge,CTL,IGLV1-41,133.749174
tAge,CTL,IGLV2-34,182.5549777
tAge,CTL,IL15,1.016680686
tAge,CTL,IL21,-230.7394651
tAge,CTL,IL6,34.42316223
tAge,CTL,IL6ST,1.472630518
tAge,CTL,ING2,0.938193118
tAge,CTL,INHBC,9.000899726
tAge,CTL,INO80C,-2.625408894
tAge,CTL,INSRR,141.5947362
tAge,CTL,JAK1,-2.248870837
tAge,CTL,KALRN,-7.683996528
tAge,CTL,KCNAB1-AS1,144.5584312
tAge,CTL,KCNE3,-10.62548543
tAge,CTL,KCNH6,385.8007761
tAge,CTL,KCNMB1,60.48730799
tAge,CTL,KCNQ5,-0.769852533
tAge,CTL,KCP,5.699561122
tAge,CTL,KDM1A,-0.358977002
tAge,CTL,KIAA1958,-0.112677107
tAge,CTL,KIF21A,1.159798795
tAge,CTL,KIF26B,9.824637002
tAge,CTL,KIF9-AS1,-0.074065503
tAge,CTL,KLB,-17.02314341
tAge,CTL,KLF7,0.064740542
tAge,CTL,KRT73,1.216892702
tAge,CTL,KYNU,0.508191912
tAge,CTL,LAIR1,-0.854517796
tAge,CTL,LAMTOR4,1.555417589
tAge,CTL,LARGE2,-3.639129002
tAge,CTL,LARP1B,0.100656845
tAge,CTL,LDLRAD4,-0.863096283
tAge,CTL,LGALS9C,-4.236874514
tAge,CTL,LGI1,54.12587958
tAge,CTL,LHX2,611.6269424
tAge,CTL,LIN52,0.202580761
tAge,CTL,LINC00240,4.971031481
tAge,CTL,LINC00303,125.3448322
tAge,CTL,LINC00333,293.4001337
tAge,CTL,LINC00402,0.223914766
tAge,CTL,LINC00513,0.458360968
tAge,CTL,LINC00519,1.789334841
tAge,CTL,LINC00526,-3.338373899
tAge,CTL,LINC00562,1.104503873
tAge,CTL,LINC00571,-12.79731948
tAge,CTL,LINC00574,-27.96243626
tAge,CTL,LINC00582,17.60384401
tAge,CTL,LINC00629,161.4748986
tAge,CTL,LINC00677,250.2884522
tAge,CTL,LINC00861,-0.151373509
tAge,CTL,LINC00885,-12.83928099
tAge,CTL,LINC00954,-0.874890745
tAge,CTL,LINC01093,532.2999592
tAge,CTL,LINC01134,10.4685428
tAge,CTL,LINC01248,88.27506716
tAge,CTL,LINC01249,-74.13502151
tAge,CTL,LINC01270,136.4848458
tAge,CTL,LINC01429,-6.566872281
tAge,CTL,LINC01449,152.929287
tAge,CTL,LINC01502,555.0292778
tAge,CTL,LINC01505,-0.376863993
tAge,CTL,LINC01699,25.34898259
tAge,CTL,LINC01762,-3.102707676
tAge,CTL,LINC01811,-1.829803116
tAge,CTL,LINC01817,99.87378293
tAge,CTL,LINC01833,82.99350306
tAge,CTL,LINC01946,-9.708045496
tAge,CTL,LINC01989,2.359357236
tAge,CTL,LINC02065,1.794920623
tAge,CTL,LINC02080,10.62463739
tAge,CTL,LINC02086,0.631225768
tAge,CTL,LINC02097,492.5663133
tAge,CTL,LINC02274,-46.99173458
tAge,CTL,LINC02373,5.231377278
tAge,CTL,LINC02442,275.3065152
tAge,CTL,LINC02446,1.188517369
tAge,CTL,LINC02450,26.36127982
tAge,CTL,LINC02539,1.699864616
tAge,CTL,LINC02553,91.18755464
tAge,CTL,LINC02576,19.8462521
tAge,CTL,LPCAT2,21.66684082
tAge,CTL,LPCAT4,0.462733131
tAge,CTL,LPP,-1.817415332
tAge,CTL,LRRC8E,144.6393992
tAge,CTL,LRRCC1,1.569379433
tAge,CTL,LSM6,-0.028571022
tAge,CTL,LVRN,10.48578119
tAge,CTL,LYG2,-10.23468269
tAge,CTL,MAF,1.001042307
tAge,CTL,MAGED4,356.3773622
tAge,CTL,MAGIX,-1.618240091
tAge,CTL,MAN1C1,-1.235887752
tAge,CTL,MBIP,0.84894716
tAge,CTL,MCC,-1.333463677
tAge,CTL,MCHR2-AS1,14.21799128
tAge,CTL,MCOLN2,0.68744075
tAge,CTL,MDH1,0.912135448
tAge,CTL,MEF2C-AS2,62.96298441
tAge,CTL,MEGF8,-2.77666477
tAge,CTL,METTL4,-0.726206096
tAge,CTL,MFAP5,12.66422249
tAge,CTL,MFN2,1.37110143
tAge,CTL,MGAT4A,-0.895015424
tAge,CTL,MIRLET7BHG,2.127331126
tAge,CTL,MISP3,3.478378716
tAge,CTL,MNAT1,0.244003794
tAge,CTL,MRM3,-0.87918797
tAge,CTL,MRPL37,-0.279146161
tAge,CTL,MT1F,-2.900476389
tAge,CTL,MTMR7,13.92143902
tAge,CTL,MTPN,0.108724831
tAge,CTL,MVB12B,0.025266333
tAge,CTL,MYCBP2,-1.60379693
tAge,CTL,MYNN,0.658405784
tAge,CTL,MYO3B,0.050426568
tAge,CTL,MYT1L,4.443852589
tAge,CTL,NBN,0.682592717
tAge,CTL,NCALD,-1.32466533
tAge,CTL,NCBP2L,-48.12500519
tAge,CTL,NCKAP1,-1.260983921
tAge,CTL,NCMAP,-126.9447523
tAge,CTL,NCOA3,-0.151558934
tAge,CTL,NECAB1,18.6126428
tAge,CTL,NEIL3,4.597299467
tAge,CTL,NETO2,-3.594846507
tAge,CTL,NHP2,-1.85045311
tAge,CTL,NIPSNAP3A,2.722008602
tAge,CTL,NKD1,1.121141037
tAge,CTL,NLGN4Y-AS1,3.538596479
tAge,CTL,NOC3L,-0.883831056
tAge,CTL,NPHS2,69.41623656
tAge,CTL,NPTX2,-0.18939065
tAge,CTL,NR2C1,0.719997428
tAge,CTL,NR6A1,1.249624846
tAge,CTL,NRG3,-24.39357826
tAge,CTL,NRSN2-AS1,-1.689974852
tAge,CTL,NTAN1,-0.383066933
tAge,CTL,NTN4,0.956033918
tAge,CTL,NTRK1,0.56019513
tAge,CTL,NUBP2,1.869362611
tAge,CTL,NUCB2,-0.325094933
tAge,CTL,NUTM2B,155.5922336
tAge,CTL,NXPH4,23.60223083
tAge,CTL,OBSCN,-4.820371887
tAge,CTL,OGN,14.4968345
tAge,CTL,OR6A2,68.34834714
tAge,CTL,ORC6,1.177460443
tAge,CTL,OTUD3,0.065610881
tAge,CTL,OVCH1-AS1,-0.248554954
tAge,CTL,P2RY10,0.048468549
tAge,CTL,PACSIN3,163.6449279
tAge,CTL,PAM,-0.748145094
tAge,CTL,PBXIP1,0.06515944
tAge,CTL,PCDH10,10.70880593
tAge,CTL,PCDHGB2,13.11149676
tAge,CTL,PCIF1,-1.445416108
tAge,CTL,PCP2,26.625576
tAge,CTL,PCSK4,7.125739376
tAge,CTL,PDAP1,-0.391701899
tAge,CTL,PDE4B,0.194044667
tAge,CTL,PEMT,-1.86659162
tAge,CTL,PEX14,-0.604781407
tAge,CTL,PHF19,0.100143984
tAge,CTL,PHLDA2,110.2107233
tAge,CTL,PHTF2,1.057498696
tAge,CTL,PHYHD1,-3.764642423
tAge,CTL,PIGB,0.53075234
tAge,CTL,PIK3CD-AS2,-0.81193937
tAge,CTL,PILRA,-0.894109083
tAge,CTL,PINK1,-0.035905721
tAge,CTL,PINX1,-0.75176118
tAge,CTL,PJA2,-0.145724353
tAge,CTL,PKP4,0.072063628
tAge,CTL,PLA2G12B,86.52388788
tAge,CTL,PLA2G15,1.236082572
tAge,CTL,PLAU,-371.0888496
tAge,CTL,PLCB1,-0.793272208
tAge,CTL,PLGLB2,1.756622365
tAge,CTL,PLK4,5.984031562
tAge,CTL,PLPP3,129.4712327
tAge,CTL,POC1A,13.099648
tAge,CTL,POU2F1,-0.162381504
tAge,CTL,PPEF2,5.848560465
tAge,CTL,PPFIBP2,0.383850568
tAge,CTL,PPM1L,-0.321459017
tAge,CTL,PRAM1,-6.697824621
tAge,CTL,PRKAR1A,0.33393548
tAge,CTL,PRKN,1.496591622
tAge,CTL,PRMT3,-0.341754971
tAge,CTL,PRSS36,0.41456625
tAge,CTL,PRSS40A,-0.644210777
tAge,CTL,PTOV1,1.511268108
tAge,CTL,PTPN4,-1.914009424
tAge,CTL,PTPRJ,0.690754442
tAge,CTL,PVT1,1.82418501
tAge,CTL,RAB1A,0.717199071
tAge,CTL,RAB28,1.279564905
tAge,CTL,RABGAP1L,0.272295498
tAge,CTL,RALB,0.624079238
tAge,CTL,RASD2,34.76650572
tAge,CTL,RB1,0.274243895
tAge,CTL,RBBP8NL,109.5676568
tAge,CTL,RBM44,0.064884212
tAge,CTL,RCAN2,1.018227569
tAge,CTL,REEP4,0.332648857
tAge,CTL,RELL1,-0.021936327
tAge,CTL,RGL3,-105.3266521
tAge,CTL,RGS17,-0.884630038
tAge,CTL,RHBDD2,0.303346339
tAge,CTL,RHBDF1,30.44020656
tAge,CTL,RHEB,0.479135752
tAge,CTL,RHEBL1,4.617206098
tAge,CTL,RINL,-1.787615674
tAge,CTL,RNF144A,-0.843320292
tAge,CTL,RNF2,-0.158198046
tAge,CTL,RNF24,0.038274269
tAge,CTL,RSPH1,10.08280609
tAge,CTL,RTL8B,145.5575618
tAge,CTL,RTN1,3.205732565
tAge,CTL,RTTN,0.11494404
tAge,CTL,RUNX2,0.004092646
tAge,CTL,SACM1L,0.070328973
tAge,CTL,SALL4,-46.637345
tAge,CTL,SART1,-0.945634551
tAge,CTL,SATB1,-0.310504852
tAge,CTL,SATB2,3.008673249
tAge,CTL,SBF1,-0.056116496
tAge,CTL,SCAPER,-1.430884308
tAge,CTL,SCMH1,-0.862772494
tAge,CTL,SCN4A,4.207267406
tAge,CTL,SCN8A,1.886641251
tAge,CTL,SEC14L1,0.612473747
tAge,CTL,SELL,-1.313500805
tAge,CTL,SENP2,0.37910684
tAge,CTL,SFRP5,5.326088429
tAge,CTL,SFXN2,-2.314009411
tAge,CTL,SGCZ,25.42948938
tAge,CTL,SGK3,-0.859519265
tAge,CTL,SH3GL1,2.169446802
tAge,CTL,SHBG,0.571394832
tAge,CTL,SHROOM1,-10.91490784
tAge,CTL,SIX3,216.4240614
tAge,CTL,SKAP1,-1.110249677
tAge,CTL,SKAP2,0.563025988
tAge,CTL,SLAMF1,0.240425222
tAge,CTL,SLC12A6,-0.016126238
tAge,CTL,SLC16A12-AS1,342.6669395
tAge,CTL,SLC16A6,2.352084586
tAge,CTL,SLC16A7,-0.365726037
tAge,CTL,SLC25A48,156.3804223
tAge,CTL,SLC30A9,0.278234059
tAge,CTL,SLC4A7,0.239674764
tAge,CTL,SLC6A3,36.06384327
tAge,CTL,SLC7A6,-1.810627595
tAge,CTL,SLITRK5,29.01105221
tAge,CTL,SLTM,0.056811476
tAge,CTL,SMARCA1,-67.43441022
tAge,CTL,SMIM10L2A,0.705474548
tAge,CTL,SMURF1,0.763624798
tAge,CTL,SNTB1,-0.246948038
tAge,CTL,SNX9,-0.326018349
tAge,CTL,SOX13,-1.839249035
tAge,CTL,SOX5,2.913377467
tAge,CTL,SP7,-35.39240611
tAge,CTL,SPART,1.470755468
tAge,CTL,SPATA2L,2.447013216
tAge,CTL,SPEF2,1.797182902
tAge,CTL,SPRED1,-0.587391216
tAge,CTL,SPRTN,0.223631713
tAge,CTL,SPTAN1,0.14528708
tAge,CTL,SPTB,6.397221716
tAge,CTL,SRGAP2-AS1,2.593431011
tAge,CTL,SRP68,0.74566951
tAge,CTL,SSBP2,0.13001969
tAge,CTL,SSH2,-0.216208445
tAge,CTL,ST6GALNAC3,-0.571820211
tAge,CTL,STAM,0.270610757
tAge,CTL,STARD3NL,1.674905942
tAge,CTL,STAT3,0.128518976
tAge,CTL,STOX2,27.40426266
tAge,CTL,STX11,1.282211878
tAge,CTL,STXBP6,2.302440759
tAge,CTL,SUGCT,-0.297524128
tAge,CTL,SULT1B1,-0.495727717
tAge,CTL,SVIL,-0.109605718
tAge,CTL,SYNGR2,2.154527712
tAge,CTL,SYT14,-56.12261485
tAge,CTL,SYTL3,0.595083389
tAge,CTL,SYTL4,14.5472479
tAge,CTL,TAB2-AS1,119.3538475
tAge,CTL,TBC1D28,37.44419403
tAge,CTL,TBC1D3C,235.0299185
tAge,CTL,TBC1D4,-0.658030079
tAge,CTL,TBL1XR1,-0.404641985
tAge,CTL,TBXAS1,0.339328115
tAge,CTL,TCF4,-1.968759317
tAge,CTL,TCF7L2,-0.545989409
tAge,CTL,TCFL5,-2.080813771
tAge,CTL,TCL1B,198.7976449
tAge,CTL,TCTN2,2.745456039
tAge,CTL,TDO2,20.94734861
tAge,CTL,TEAD3,-9.517735865
tAge,CTL,TERF1,0.088294761
tAge,CTL,TFAP2D,31.78795696
tAge,CTL,TFRC,0.761503564
tAge,CTL,THAP1,-0.53748379
tAge,CTL,THEMIS,1.332282136
tAge,CTL,THSD8,5.447715866
tAge,CTL,TIA1,0.362237988
tAge,CTL,TLE3,0.64790207
tAge,CTL,TLR7,23.89664537
tAge,CTL,TM6SF1,-2.404137271
tAge,CTL,TMCC1,1.084286267
tAge,CTL,TMEM14A,2.618579266
tAge,CTL,TMEM165,0.899781823
tAge,CTL,TMEM185B,-0.297045467
tAge,CTL,TMEM63C,-1.353401177
tAge,CTL,TNNI2,23.63558155
tAge,CTL,TOR2A,5.447114664
tAge,CTL,TP53TG1,-1.012188112
tAge,CTL,TPGS1,0.102398885
tAge,CTL,TPRG1,1.562945997
tAge,CTL,TPRX1,795.8985804
tAge,CTL,TRABD2A,2.724446135
tAge,CTL,TRAJ16,-6.43064233
tAge,CTL,TRAJ21,21.94136597
tAge,CTL,TRAJ40,7.552538362
tAge,CTL,TRAJ51,47.51558597
tAge,CTL,TRAPPC2,-1.35097687
tAge,CTL,TRARG1,21.20435092
tAge,CTL,TRAV14DV4,-1.657269296
tAge,CTL,TRAV6,0.540025404
tAge,CTL,TRBJ2-2,-14.58841425
tAge,CTL,TRBV10-2,0.002883858
tAge,CTL,TRBV13,-5.057267341
tAge,CTL,TRBV14,-0.668699872
tAge,CTL,TRDV2,-0.088689592
tAge,CTL,TRIM44,-1.77878455
tAge,CTL,TRIM55,52.84462156
tAge,CTL,TRPM2-AS,-61.13581643
tAge,CTL,TRPS1,0.374463171
tAge,CTL,TSGA13,211.5044153
tAge,CTL,TSN,0.008831295
tAge,CTL,TSNAXIP1,35.40148085
tAge,CTL,TTBK2,0.289270738
tAge,CTL,TTTY14,-1.993151451
tAge,CTL,TTYH2,1.618565707
tAge,CTL,TUBA3E,-25.48572952
tAge,CTL,TULP4,-0.839877618
tAge,CTL,TXK,-0.128158064
tAge,CTL,TXNDC12-AS1,-32.47378796
tAge,CTL,UBAC2,-1.884301984
tAge,CTL,UBASH3B,-0.320153828
tAge,CTL,UBE2E1,-0.139710016
tAge,CTL,UBE2G2,-0.364876294
tAge,CTL,UBE3D,-0.595716756
tAge,CTL,UBR1,1.281870799
tAge,CTL,UFL1-AS1,-0.925089247
tAge,CTL,ULK3,-0.684690285
tAge,CTL,UNC93B1,0.034948614
tAge,CTL,UPRT,-0.969623588
tAge,CTL,VAV3,-0.130259871
tAge,CTL,VWA8,-1.817780768
tAge,CTL,WASF1,5.652137375
tAge,CTL,WDFY2,0.126060322
tAge,CTL,WDR64,12.07301987
tAge,CTL,WDR91,-0.499711786
tAge,CTL,WIPF2,0.96706629
tAge,CTL,WNT5B,2.566908076
tAge,CTL,WWC2,-0.533492411
tAge,CTL,XAB2,2.526224423
tAge,CTL,XBP1,-1.212625622
tAge,CTL,XG,-5.301129401
tAge,CTL,YBX2,-156.4546049
tAge,CTL,ZBTB16,-0.023441068
tAge,CTL,ZBTB20-AS1,2.609297988
tAge,CTL,ZBTB40,-1.641836603
tAge,CTL,ZDHHC4,-1.184605382
tAge,CTL,ZFAND4,1.277521145
tAge,CTL,ZFYVE9,-0.335414159
tAge,CTL,ZNF174,2.613746857
tAge,CTL,ZNF208,-1.713145764
tAge,CTL,ZNF211,2.119692567
tAge,CTL,ZNF354C,-3.630359331
tAge,CTL,ZNF43,-0.577119078
tAge,CTL,ZNF438,0.202696566
tAge,CTL,ZNF451,1.156060458
tAge,CTL,ZNF451-AS1,3.247738961
tAge,CTL,ZNF468,-2.510594058
tAge,CTL,ZNF486,-3.091573027
tAge,CTL,ZNF518B,-0.495430529
tAge,CTL,ZNF528,-0.047438894
tAge,CTL,ZNF568,-1.042292852
tAge,CTL,ZNF626,-2.513695325
tAge,CTL,ZNF688,-0.398674475
tAge,CTL,ZNF717,-0.005329102
tAge,CTL,ZNF737,-0.678235048
tAge,CTL,ZNF747,13.25160903
tAge,CTL,ZNF780B,-0.159471088
tAge,CTL,ZNF785,-0.275763052
tAge,CTL,ZNF790,-0.750888295
tAge,CTL,ZNF821,-2.735908792
tAge,CTL,ZNF831,-0.032603799
tAge,CTL,ZNF841,-0.047252972
tAge,Tn_CD4,(Intercept),70.83419563
tAge,Tn_CD4,AAAS,0.198148403
tAge,Tn_CD4,AAK1,-0.248856553
tAge,Tn_CD4,ABCB1,-0.181834554
tAge,Tn_CD4,ABCD2,1.197326088
tAge,Tn_CD4,ABCD3,-0.006045152
tAge,Tn_CD4,ABHD14A-ACY1,1.489509639
tAge,Tn_CD4,ABLIM1,-1.093390274
tAge,Tn_CD4,ACBD4,-2.033742356
tAge,Tn_CD4,ACCS,-0.17709514
tAge,Tn_CD4,ACP7,11.70619652
tAge,Tn_CD4,ACTR3,0.267214941
tAge,Tn_CD4,ACVR1C,0.86145407
tAge,Tn_CD4,ACVR2A,0.209486437
tAge,Tn_CD4,ADAM7,190.5192431
tAge,Tn_CD4,ADAT2,-0.003141243
tAge,Tn_CD4,ADGRA3,-1.836227955
tAge,Tn_CD4,ADGRE5,0.028863134
tAge,Tn_CD4,ADTRP,0.325002031
tAge,Tn_CD4,AFF2,-0.321387839
tAge,Tn_CD4,AFF3,-0.931576421
tAge,Tn_CD4,AGA,-0.193297846
tAge,Tn_CD4,AGFG2,0.957789438
tAge,Tn_CD4,AGMAT,-4.027976311
tAge,Tn_CD4,AGTPBP1,-0.532646893
tAge,Tn_CD4,AHNAK,0.51957129
tAge,Tn_CD4,AHSG,-17.20566917
tAge,Tn_CD4,AKR1C3,-3.250130148
tAge,Tn_CD4,AKR1E2,-1.500553121
tAge,Tn_CD4,AKT3,0.043481697
tAge,Tn_CD4,ALCAM,0.567211725
tAge,Tn_CD4,ALDH1L2,8.33374014
tAge,Tn_CD4,ALS2,-0.393837696
tAge,Tn_CD4,AMMECR1,0.71636712
tAge,Tn_CD4,AMOTL1,-1.610625908
tAge,Tn_CD4,ANGPT1,-0.422229822
tAge,Tn_CD4,ANKMY1,0.678395216
tAge,Tn_CD4,ANKRD12,0.539417423
tAge,Tn_CD4,ANKRD36,0.140409304
tAge,Tn_CD4,ANKRD42,2.056006746
tAge,Tn_CD4,ANTXRL,-0.993288277
tAge,Tn_CD4,ANXA1,0.272235141
tAge,Tn_CD4,ANXA5,0.602575188
tAge,Tn_CD4,AOAH,-0.161554275
tAge,Tn_CD4,APOF,-65.33759852
tAge,Tn_CD4,AQP4-AS1,12.26029236
tAge,Tn_CD4,ARHGAP26,-0.041490272
tAge,Tn_CD4,ARHGAP32,-1.113654128
tAge,Tn_CD4,ARHGAP5,0.244538807
tAge,Tn_CD4,ARHGEF4,-4.07994025
tAge,Tn_CD4,ARMC7,0.745685999
tAge,Tn_CD4,ARPP21,-11.44451452
tAge,Tn_CD4,ASPH,-0.819736448
tAge,Tn_CD4,ATAD2,0.144647808
tAge,Tn_CD4,ATF7IP,0.183584517
tAge,Tn_CD4,ATG4C,-0.82657769
tAge,Tn_CD4,ATP6V1G3,10.24155205
tAge,Tn_CD4,ATXN1,0.397584692
tAge,Tn_CD4,AUTS2,-0.087288604
tAge,Tn_CD4,AZIN2,3.914108886
tAge,Tn_CD4,B4GALT6,-7.979051498
tAge,Tn_CD4,B4GAT1,4.523313086
tAge,Tn_CD4,BAALC,133.3363815
tAge,Tn_CD4,BACE2,-2.571911563
tAge,Tn_CD4,BBS2,1.117521895
tAge,Tn_CD4,BCKDHB,-0.670320586
tAge,Tn_CD4,BCL2,0.373279687
tAge,Tn_CD4,BCL7A,-0.611362217
tAge,Tn_CD4,BCL9,0.468269846
tAge,Tn_CD4,BEX4,-0.223036956
tAge,Tn_CD4,BHLHE40,2.904478426
tAge,Tn_CD4,BHLHE40-AS1,1.858475251
tAge,Tn_CD4,BHLHE41,-4.270119605
tAge,Tn_CD4,BMP2K,-0.664633714
tAge,Tn_CD4,BNIP3L,-0.504195815
tAge,Tn_CD4,BOK,12.15274904
tAge,Tn_CD4,BRSK1,-12.5213768
tAge,Tn_CD4,BRSK2,2.083630501
tAge,Tn_CD4,BTBD3,-1.646512179
tAge,Tn_CD4,C12orf42,-0.716410379
tAge,Tn_CD4,CA8,-13.68231821
tAge,Tn_CD4,CACHD1,-0.52244447
tAge,Tn_CD4,CALCRL,-2.444465266
tAge,Tn_CD4,CAMK4,-1.155310179
tAge,Tn_CD4,CAPN2,1.001141567
tAge,Tn_CD4,CARD16,0.814382084
tAge,Tn_CD4,CASK,1.555232783
tAge,Tn_CD4,CASP3,-0.630431583
tAge,Tn_CD4,CAST,1.019734651
tAge,Tn_CD4,CBX3,-0.87413258
tAge,Tn_CD4,CCDC144NL,-2.846681267
tAge,Tn_CD4,CCDC146,-0.109717341
tAge,Tn_CD4,CCDC195,3.271395473
tAge,Tn_CD4,CCDC7,0.163575445
tAge,Tn_CD4,CCDC93,1.172694645
tAge,Tn_CD4,CCND3,-0.002250518
tAge,Tn_CD4,CCNJL,-67.29053069
tAge,Tn_CD4,CCT7,-1.008412811
tAge,Tn_CD4,CD226,0.075336314
tAge,Tn_CD4,CD247,-0.134690588
tAge,Tn_CD4,CD38,-1.030480832
tAge,Tn_CD4,CD5L,-11.60707107
tAge,Tn_CD4,CD8B,-1.054322638
tAge,Tn_CD4,CDC14B,0.107091547
tAge,Tn_CD4,CDC25C,-5.066495151
tAge,Tn_CD4,CDC42BPB,1.448785391
tAge,Tn_CD4,CDCA7L,-0.164502142
tAge,Tn_CD4,CDR2,-0.02790625
tAge,Tn_CD4,CELF2,-0.321824465
tAge,Tn_CD4,CELF3,140.2671772
tAge,Tn_CD4,CEMIP2,-0.550650206
tAge,Tn_CD4,CEP112,1.416895701
tAge,Tn_CD4,CEP57L1,-0.494262169
tAge,Tn_CD4,CERKL,1.348786917
tAge,Tn_CD4,CERS6,-1.73519725
tAge,Tn_CD4,CGAS,1.433086337
tAge,Tn_CD4,CHCHD10,1.106485652
tAge,Tn_CD4,CHML,-2.827400145
tAge,Tn_CD4,CHST2,-5.893467083
tAge,Tn_CD4,CIAPIN1,-0.341414958
tAge,Tn_CD4,CLEC4G,-94.96415546
tAge,Tn_CD4,CLIC5,2.518773304
tAge,Tn_CD4,CLIP1,0.128746453
tAge,Tn_CD4,CMTM4,-2.988381917
tAge,Tn_CD4,COPB1,0.140168967
tAge,Tn_CD4,CORIN,-3.447617474
tAge,Tn_CD4,CPQ,0.394309142
tAge,Tn_CD4,CR1,-0.782946564
tAge,Tn_CD4,CRB2,-245.5898751
tAge,Tn_CD4,CRISPLD2,12.02612742
tAge,Tn_CD4,CRLF3,-0.261987332
tAge,Tn_CD4,CRYBG1,0.115402244
tAge,Tn_CD4,CSGALNACT1,-1.305664424
tAge,Tn_CD4,CUX1,-0.032711039
tAge,Tn_CD4,CYB561,1.047788795
tAge,Tn_CD4,CYTH3,-1.776015832
tAge,Tn_CD4,CYTL1,13.53353709
tAge,Tn_CD4,CYTOR,0.132684234
tAge,Tn_CD4,DACH1,-0.059079332
tAge,Tn_CD4,DAO,-105.604493
tAge,Tn_CD4,DAPK1,-2.065698207
tAge,Tn_CD4,DAZ2,24.27189847
tAge,Tn_CD4,DBR1,2.897684095
tAge,Tn_CD4,DCAF15,-1.946130186
tAge,Tn_CD4,DCBLD1,-0.344370281
tAge,Tn_CD4,DCBLD2,-1.280212876
tAge,Tn_CD4,DCTN1-AS1,19.80886862
tAge,Tn_CD4,DDN,-202.3351835
tAge,Tn_CD4,DDN-AS1,-2.553905258
tAge,Tn_CD4,DEAF1,-0.773826861
tAge,Tn_CD4,DECR1,-1.372058121
tAge,Tn_CD4,DENND1A,-0.057611126
tAge,Tn_CD4,DHRS7,0.798613938
tAge,Tn_CD4,DIAPH2,0.962030713
tAge,Tn_CD4,DIP2A,-0.178533876
tAge,Tn_CD4,DLGAP1,0.13580842
tAge,Tn_CD4,DMAC2,-4.506001192
tAge,Tn_CD4,DNAI2,2.303028901
tAge,Tn_CD4,DNAJA4,-3.620433367
tAge,Tn_CD4,DNAJB7,4.059833522
tAge,Tn_CD4,DNAJC1,0.27404542
tAge,Tn_CD4,DNMT3B,-8.286789387
tAge,Tn_CD4,DNTT,-2.870482837
tAge,Tn_CD4,DOCK3,-0.104035172
tAge,Tn_CD4,DOK7,39.43113345
tAge,Tn_CD4,DPEP2,-0.211583756
tAge,Tn_CD4,DPP4,0.048280334
tAge,Tn_CD4,DPY19L3,-0.948014349
tAge,Tn_CD4,DPYSL2,-0.751796946
tAge,Tn_CD4,DRAM2,-0.247503437
tAge,Tn_CD4,DSEL,10.24609533
tAge,Tn_CD4,DUSP16,0.256657661
tAge,Tn_CD4,EDA,0.633286086
tAge,Tn_CD4,EGLN3,0.021900122
tAge,Tn_CD4,ELAVL3,54.60938661
tAge,Tn_CD4,ELK4,-0.003710033
tAge,Tn_CD4,ELOVL5,0.792988322
tAge,Tn_CD4,ELOVL6,1.173087452
tAge,Tn_CD4,ENO2,3.263484995
tAge,Tn_CD4,EPB41,-0.964362486
tAge,Tn_CD4,EPB41L3,-0.196482964
tAge,Tn_CD4,EPC2,0.213258818
tAge,Tn_CD4,EPHA5,-15.55717237
tAge,Tn_CD4,ERCC6L,-2.027662833
tAge,Tn_CD4,ESR1,-0.15093905
tAge,Tn_CD4,ESR2,0.250812151
tAge,Tn_CD4,EVA1C,0.797359053
tAge,Tn_CD4,EXOC1,0.014147285
tAge,Tn_CD4,EXTL3,-0.047089775
tAge,Tn_CD4,EYS,1.304595012
tAge,Tn_CD4,EZR,0.005250566
tAge,Tn_CD4,EZR-AS1,-22.97083789
tAge,Tn_CD4,FAF1,-0.547451881
tAge,Tn_CD4,FAM117B,-0.736059774
tAge,Tn_CD4,FAM13A,0.003910077
tAge,Tn_CD4,FAM13B,0.738695766
tAge,Tn_CD4,FAM184A,-0.15768282
tAge,Tn_CD4,FAM25A,-39.45778586
tAge,Tn_CD4,FAM25C,9.922850349
tAge,Tn_CD4,FAM3D,61.48921807
tAge,Tn_CD4,FAM41C,-2.54750315
tAge,Tn_CD4,FAM78B,8.144742749
tAge,Tn_CD4,FAM89B,5.760443049
tAge,Tn_CD4,FAM91A1,0.705340809
tAge,Tn_CD4,FAP,1.33380599
tAge,Tn_CD4,FARSA-AS1,439.3699167
tAge,Tn_CD4,FBXO40,42.3631655
tAge,Tn_CD4,FBXO7,1.057789646
tAge,Tn_CD4,FCGBP,-0.221798829
tAge,Tn_CD4,FCHO2,-1.125789564
tAge,Tn_CD4,FKBP4,-3.257532572
tAge,Tn_CD4,FLNC-AS1,205.1993565
tAge,Tn_CD4,FLT1,-4.903485683
tAge,Tn_CD4,FNDC11,60.62499523
tAge,Tn_CD4,FNDC3B,0.541363054
tAge,Tn_CD4,FOSL2,0.523169428
tAge,Tn_CD4,FOXN3,-0.151100761
tAge,Tn_CD4,FRMD4B,1.845378995
tAge,Tn_CD4,FSIP2,-3.147417239
tAge,Tn_CD4,FTO,0.179174739
tAge,Tn_CD4,FUT9,-52.66665665
tAge,Tn_CD4,FYB1,-0.48410343
tAge,Tn_CD4,GAB4,-23.66465337
tAge,Tn_CD4,GABBR1,0.307796445
tAge,Tn_CD4,GABRA2,-53.247925
tAge,Tn_CD4,GALNT1,-0.155326645
tAge,Tn_CD4,GALNTL6,5.202824102
tAge,Tn_CD4,GBP5,0.074064532
tAge,Tn_CD4,GCH1,0.188745891
tAge,Tn_CD4,GFRA2,-1.145496088
tAge,Tn_CD4,GFRA3,-104.7100748
tAge,Tn_CD4,GIMAP7,-0.086197897
tAge,Tn_CD4,GJA3,-4.462065865
tAge,Tn_CD4,GOLGA8J,-137.245796
tAge,Tn_CD4,GPAT3,2.066483089
tAge,Tn_CD4,GPC5,0.589002898
tAge,Tn_CD4,GREM2,0.606771544
tAge,Tn_CD4,GRIN2B,30.57372725
tAge,Tn_CD4,GRK3,-0.137906689
tAge,Tn_CD4,GRM5,-0.873486093
tAge,Tn_CD4,GRM7-AS3,-7.331394154
tAge,Tn_CD4,GRPEL2,-1.617403368
tAge,Tn_CD4,GSTM4,1.30964639
tAge,Tn_CD4,GTF2I,-0.195931537
tAge,Tn_CD4,GTPBP8,-0.54099366
tAge,Tn_CD4,GYPE,-1.51736038
tAge,Tn_CD4,HABP2,-52.32108907
tAge,Tn_CD4,HERC1,-0.089368745
tAge,Tn_CD4,HIPK3,0.536092347
tAge,Tn_CD4,HIST2H2BE,-1.444683966
tAge,Tn_CD4,HIST2H4B,-20.43607528
tAge,Tn_CD4,HLX-AS1,-4.497176258
tAge,Tn_CD4,HMG20A,-0.32786426
tAge,Tn_CD4,HMGN2,-0.114413375
tAge,Tn_CD4,HNRNPU,0.749414276
tAge,Tn_CD4,HOXA4,-29.21326007
tAge,Tn_CD4,HPGD,-1.376493025
tAge,Tn_CD4,HPSE,1.848139052
tAge,Tn_CD4,HRK,20.8467112
tAge,Tn_CD4,HSD11B2,13.09809943
tAge,Tn_CD4,HVCN1,-0.924071249
tAge,Tn_CD4,IDS,0.417531774
tAge,Tn_CD4,IFI27L2,2.026764285
tAge,Tn_CD4,IGFL4,-115.258949
tAge,Tn_CD4,IGHJ6,714.9262289
tAge,Tn_CD4,IGKV1-5,0.463824244
tAge,Tn_CD4,IGKV1D-17,-141.7675917
tAge,Tn_CD4,IGLJ2,-25.92078012
tAge,Tn_CD4,IGLV3-10,10.30718342
tAge,Tn_CD4,IKZF1,-2.171864578
tAge,Tn_CD4,IKZF2,-0.413483258
tAge,Tn_CD4,IL2RA,1.773846296
tAge,Tn_CD4,IL6ST,-0.002092004
tAge,Tn_CD4,INPP4B,0.595689915
tAge,Tn_CD4,IPCEF1,-0.005447626
tAge,Tn_CD4,IQGAP2,0.338232433
tAge,Tn_CD4,IRF4,0.205403927
tAge,Tn_CD4,ITGA1,-2.168921296
tAge,Tn_CD4,ITGA6,-0.054252462
tAge,Tn_CD4,ITGAV,-0.614048998
tAge,Tn_CD4,ITGB1-DT,4.771986098
tAge,Tn_CD4,ITPR2,-0.717537601
tAge,Tn_CD4,ITPRIP,-0.173446097
tAge,Tn_CD4,ITSN1,-1.490127366
tAge,Tn_CD4,JADE1,0.2987571
tAge,Tn_CD4,JAK1,-0.23290888
tAge,Tn_CD4,JAKMIP3,8.885534405
tAge,Tn_CD4,KALRN,0.586937461
tAge,Tn_CD4,KANSL1L,-1.495279413
tAge,Tn_CD4,KAT2B,0.334515335
tAge,Tn_CD4,KATNAL1,1.36706113
tAge,Tn_CD4,KCNH2,4.099131821
tAge,Tn_CD4,KCNJ13,4.86642822
tAge,Tn_CD4,KCNMB4,-0.006241902
tAge,Tn_CD4,KCNT2,-15.3409799
tAge,Tn_CD4,KCTD19,-0.159555065
tAge,Tn_CD4,KIF21A,0.892318532
tAge,Tn_CD4,KLF14,250.0261533
tAge,Tn_CD4,KLF6,0.265315913
tAge,Tn_CD4,KLHDC4,-0.107061076
tAge,Tn_CD4,KLHL13,-1.156754124
tAge,Tn_CD4,KLHL29,-0.281332888
tAge,Tn_CD4,KMT2E,0.65592895
tAge,Tn_CD4,KNOP1,-1.410942386
tAge,Tn_CD4,KPNA7,-82.47483065
tAge,Tn_CD4,KRT2,-7.984710359
tAge,Tn_CD4,KTN1,-0.161370512
tAge,Tn_CD4,L3MBTL3,0.301712595
tAge,Tn_CD4,LAMP5,254.2027521
tAge,Tn_CD4,LARP1,-0.869521708
tAge,Tn_CD4,LARS2,-0.753946357
tAge,Tn_CD4,LCLAT1,-0.128030415
tAge,Tn_CD4,LDB2,-10.84650109
tAge,Tn_CD4,LGR4,-1.510323838
tAge,Tn_CD4,LGR5,-54.05077392
tAge,Tn_CD4,LINC00494,-18.37861952
tAge,Tn_CD4,LINC00865,-28.25943332
tAge,Tn_CD4,LINC01116,-104.4715343
tAge,Tn_CD4,LINC01249,-11.90664685
tAge,Tn_CD4,LINC01413,-36.291729
tAge,Tn_CD4,LINC01505,-1.413972761
tAge,Tn_CD4,LINC01524,1.659752896
tAge,Tn_CD4,LINC01684,0.287777125
tAge,Tn_CD4,LINC01726,31.06875132
tAge,Tn_CD4,LINC01727,2.579788176
tAge,Tn_CD4,LINC01749,-15.79481481
tAge,Tn_CD4,LINC01811,-3.402878875
tAge,Tn_CD4,LINC01979,-2.225219822
tAge,Tn_CD4,LINC01988,-111.1211681
tAge,Tn_CD4,LINC02149,-14.71507543
tAge,Tn_CD4,LINC02217,-31.34413517
tAge,Tn_CD4,LINC02278,384.7109248
tAge,Tn_CD4,LINC02301,-3.026511726
tAge,Tn_CD4,LINC02446,-0.567738374
tAge,Tn_CD4,LINC02513,-5.216291981
tAge,Tn_CD4,LINC02580,2.5491562
tAge,Tn_CD4,LMO4,-2.197863073
tAge,Tn_CD4,LONRF3,0.625126029
tAge,Tn_CD4,LOXL1-AS1,0.792169977
tAge,Tn_CD4,LPAR3,1.475348599
tAge,Tn_CD4,LPCAT2,-6.942999721
tAge,Tn_CD4,LPGAT1,0.357803566
tAge,Tn_CD4,LPP,0.240315299
tAge,Tn_CD4,LRIG1,0.72516568
tAge,Tn_CD4,LRRC26,102.7320399
tAge,Tn_CD4,LRRC32,-187.5612608
tAge,Tn_CD4,LRRC7,-0.077875345
tAge,Tn_CD4,LRRC74B,-17.89561397
tAge,Tn_CD4,LRRN3,-1.978759351
tAge,Tn_CD4,LTBR,31.81970823
tAge,Tn_CD4,LYSMD4,-0.174770809
tAge,Tn_CD4,MAML2,-1.888750786
tAge,Tn_CD4,MAML3,-0.88940021
tAge,Tn_CD4,MAN2A1,0.30744507
tAge,Tn_CD4,MAP3K5,0.026314041
tAge,Tn_CD4,MB21D2,1.094010434
tAge,Tn_CD4,MBNL1,0.082430105
tAge,Tn_CD4,MBNL1-AS1,2.480406092
tAge,Tn_CD4,MBOAT2,-0.121889135
tAge,Tn_CD4,MCC,-0.157987131
tAge,Tn_CD4,MCOLN2,0.872469644
tAge,Tn_CD4,MCRIP2,8.334010125
tAge,Tn_CD4,MCTP1,-0.412601596
tAge,Tn_CD4,MDFIC,0.340639572
tAge,Tn_CD4,MEGF9,0.019337855
tAge,Tn_CD4,MEOX1,0.83093416
tAge,Tn_CD4,MFSD2B,1.897307612
tAge,Tn_CD4,MFSD6,0.195306489
tAge,Tn_CD4,MIR181A1HG,-0.268061631
tAge,Tn_CD4,MIR3150BHG,19.73279711
tAge,Tn_CD4,MIR99AHG,-0.254182636
tAge,Tn_CD4,MIRLET7BHG,0.608130395
tAge,Tn_CD4,MPPED2,-0.685422537
tAge,Tn_CD4,MRC2,-1.154830205
tAge,Tn_CD4,MS4A14,10.27532813
tAge,Tn_CD4,MS4A4E,-1.08262812
tAge,Tn_CD4,MSANTD3-TMEFF1,-11.27217567
tAge,Tn_CD4,MSH2,-0.28011606
tAge,Tn_CD4,MSRB2,-2.845193393
tAge,Tn_CD4,MSTN,1.795210777
tAge,Tn_CD4,MTA3,-0.579411573
tAge,Tn_CD4,MTFMT,-0.875228857
tAge,Tn_CD4,MTHFD2L,-0.10440964
tAge,Tn_CD4,MYEF2,-0.669995419
tAge,Tn_CD4,MYL3,74.42612765
tAge,Tn_CD4,MYO16,0.014756977
tAge,Tn_CD4,MYO1B,6.176390177
tAge,Tn_CD4,MYO5A,0.860470422
tAge,Tn_CD4,MYOM2,-0.23047645
tAge,Tn_CD4,N4BP1,-0.229898873
tAge,Tn_CD4,NAA16,-0.25029064
tAge,Tn_CD4,NAALADL2,-0.967591082
tAge,Tn_CD4,NAP1L2,0.207308125
tAge,Tn_CD4,NBEA,-0.832281757
tAge,Tn_CD4,NCALD,-0.415820798
tAge,Tn_CD4,NCAN,-44.17886623
tAge,Tn_CD4,NCAPD2,-0.427431687
tAge,Tn_CD4,NCBP2L,5.338511274
tAge,Tn_CD4,NCOA3,-0.276175921
tAge,Tn_CD4,NDUFC2-KCTD14,-9.927058278
tAge,Tn_CD4,NECTIN3,0.089728251
tAge,Tn_CD4,NEPRO,-0.183145075
tAge,Tn_CD4,NEXMIF,0.702302289
tAge,Tn_CD4,NFATC1,0.578674753
tAge,Tn_CD4,NFKB1,0.296339675
tAge,Tn_CD4,NLGN4Y,1.804111973
tAge,Tn_CD4,NLRP11,-53.58106966
tAge,Tn_CD4,NMNAT2,8.720234533
tAge,Tn_CD4,NOTCH2,0.124296321
tAge,Tn_CD4,NOX5,-22.02807414
tAge,Tn_CD4,NOXRED1,2.756162082
tAge,Tn_CD4,NPIPB2,-3.603493055
tAge,Tn_CD4,NR3C2,0.362214444
tAge,Tn_CD4,NRAV,-3.207529724
tAge,Tn_CD4,NREP,-2.723478519
tAge,Tn_CD4,NRIP1,-1.263535159
tAge,Tn_CD4,NT5C2,-0.100535728
tAge,Tn_CD4,NT5E,-1.860963327
tAge,Tn_CD4,NTN5,-0.504749226
tAge,Tn_CD4,NTRK1,-4.126603229
tAge,Tn_CD4,NUCB2,-0.157333308
tAge,Tn_CD4,NUDCD3,1.269395094
tAge,Tn_CD4,NUP50-DT,-0.328857577
tAge,Tn_CD4,OBSCN,-0.057143786
tAge,Tn_CD4,OLR1,-19.82298781
tAge,Tn_CD4,OPA1,0.077283917
tAge,Tn_CD4,OPN3,-1.902351602
tAge,Tn_CD4,OR1B1,-5.445306651
tAge,Tn_CD4,OR2A1,-1.493413929
tAge,Tn_CD4,OR2J3,155.7577103
tAge,Tn_CD4,OR4F17,-29.72328275
tAge,Tn_CD4,ORM1,-261.9117116
tAge,Tn_CD4,OSBPL3,0.367178126
tAge,Tn_CD4,OXR1,-0.357107466
tAge,Tn_CD4,PACS1,-0.717713959
tAge,Tn_CD4,PACSIN1,-7.824448061
tAge,Tn_CD4,PAK3,1.299277989
tAge,Tn_CD4,PAK6,-118.5532478
tAge,Tn_CD4,PARD3,-0.157414021
tAge,Tn_CD4,PARS2,-2.789758589
tAge,Tn_CD4,PATJ,0.957516491
tAge,Tn_CD4,PAWR,-2.760195514
tAge,Tn_CD4,PCAT6,-30.02310026
tAge,Tn_CD4,PCCB,-1.298367884
tAge,Tn_CD4,PCDH9,-1.738162084
tAge,Tn_CD4,PCDHGA6,3.11920258
tAge,Tn_CD4,PCMTD2,-0.006988933
tAge,Tn_CD4,PCNX1,0.963742815
tAge,Tn_CD4,PCNX2,0.13936214
tAge,Tn_CD4,PCNX3,-1.714225901
tAge,Tn_CD4,PCOLCE-AS1,1.102214724
tAge,Tn_CD4,PDE7B,-0.690001873
tAge,Tn_CD4,PDK1,-0.404840732
tAge,Tn_CD4,PECAM1,-0.145195194
tAge,Tn_CD4,PEX5,-1.443338811
tAge,Tn_CD4,PHACTR2-AS1,-14.28270335
tAge,Tn_CD4,PHGDH,-4.948098923
tAge,Tn_CD4,PHLDA3,17.40952022
tAge,Tn_CD4,PIGW,-0.024085599
tAge,Tn_CD4,PIM1,0.916005406
tAge,Tn_CD4,PJA2,0.322345495
tAge,Tn_CD4,PKD2,-0.804311091
tAge,Tn_CD4,PKIA,-0.056396458
tAge,Tn_CD4,PLAG1,-0.62340832
tAge,Tn_CD4,PLCB1,-0.809834094
tAge,Tn_CD4,PLEKHA2,0.404165007
tAge,Tn_CD4,PLEKHA5,-0.130845075
tAge,Tn_CD4,PLPPR5,14.45255782
tAge,Tn_CD4,POC5,0.18651003
tAge,Tn_CD4,POLA2,1.803744225
tAge,Tn_CD4,POLH-AS1,17.66813934
tAge,Tn_CD4,POLR2B,0.408436935
tAge,Tn_CD4,PON2,-1.067589069
tAge,Tn_CD4,POU4F1,-88.42629133
tAge,Tn_CD4,PPA2,0.025865789
tAge,Tn_CD4,PPFIA4,-27.13720586
tAge,Tn_CD4,PPFIBP2,1.081097987
tAge,Tn_CD4,PPM1L,-0.238878043
tAge,Tn_CD4,PPP1R27,306.323201
tAge,Tn_CD4,PPP2R2B,1.331637857
tAge,Tn_CD4,PPP4R4,1.610965507
tAge,Tn_CD4,PRAMEF15,58.0563115
tAge,Tn_CD4,PRDX3,-0.94224488
tAge,Tn_CD4,PRDX6,0.286431995
tAge,Tn_CD4,PREX1,0.722363419
tAge,Tn_CD4,PRG4,1.739616193
tAge,Tn_CD4,PRKACB,-0.229451334
tAge,Tn_CD4,PRKAR1B,-0.449928908
tAge,Tn_CD4,PRKCA,0.48356831
tAge,Tn_CD4,PROCA1,-8.086433781
tAge,Tn_CD4,PROSER2,0.744143681
tAge,Tn_CD4,PRSS41,-90.6370401
tAge,Tn_CD4,PRY2,59.04155354
tAge,Tn_CD4,PSMB6,-0.216465479
tAge,Tn_CD4,PSME4,-0.583823138
tAge,Tn_CD4,PTCH1,0.602733962
tAge,Tn_CD4,PTGIR,-0.58745283
tAge,Tn_CD4,PTMA,-0.048015219
tAge,Tn_CD4,PTPN4,0.788005042
tAge,Tn_CD4,PTPRK,-0.479006427
tAge,Tn_CD4,PTTG1,7.805153082
tAge,Tn_CD4,PUM1,-0.533087879
tAge,Tn_CD4,PYHIN1,0.896026716
tAge,Tn_CD4,RAB27A,1.790692413
tAge,Tn_CD4,RABEP1,-1.598953015
tAge,Tn_CD4,RAD54B,-0.380866689
tAge,Tn_CD4,RALGAPA1,0.967245372
tAge,Tn_CD4,RAP1B,-0.017684967
tAge,Tn_CD4,RAPGEF6,-0.545045415
tAge,Tn_CD4,RASA2,-0.573421037
tAge,Tn_CD4,RASGRF2,0.403126035
tAge,Tn_CD4,RASGRP1,-0.272219846
tAge,Tn_CD4,RBMS3-AS1,-33.69795703
tAge,Tn_CD4,REXO2,-2.548340288
tAge,Tn_CD4,RFTN1,-0.074285851
tAge,Tn_CD4,RGL3,346.4019987
tAge,Tn_CD4,RGMB,2.909901111
tAge,Tn_CD4,RGS12,1.071890006
tAge,Tn_CD4,RHOXF1-AS1,-1.525563235
tAge,Tn_CD4,RIOX2,0.789445428
tAge,Tn_CD4,RIPK4,-7.59324747
tAge,Tn_CD4,RNASEH2B,0.5398998
tAge,Tn_CD4,RNF157,0.319610926
tAge,Tn_CD4,RNF175,-0.54382136
tAge,Tn_CD4,RORA,0.180527379
tAge,Tn_CD4,RPIA,-1.972253112
tAge,Tn_CD4,RPS6KC1,-1.860973378
tAge,Tn_CD4,RPS8,-0.199586743
tAge,Tn_CD4,RPTOR,-0.625204184
tAge,Tn_CD4,RTL10,-0.295370942
tAge,Tn_CD4,RUNX2,0.950733701
tAge,Tn_CD4,S100B,-2.072852566
tAge,Tn_CD4,SAE1,-0.877499819
tAge,Tn_CD4,SALRNA2,61.72475872
tAge,Tn_CD4,SAMD4A,0.553509835
tAge,Tn_CD4,SBF2,-1.283678876
tAge,Tn_CD4,SCMH1,0.646155554
tAge,Tn_CD4,SCTR,-23.19593287
tAge,Tn_CD4,SDK1,-0.400072061
tAge,Tn_CD4,SEC31A,1.379523385
tAge,Tn_CD4,SELL,-0.358794694
tAge,Tn_CD4,SERPINB8,2.432558135
tAge,Tn_CD4,SERPINE2,-2.179126009
tAge,Tn_CD4,SESN3,0.264873446
tAge,Tn_CD4,SETD9,-0.408408844
tAge,Tn_CD4,SFMBT1,0.831055649
tAge,Tn_CD4,SGSM1,0.23759384
tAge,Tn_CD4,SH3PXD2B,-7.39475724
tAge,Tn_CD4,SH3RF3,-0.460483176
tAge,Tn_CD4,SHANK1,-4.254305488
tAge,Tn_CD4,SHOX,-62.41615566
tAge,Tn_CD4,SHROOM1,-47.1409361
tAge,Tn_CD4,SIGLEC12,-40.51019243
tAge,Tn_CD4,SIM2,-9.82541167
tAge,Tn_CD4,SKAP2,-3.210691495
tAge,Tn_CD4,SLC12A6,-1.370122408
tAge,Tn_CD4,SLC16A10,-0.699173733
tAge,Tn_CD4,SLC16A6,0.517775608
tAge,Tn_CD4,SLC22A23,-0.709085942
tAge,Tn_CD4,SLC25A24,0.793626195
tAge,Tn_CD4,SLC26A1,-9.991294507
tAge,Tn_CD4,SLC26A11,0.474002316
tAge,Tn_CD4,SLC30A2,-73.48561955
tAge,Tn_CD4,SLC35G3,57.22278971
tAge,Tn_CD4,SLC39A8,0.670902363
tAge,Tn_CD4,SLC40A1,0.343239297
tAge,Tn_CD4,SLC7A3,72.82947607
tAge,Tn_CD4,SLC8B1,-0.888165619
tAge,Tn_CD4,SLCO3A1,0.380242669
tAge,Tn_CD4,SLFN12L,0.650189185
tAge,Tn_CD4,SLFN13,3.531659485
tAge,Tn_CD4,SLK,0.862711725
tAge,Tn_CD4,SMAD3,0.698866906
tAge,Tn_CD4,SMAP1,0.700816473
tAge,Tn_CD4,SMCO3,-137.4845373
tAge,Tn_CD4,SMTN,-13.07884117
tAge,Tn_CD4,SMYD2,-0.187927384
tAge,Tn_CD4,SMYD5,-0.190526032
tAge,Tn_CD4,SNCA-AS1,-279.8452181
tAge,Tn_CD4,SNRNP27,-0.395263912
tAge,Tn_CD4,SNX24,0.109848327
tAge,Tn_CD4,SORCS3,0.768464945
tAge,Tn_CD4,SPDYA,0.834163778
tAge,Tn_CD4,SPIN3,0.076914228
tAge,Tn_CD4,SPNS3,9.632350501
tAge,Tn_CD4,SPRED3,-3.076361575
tAge,Tn_CD4,SRGAP2-AS1,11.16875993
tAge,Tn_CD4,SRSF12,-2.364729754
tAge,Tn_CD4,SSH2,-1.936460046
tAge,Tn_CD4,ST3GAL6,-1.320432129
tAge,Tn_CD4,STARD9,-1.853196674
tAge,Tn_CD4,STAT4,1.18941342
tAge,Tn_CD4,STK17A,-0.0361114
tAge,Tn_CD4,STK33,-3.007771575
tAge,Tn_CD4,STMN1,-0.579471309
tAge,Tn_CD4,STRADB,1.308414138
tAge,Tn_CD4,STX2,0.86036092
tAge,Tn_CD4,STX8,0.012766732
tAge,Tn_CD4,SUPT3H,0.275906179
tAge,Tn_CD4,SUSD1,0.793320239
tAge,Tn_CD4,SUSD6,0.928837528
tAge,Tn_CD4,SYNE2,0.668997765
tAge,Tn_CD4,SYNE3,0.072409754
tAge,Tn_CD4,SYTL1,-1.335518788
tAge,Tn_CD4,TAF7L,-14.61091432
tAge,Tn_CD4,TANC2,-0.743616991
tAge,Tn_CD4,TAS2R13,-8.091121887
tAge,Tn_CD4,TBCC,-1.138036284
tAge,Tn_CD4,TBX15,-0.907303825
tAge,Tn_CD4,TBX18,-1.82551666
tAge,Tn_CD4,TCF7L2,-2.573934975
tAge,Tn_CD4,TCP11L1,0.501255384
tAge,Tn_CD4,TCTE1,-13.35399353
tAge,Tn_CD4,TDRD3,0.831253081
tAge,Tn_CD4,TDRD9,-7.075253894
tAge,Tn_CD4,TENM1,-0.027423332
tAge,Tn_CD4,TEX22,-2.352942761
tAge,Tn_CD4,TFAP4,-0.092832384
tAge,Tn_CD4,TFG,0.443583012
tAge,Tn_CD4,TGFBR2,-0.887635036
tAge,Tn_CD4,THADA,0.394071692
tAge,Tn_CD4,THOC3,0.316976516
tAge,Tn_CD4,TICAM1,0.084234695
tAge,Tn_CD4,TKTL2,-124.5194845
tAge,Tn_CD4,TLCD1,2.150813968
tAge,Tn_CD4,TLN2,-2.525508209
tAge,Tn_CD4,TLR2,-0.193438601
tAge,Tn_CD4,TMEM121B,-59.2518025
tAge,Tn_CD4,TMEM150B,70.63466213
tAge,Tn_CD4,TMEM209,0.195047925
tAge,Tn_CD4,TMEM38B,0.454169317
tAge,Tn_CD4,TMEM42,-2.885969436
tAge,Tn_CD4,TMEM63C,-42.43851496
tAge,Tn_CD4,TMEM74,-132.1954691
tAge,Tn_CD4,TMEM8B,-2.307837609
tAge,Tn_CD4,TMOD1,1.081512971
tAge,Tn_CD4,TMPRSS11A,-47.18821656
tAge,Tn_CD4,TMX4,0.748813284
tAge,Tn_CD4,TNF,2.795853585
tAge,Tn_CD4,TNFAIP8L1,-0.280863406
tAge,Tn_CD4,TNFRSF10B,0.418651518
tAge,Tn_CD4,TNFRSF1B,1.544059094
tAge,Tn_CD4,TNNI2,81.79750107
tAge,Tn_CD4,TNRC6C,-0.556420236
tAge,Tn_CD4,TOX,-0.26763074
tAge,Tn_CD4,TP53AIP1,-22.52481965
tAge,Tn_CD4,TPD52,0.183116872
tAge,Tn_CD4,TPMT,-0.845128954
tAge,Tn_CD4,TPO,20.52678482
tAge,Tn_CD4,TRAF1,0.121217837
tAge,Tn_CD4,TRAJ38,-1.866494412
tAge,Tn_CD4,TRAK2,0.936087205
tAge,Tn_CD4,TRAV19,-0.48449214
tAge,Tn_CD4,TRBV6-6,-0.922118899
tAge,Tn_CD4,TRIM2,0.985953866
tAge,Tn_CD4,TRIM35,0.227486044
tAge,Tn_CD4,TRIO,-0.310130636
tAge,Tn_CD4,TRPC1,0.216022737
tAge,Tn_CD4,TRPV6,-111.4500103
tAge,Tn_CD4,TSHZ2,0.381384151
tAge,Tn_CD4,TSPAN13,-5.075681413
tAge,Tn_CD4,TSPAN18,1.103839234
tAge,Tn_CD4,TSPAN5,0.297330421
tAge,Tn_CD4,TSPO,0.431372451
tAge,Tn_CD4,TSR2,-0.048994506
tAge,Tn_CD4,TTLL1,-1.444327211
tAge,Tn_CD4,TTLL5,0.122465517
tAge,Tn_CD4,TTLL8,-190.6956425
tAge,Tn_CD4,TUBE1,0.706282556
tAge,Tn_CD4,TXNRD3,-0.456426722
tAge,Tn_CD4,UACA,0.056831903
tAge,Tn_CD4,UBASH3B,-0.701308894
tAge,Tn_CD4,UBE2B,-0.36142979
tAge,Tn_CD4,UBE2D2,-0.224173349
tAge,Tn_CD4,UBE2E2,-1.079102662
tAge,Tn_CD4,UBE2G2,-0.686903523
tAge,Tn_CD4,UBE3D,-0.194789933
tAge,Tn_CD4,UGCG,0.968949324
tAge,Tn_CD4,UGP2,0.492477977
tAge,Tn_CD4,USP15,-0.371281408
tAge,Tn_CD4,USP30,-0.770050777
tAge,Tn_CD4,UTRN,-0.858892768
tAge,Tn_CD4,VAV3,-0.713131995
tAge,Tn_CD4,VCAM1,-18.87834644
tAge,Tn_CD4,VCL,1.145296166
tAge,Tn_CD4,VKORC1L1,-0.115029215
tAge,Tn_CD4,VOPP1,1.038167482
tAge,Tn_CD4,VPS13B,0.039315416
tAge,Tn_CD4,WDR53,1.035036848
tAge,Tn_CD4,WNT8B,12.32311387
tAge,Tn_CD4,WRN,-0.413300121
tAge,Tn_CD4,XCR1,647.6056151
tAge,Tn_CD4,XPR1,0.670958632
tAge,Tn_CD4,YPEL2,-0.320498136
tAge,Tn_CD4,YWHAB,-0.529808616
tAge,Tn_CD4,ZBTB44,-0.484990945
tAge,Tn_CD4,ZBTB46,5.081076862
tAge,Tn_CD4,ZBTB8B,-62.88965426
tAge,Tn_CD4,ZC3H12D,0.501343017
tAge,Tn_CD4,ZC3HAV1,-0.131363408
tAge,Tn_CD4,ZCCHC12,-53.41484104
tAge,Tn_CD4,ZCCHC4,2.114825554
tAge,Tn_CD4,ZFHX3,-3.892251368
tAge,Tn_CD4,ZFYVE28,0.104899192
tAge,Tn_CD4,ZNF132,-12.27756627
tAge,Tn_CD4,ZNF169,-0.434001588
tAge,Tn_CD4,ZNF208,0.611642559
tAge,Tn_CD4,ZNF22,-1.944867471
tAge,Tn_CD4,ZNF221,-4.478717435
tAge,Tn_CD4,ZNF229,-5.291532554
tAge,Tn_CD4,ZNF462,-0.461636059
tAge,Tn_CD4,ZNF483,0.58568952
tAge,Tn_CD4,ZNF518B,-0.408970724
tAge,Tn_CD4,ZNF526,-2.552040753
tAge,Tn_CD4,ZNF587B,-2.282289284
tAge,Tn_CD4,ZNF595,-2.589447766
tAge,Tn_CD4,ZNF597,-5.498682607
tAge,Tn_CD4,ZNF618,-2.456826508
tAge,Tn_CD4,ZNF630,0.02598689
tAge,Tn_CD4,ZNF667-AS1,-2.067953127
tAge,Tn_CD4,ZNF697,0.09380021
tAge,Tn_CD4,ZNF723,-88.0274049
tAge,Tn_CD4,ZNF727,1.151684236
tAge,Tn_CD4,ZNF827,-0.078090606
tAge,Tn_CD4,ZNF852,-0.860894907
tAge,Tn_CD4,ZRANB3,-0.423298012
tAge,Tn_CD4,ZSCAN22,-1.331116386
tAge,Tn_CD4,ZSWIM5,0.600221665
tAge,Tex_CD4,(Intercept),38.24897423
tAge,Tex_CD4,ABCB6,15.88324941
tAge,Tex_CD4,ABHD12,0.381589237
tAge,Tex_CD4,ACD,0.013507557
tAge,Tex_CD4,ADAM23,1.704713705
tAge,Tex_CD4,ADGRF3,0.345835165
tAge,Tex_CD4,AFF3,-0.617307183
tAge,Tex_CD4,AGPAT5,1.248652947
tAge,Tex_CD4,AHDC1,-0.192148602
tAge,Tex_CD4,AHNAK,0.153307348
tAge,Tex_CD4,AK5,-0.437449549
tAge,Tex_CD4,ALKBH6,3.134915994
tAge,Tex_CD4,ALS2,-0.639818582
tAge,Tex_CD4,AMPD1,26.29964522
tAge,Tex_CD4,ANPEP,-9.050183673
tAge,Tex_CD4,AP4B1,-0.131552526
tAge,Tex_CD4,AP5M1,0.754834964
tAge,Tex_CD4,APOBEC2,16.31320055
tAge,Tex_CD4,ARAP1-AS2,3.723496636
tAge,Tex_CD4,ARAP2,0.409656693
tAge,Tex_CD4,ARHGAP45,0.29797023
tAge,Tex_CD4,ARID4A,-1.083963807
tAge,Tex_CD4,ARMH4,0.23788182
tAge,Tex_CD4,ASAP2,1.875794879
tAge,Tex_CD4,ASCC3,0.837281376
tAge,Tex_CD4,ASIP,11.14399308
tAge,Tex_CD4,ASPHD1,1.808946955
tAge,Tex_CD4,ATMIN,0.177584339
tAge,Tex_CD4,ATP5PF,0.742572561
tAge,Tex_CD4,ATP7A,0.175959487
tAge,Tex_CD4,ATP8B3,-0.336640351
tAge,Tex_CD4,B3GALT4,2.10079332
tAge,Tex_CD4,B3GNTL1,1.035845031
tAge,Tex_CD4,BAALC-AS1,1.468300779
tAge,Tex_CD4,BACE1-AS,2.410510423
tAge,Tex_CD4,BAIAP2-DT,5.938217205
tAge,Tex_CD4,BAP1,0.37621839
tAge,Tex_CD4,BCAS2,-0.369698408
tAge,Tex_CD4,BFSP2-AS1,1.771055289
tAge,Tex_CD4,BOLA2,-5.667735382
tAge,Tex_CD4,BOLA3,-10.32225313
tAge,Tex_CD4,BORCS5,0.618014104
tAge,Tex_CD4,BRAP,0.822952252
tAge,Tex_CD4,BROX,0.640069763
tAge,Tex_CD4,C10orf105,-1.403733225
tAge,Tex_CD4,C10orf67,5.804057103
tAge,Tex_CD4,C3orf52,-2.304311025
tAge,Tex_CD4,C6,-8.892239146
tAge,Tex_CD4,C6orf58,3.752578338
tAge,Tex_CD4,CAMK2N1,2.44765622
tAge,Tex_CD4,CAMK4,-0.054630173
tAge,Tex_CD4,CAMKK2,1.216461783
tAge,Tex_CD4,CARD6,-1.629458592
tAge,Tex_CD4,CASKIN2,32.00579233
tAge,Tex_CD4,CASP6,0.477330979
tAge,Tex_CD4,CCDC134,1.089426511
tAge,Tex_CD4,CCDC65,-0.853081297
tAge,Tex_CD4,CCDC88C,0.52542311
tAge,Tex_CD4,CCIN,-9.278566395
tAge,Tex_CD4,CCL4L2,14.20435007
tAge,Tex_CD4,CD14,-5.945909862
tAge,Tex_CD4,CD180,-11.91667664
tAge,Tex_CD4,CD320,1.103861821
tAge,Tex_CD4,CD9,-16.9214012
tAge,Tex_CD4,CDK13,1.992126561
tAge,Tex_CD4,CDK19,-0.06930334
tAge,Tex_CD4,CDON,-0.188075713
tAge,Tex_CD4,CEP72,3.50209503
tAge,Tex_CD4,CERCAM,-0.096429297
tAge,Tex_CD4,CETP,8.387266927
tAge,Tex_CD4,CFAP53,7.114225001
tAge,Tex_CD4,CFAP70,1.164944553
tAge,Tex_CD4,CHKB,-6.40790821
tAge,Tex_CD4,CHRNA7,-1.257467653
tAge,Tex_CD4,CHST1,56.47647167
tAge,Tex_CD4,CISD1,2.132305161
tAge,Tex_CD4,CMTR1,0.704465522
tAge,Tex_CD4,CNDP1,2.536004868
tAge,Tex_CD4,CNPY4,-2.309273056
tAge,Tex_CD4,CNTD1,1.782965283
tAge,Tex_CD4,CNTF,4.915692985
tAge,Tex_CD4,COL9A3,22.93853137
tAge,Tex_CD4,COX6A1,-2.108450225
tAge,Tex_CD4,COX7A2,-0.537025117
tAge,Tex_CD4,CRIM1,-0.501114357
tAge,Tex_CD4,CRTC3-AS1,0.702400587
tAge,Tex_CD4,CSNK2A2,0.590781952
tAge,Tex_CD4,CTAGE4,69.77234339
tAge,Tex_CD4,CTC1,0.211838314
tAge,Tex_CD4,CTNNA3,2.036284557
tAge,Tex_CD4,CTPS2,-0.325773613
tAge,Tex_CD4,CWF19L1,-1.389852921
tAge,Tex_CD4,CYB5R3,1.023712883
tAge,Tex_CD4,DCAF1,0.312430637
tAge,Tex_CD4,DCTN4,0.96454789
tAge,Tex_CD4,DIP2B,-0.761983587
tAge,Tex_CD4,DLC1,37.27577693
tAge,Tex_CD4,DLGAP1-AS5,5.90333592
tAge,Tex_CD4,DNAH17,6.638295875
tAge,Tex_CD4,DNAH5,14.45105916
tAge,Tex_CD4,DNAJC16,0.723774535
tAge,Tex_CD4,DNAJC27,-1.707755575
tAge,Tex_CD4,DOCK5,2.917327822
tAge,Tex_CD4,DOCK7,-0.047316842
tAge,Tex_CD4,DOK3,-1.229318956
tAge,Tex_CD4,DPH6,1.241331753
tAge,Tex_CD4,DSE,0.416434916
tAge,Tex_CD4,DYRK1B,3.103201124
tAge,Tex_CD4,DYSF,12.91922382
tAge,Tex_CD4,EBLN2,-2.394038419
tAge,Tex_CD4,EDAR,-3.769892
tAge,Tex_CD4,EGFL7,24.02690265
tAge,Tex_CD4,EIF2D,-0.026314393
tAge,Tex_CD4,EIF2S2,-0.165736247
tAge,Tex_CD4,ENO1-AS1,20.7964836
tAge,Tex_CD4,ENPP7,2.228345616
tAge,Tex_CD4,ENTPD1,0.788562711
tAge,Tex_CD4,EPS15,0.598809263
tAge,Tex_CD4,EREG,-12.3390965
tAge,Tex_CD4,EXOSC10,0.202738024
tAge,Tex_CD4,FAM117B,-0.242905221
tAge,Tex_CD4,FAM120C,-0.635305354
tAge,Tex_CD4,FAM151B,1.041355622
tAge,Tex_CD4,FAM209B,-6.027208012
tAge,Tex_CD4,FAM50B,1.735701455
tAge,Tex_CD4,FAM78B,-1.565274346
tAge,Tex_CD4,FAR2,0.897126239
tAge,Tex_CD4,FCHO2,-2.008446657
tAge,Tex_CD4,FGD6,-1.92190028
tAge,Tex_CD4,FMNL2,-3.523132471
tAge,Tex_CD4,FOXD2-AS1,-17.74497278
tAge,Tex_CD4,FOXM1,0.109340071
tAge,Tex_CD4,FRMD3,0.775712445
tAge,Tex_CD4,FRMD4B,1.535256444
tAge,Tex_CD4,FTH1,-0.140339006
tAge,Tex_CD4,FXYD7,-0.592661644
tAge,Tex_CD4,FYB1,-0.261363291
tAge,Tex_CD4,GABPA,-0.166333782
tAge,Tex_CD4,GALK1,5.355632033
tAge,Tex_CD4,GALM,-0.079742253
tAge,Tex_CD4,GALNT4,4.879580286
tAge,Tex_CD4,GAS8,-3.58488179
tAge,Tex_CD4,GDPD1,2.93527623
tAge,Tex_CD4,gender,0.33940484
tAge,Tex_CD4,GIMAP7,-0.643554695
tAge,Tex_CD4,GINS4,1.787421989
tAge,Tex_CD4,GJC1,-10.19082711
tAge,Tex_CD4,GLRA1,2.245006146
tAge,Tex_CD4,GLYAT,8.531686149
tAge,Tex_CD4,GM2A,-7.019567009
tAge,Tex_CD4,GMPR,-3.254670683
tAge,Tex_CD4,GNAI3,0.164247777
tAge,Tex_CD4,GNAQ,-0.825635772
tAge,Tex_CD4,GOLPH3,0.247161192
tAge,Tex_CD4,GPER1,-25.28744765
tAge,Tex_CD4,GPR68,0.133887085
tAge,Tex_CD4,GPR75,8.692559633
tAge,Tex_CD4,GTPBP3,3.71875138
tAge,Tex_CD4,GTPBP6,-0.461908854
tAge,Tex_CD4,GUCA1A,10.5691317
tAge,Tex_CD4,HAUS1,0.418888507
tAge,Tex_CD4,HCG27,2.121782877
tAge,Tex_CD4,HDAC11,-5.167405697
tAge,Tex_CD4,HIST1H2BD,0.605958053
tAge,Tex_CD4,HIST1H4A,2.17421451
tAge,Tex_CD4,HPGD,-1.149998558
tAge,Tex_CD4,IER5L,-0.124736567
tAge,Tex_CD4,IFFO2,0.539336763
tAge,Tex_CD4,IFRD2,8.779426574
tAge,Tex_CD4,IGBP1-AS2,36.81681822
tAge,Tex_CD4,IGHV4-34,20.28222017
tAge,Tex_CD4,IGHV4-39,33.58099334
tAge,Tex_CD4,IGSF6,2.42146141
tAge,Tex_CD4,IL1RN,12.62160724
tAge,Tex_CD4,IL27RA,0.528848365
tAge,Tex_CD4,IL7R,-0.24279484
tAge,Tex_CD4,IMPACT,1.440850247
tAge,Tex_CD4,INCENP,1.230148055
tAge,Tex_CD4,ING1,0.449469519
tAge,Tex_CD4,ISM1,-1.11537328
tAge,Tex_CD4,ITFG1-AS1,28.69848263
tAge,Tex_CD4,ITGB6,9.401911731
tAge,Tex_CD4,ITM2B,-0.668224774
tAge,Tex_CD4,JAKMIP1,0.227137183
tAge,Tex_CD4,KANK1,0.088062279
tAge,Tex_CD4,KCTD21-AS1,1.010486142
tAge,Tex_CD4,KCTD3,-9.472991759
tAge,Tex_CD4,KDELR2,-1.516402655
tAge,Tex_CD4,KIF11,1.612074311
tAge,Tex_CD4,KIF9-AS1,-1.468482379
tAge,Tex_CD4,KNDC1,4.660739131
tAge,Tex_CD4,KRI1,0.09105626
tAge,Tex_CD4,LACC1,-0.183571074
tAge,Tex_CD4,LACTB2-AS1,0.744466245
tAge,Tex_CD4,LAIR2,-2.712001594
tAge,Tex_CD4,LDOC1,0.16385298
tAge,Tex_CD4,LEKR1,-0.330948026
tAge,Tex_CD4,LHFPL5,13.19530146
tAge,Tex_CD4,LHX4,-43.21286337
tAge,Tex_CD4,LIG3,0.036669314
tAge,Tex_CD4,LINC00278,0.025494919
tAge,Tex_CD4,LINC00642,-3.368624505
tAge,Tex_CD4,LINC01003,-3.668321221
tAge,Tex_CD4,LINC01176,-3.883836232
tAge,Tex_CD4,LINC01234,-1.229914987
tAge,Tex_CD4,LINC01684,0.33056433
tAge,Tex_CD4,LINC01982,0.948971818
tAge,Tex_CD4,LINC02176,3.931782481
tAge,Tex_CD4,LINC02195,3.697319998
tAge,Tex_CD4,LINC02198,4.153783817
tAge,Tex_CD4,LINC02203,4.071223026
tAge,Tex_CD4,LINC02312,92.81794107
tAge,Tex_CD4,LINC02378,13.61788926
tAge,Tex_CD4,LINC02447,10.97588582
tAge,Tex_CD4,LINC02520,0.195610994
tAge,Tex_CD4,LINC02523,20.59770689
tAge,Tex_CD4,LMF2,0.19475474
tAge,Tex_CD4,LPCAT4,1.076215698
tAge,Tex_CD4,LRRC4B,1.911490974
tAge,Tex_CD4,LRRN1,10.8520319
tAge,Tex_CD4,LRWD1,6.056863853
tAge,Tex_CD4,LY6G5B,-2.957356561
tAge,Tex_CD4,LY75-CD302,2.585315531
tAge,Tex_CD4,LYRM9,0.138283791
tAge,Tex_CD4,MAFA,11.63839503
tAge,Tex_CD4,MAGI1,-1.537879083
tAge,Tex_CD4,MAK,3.879156649
tAge,Tex_CD4,MAN1A1,0.238380619
tAge,Tex_CD4,MAP3K20,-1.139498205
tAge,Tex_CD4,MAP4K4,-0.141284824
tAge,Tex_CD4,MAPK3,-0.248497109
tAge,Tex_CD4,MAPK7,2.063237093
tAge,Tex_CD4,MARVELD3,7.182932845
tAge,Tex_CD4,MATN2,9.696765611
tAge,Tex_CD4,MBNL1-AS1,1.817113898
tAge,Tex_CD4,MBNL3,-0.355121942
tAge,Tex_CD4,MCF2,2.218887342
tAge,Tex_CD4,MCM8-AS1,5.627171324
tAge,Tex_CD4,MDP1,-3.37691642
tAge,Tex_CD4,MED23,0.560894504
tAge,Tex_CD4,MEF2C,-0.755346592
tAge,Tex_CD4,MEIG1,1.976481753
tAge,Tex_CD4,METTL4,0.389853345
tAge,Tex_CD4,METTL6,0.633960815
tAge,Tex_CD4,MIR155HG,0.715587196
tAge,Tex_CD4,MIR222HG,0.997803373
tAge,Tex_CD4,MIR34AHG,0.2120007
tAge,Tex_CD4,MMP23B,-7.754953794
tAge,Tex_CD4,MORN1,-1.794959379
tAge,Tex_CD4,MRM1,2.155420724
tAge,Tex_CD4,MRPL32,-0.834525347
tAge,Tex_CD4,MRPL46,-1.106402961
tAge,Tex_CD4,MRPS15,0.729506051
tAge,Tex_CD4,MRPS28,2.539961075
tAge,Tex_CD4,MSANTD4,0.247350227
tAge,Tex_CD4,MSC-AS1,0.460319565
tAge,Tex_CD4,MSI2,0.454042378
tAge,Tex_CD4,MTFMT,-0.660508312
tAge,Tex_CD4,MTMR2,1.310056914
tAge,Tex_CD4,MTURN,-0.444678597
tAge,Tex_CD4,MYO1E,2.37500448
tAge,Tex_CD4,MYSM1,0.229932539
tAge,Tex_CD4,NACC2,0.213549005
tAge,Tex_CD4,NAIF1,3.983127184
tAge,Tex_CD4,NCALD,-0.459868785
tAge,Tex_CD4,NCR1,0.010162047
tAge,Tex_CD4,NDN,24.93402889
tAge,Tex_CD4,NDUFV3,1.088674864
tAge,Tex_CD4,NEBL,-0.011339698
tAge,Tex_CD4,NECTIN3,1.99208915
tAge,Tex_CD4,NEDD4L,-0.269155895
tAge,Tex_CD4,NEIL3,0.692208143
tAge,Tex_CD4,NETO2,2.781907068
tAge,Tex_CD4,NGRN,-1.30754367
tAge,Tex_CD4,NIFK-AS1,2.807439286
tAge,Tex_CD4,NKG7,0.691480995
tAge,Tex_CD4,NNT-AS1,0.110164991
tAge,Tex_CD4,NOM1,0.102782593
tAge,Tex_CD4,NPM2,7.496382227
tAge,Tex_CD4,NRDE2,0.442528037
tAge,Tex_CD4,NUDT4,0.00479397
tAge,Tex_CD4,OCLN,3.811068029
tAge,Tex_CD4,OMG,4.680999053
tAge,Tex_CD4,OOEP-AS1,18.64159954
tAge,Tex_CD4,OR2AG2,-3.476996591
tAge,Tex_CD4,OSTM1,0.023287178
tAge,Tex_CD4,P2RY12,5.053016137
tAge,Tex_CD4,PACSIN2,-0.100646311
tAge,Tex_CD4,PAFAH1B3,1.038968913
tAge,Tex_CD4,PAK2,0.354556228
tAge,Tex_CD4,PARP4,0.04982793
tAge,Tex_CD4,PAXBP1,-0.266249554
tAge,Tex_CD4,PBXIP1,0.125871433
tAge,Tex_CD4,PDAP1,-0.776423672
tAge,Tex_CD4,PDE1A,2.779208512
tAge,Tex_CD4,PDLIM2,0.136768186
tAge,Tex_CD4,PEX11A,-15.7432871
tAge,Tex_CD4,PGBD4,3.143390934
tAge,Tex_CD4,PHC3,0.391496286
tAge,Tex_CD4,PIEZO1,0.001757955
tAge,Tex_CD4,PIGX,-1.901523772
tAge,Tex_CD4,PIK3R1,-0.054467605
tAge,Tex_CD4,PIK3R3,0.702235211
tAge,Tex_CD4,PIKFYVE,-1.120477059
tAge,Tex_CD4,PIM2,3.108775805
tAge,Tex_CD4,PIWIL4,-0.154673377
tAge,Tex_CD4,PKD2L1,13.54826787
tAge,Tex_CD4,PLCE1,13.44195096
tAge,Tex_CD4,PLCG2,2.810850687
tAge,Tex_CD4,PLEKHA5,-1.13233434
tAge,Tex_CD4,PLEKHF2,-0.801594644
tAge,Tex_CD4,PLPPR1,42.70264218
tAge,Tex_CD4,PMVK,1.636905892
tAge,Tex_CD4,POLR2G,-5.670334748
tAge,Tex_CD4,POU3F1,-1.210076093
tAge,Tex_CD4,PPIF,-0.004325198
tAge,Tex_CD4,PPP1R15A,0.234497039
tAge,Tex_CD4,PPP6R2,0.058898279
tAge,Tex_CD4,PRB3,-2.213336117
tAge,Tex_CD4,PRKCA,-0.210815422
tAge,Tex_CD4,PRMT8,29.54994842
tAge,Tex_CD4,PRMT9,0.689459696
tAge,Tex_CD4,PROS1,16.18133228
tAge,Tex_CD4,PSEN1,-0.047710702
tAge,Tex_CD4,PSMC2,-0.52581765
tAge,Tex_CD4,PSMD9,2.318271413
tAge,Tex_CD4,PTOV1-AS1,-1.857468079
tAge,Tex_CD4,PUM1,-0.845727008
tAge,Tex_CD4,QSOX2,3.279848143
tAge,Tex_CD4,RAB12,-0.31402116
tAge,Tex_CD4,RAB26,-2.785740665
tAge,Tex_CD4,RABEP2,0.777359054
tAge,Tex_CD4,RAC2,-0.942661691
tAge,Tex_CD4,RAD51D,0.677045195
tAge,Tex_CD4,RARRES1,1.005572437
tAge,Tex_CD4,RASA4B,36.08539143
tAge,Tex_CD4,RASL11A,5.160401851
tAge,Tex_CD4,RBM15B,-3.952951872
tAge,Tex_CD4,RBM38,-1.471989242
tAge,Tex_CD4,RCBTB1,0.695702923
tAge,Tex_CD4,RCBTB2,-1.227730228
tAge,Tex_CD4,RECQL5,2.577909772
tAge,Tex_CD4,RELT,2.141847688
tAge,Tex_CD4,RHD,3.558926025
tAge,Tex_CD4,RMND1,-0.837562693
tAge,Tex_CD4,RNF139,0.855743702
tAge,Tex_CD4,RNF144A,-0.15846956
tAge,Tex_CD4,RPA4,5.792845922
tAge,Tex_CD4,RPL5,-0.119683069
tAge,Tex_CD4,RPS6KC1,0.25887546
tAge,Tex_CD4,RPS8,-0.176435584
tAge,Tex_CD4,RRAGB,-0.021557873
tAge,Tex_CD4,RRS1,0.966895425
tAge,Tex_CD4,RTL8A,-1.424447214
tAge,Tex_CD4,SAR1A,-1.436932349
tAge,Tex_CD4,SCHLAP1,2.371001611
tAge,Tex_CD4,SCIMP,-3.857662223
tAge,Tex_CD4,SDHAF3,-0.13292015
tAge,Tex_CD4,SDHAF4,0.472011299
tAge,Tex_CD4,SDHD,-1.485449668
tAge,Tex_CD4,SEC14L5,-24.69589422
tAge,Tex_CD4,SELENOS,-0.113787733
tAge,Tex_CD4,SEMA3A,-4.394602531
tAge,Tex_CD4,SFT2D1,0.574469559
tAge,Tex_CD4,SGSM1,0.426905245
tAge,Tex_CD4,SH2B2,1.243750348
tAge,Tex_CD4,SH2D2A,0.258398432
tAge,Tex_CD4,SH3BGR,-13.01814614
tAge,Tex_CD4,SHISAL2B,-4.074367909
tAge,Tex_CD4,SLAMF1,0.405294821
tAge,Tex_CD4,SLC10A4,17.32114237
tAge,Tex_CD4,SLC25A38,0.740352078
tAge,Tex_CD4,SLC2A13,-0.220153568
tAge,Tex_CD4,SLC2A2,2.752060155
tAge,Tex_CD4,SLC35B1,0.772469441
tAge,Tex_CD4,SLC35G5,16.31088758
tAge,Tex_CD4,SLC39A3,2.150495343
tAge,Tex_CD4,SLC4A2,0.976224603
tAge,Tex_CD4,SLC5A5,-4.590944239
tAge,Tex_CD4,SMG1,0.102756075
tAge,Tex_CD4,SNX2,0.419951863
tAge,Tex_CD4,SOBP,4.594122142
tAge,Tex_CD4,SOD1,0.203151676
tAge,Tex_CD4,SOS2,-0.197651596
tAge,Tex_CD4,SPAG17,-2.533952231
tAge,Tex_CD4,SPART,1.618404371
tAge,Tex_CD4,SPDYE2B,-0.457612222
tAge,Tex_CD4,SRBD1,0.435196119
tAge,Tex_CD4,SSH2,-0.725444997
tAge,Tex_CD4,ST3GAL5-AS1,-1.337337927
tAge,Tex_CD4,ST7-AS1,8.872658913
tAge,Tex_CD4,ST8SIA1,0.245821005
tAge,Tex_CD4,STK19,0.024201993
tAge,Tex_CD4,STK4,-1.560683074
tAge,Tex_CD4,STX1B,28.29957257
tAge,Tex_CD4,SULT2B1,2.909270852
tAge,Tex_CD4,SUSD4,-1.683216389
tAge,Tex_CD4,SUV39H1,-6.57002963
tAge,Tex_CD4,SUV39H2,-1.169824659
tAge,Tex_CD4,SYCE1,-2.938239029
tAge,Tex_CD4,SYN2,18.44017522
tAge,Tex_CD4,SYNE2,0.534086917
tAge,Tex_CD4,SYNE4,24.47064776
tAge,Tex_CD4,SYNGAP1,-2.187777228
tAge,Tex_CD4,SYNM,8.599289024
tAge,Tex_CD4,SYS1,2.087018973
tAge,Tex_CD4,TAL1,38.67997827
tAge,Tex_CD4,TAS2R43,6.474251196
tAge,Tex_CD4,TAS2R50,0.843539113
tAge,Tex_CD4,TDRD7,0.29813508
tAge,Tex_CD4,TDRKH,-1.55497948
tAge,Tex_CD4,TECTA,-2.56245216
tAge,Tex_CD4,THAP6,0.22799853
tAge,Tex_CD4,THOC3,0.440072174
tAge,Tex_CD4,TICAM1,2.17717073
tAge,Tex_CD4,TKFC,-4.397538178
tAge,Tex_CD4,TMC2,0.882025251
tAge,Tex_CD4,TMC6,0.451307047
tAge,Tex_CD4,TMED1,0.399726229
tAge,Tex_CD4,TMEM102,-0.094320643
tAge,Tex_CD4,TMEM185B,0.651920539
tAge,Tex_CD4,TMEM229B,1.314025492
tAge,Tex_CD4,TMEM87B,0.550243696
tAge,Tex_CD4,TMEM88,-90.0352177
tAge,Tex_CD4,TNFAIP8,-0.287666499
tAge,Tex_CD4,TNFSF14,0.459701761
tAge,Tex_CD4,TNFSF4,-1.685091242
tAge,Tex_CD4,TNN,2.546479354
tAge,Tex_CD4,TNS2,15.99839919
tAge,Tex_CD4,TRADD,0.059093603
tAge,Tex_CD4,TRAV13-2,3.668790157
tAge,Tex_CD4,TRBV11-1,1.846507369
tAge,Tex_CD4,TRBV28,-1.575073567
tAge,Tex_CD4,TRBV4-1,0.422448441
tAge,Tex_CD4,TRIM71,22.31824186
tAge,Tex_CD4,TRIM74,3.862920639
tAge,Tex_CD4,TSC22D4,0.278323606
tAge,Tex_CD4,TSHZ2,-0.29011518
tAge,Tex_CD4,TSPAN9,-2.855333777
tAge,Tex_CD4,TTC34,5.675301737
tAge,Tex_CD4,TTC7A,0.178150067
tAge,Tex_CD4,TUBGCP3,0.859918347
tAge,Tex_CD4,UGP2,0.005809893
tAge,Tex_CD4,UNC80,0.031642081
tAge,Tex_CD4,UPP1,0.199897045
tAge,Tex_CD4,UPP2,-1.168777298
tAge,Tex_CD4,USP9Y,0.099517508
tAge,Tex_CD4,VASH1,1.873686787
tAge,Tex_CD4,VEPH1,24.67932843
tAge,Tex_CD4,VGLL4,0.614746692
tAge,Tex_CD4,WDR97,4.848588598
tAge,Tex_CD4,WWTR1-AS1,1.903102773
tAge,Tex_CD4,YBX2,2.281056994
tAge,Tex_CD4,YIPF6,0.357085977
tAge,Tex_CD4,YPEL4,-29.66190594
tAge,Tex_CD4,YWHAG,0.221993198
tAge,Tex_CD4,ZAN,4.917709882
tAge,Tex_CD4,ZBTB10,-1.355380185
tAge,Tex_CD4,ZC3HAV1,-0.05318183
tAge,Tex_CD4,ZFP30,0.170925779
tAge,Tex_CD4,ZHX2,0.314725496
tAge,Tex_CD4,ZKSCAN2,3.049274666
tAge,Tex_CD4,ZNF185,-4.030137142
tAge,Tex_CD4,ZNF250,0.104025347
tAge,Tex_CD4,ZNF26,0.600653541
tAge,Tex_CD4,ZNF276,0.800740121
tAge,Tex_CD4,ZNF295-AS1,-0.68209251
tAge,Tex_CD4,ZNF333,0.202072014
tAge,Tex_CD4,ZNF335,0.189193552
tAge,Tex_CD4,ZNF343,2.892912255
tAge,Tex_CD4,ZNF408,0.194928645
tAge,Tex_CD4,ZNF462,-2.646172786
tAge,Tex_CD4,ZNF582,2.238648193
tAge,Tex_CD4,ZNF622,0.738346395
tAge,Tex_CD4,ZNF793-AS1,5.792384355
tAge,Tex_CD4,ZNF865,1.418373589
tAge,Tex_CD4,ZNF93,-0.769286105
tAge,Tex_CD4,ZXDA,-2.323069938
tAge,Bn,(Intercept),54.32095019
tAge,Bn,ABCB4,-0.036237556
tAge,Bn,ABCB7,0.401436489
tAge,Bn,ABCC2,-4.469932816
tAge,Bn,ABCC6,3.580177165
tAge,Bn,ABHD11,6.065224411
tAge,Bn,ABHD13,0.812273383
tAge,Bn,ABI2,-0.421076325
tAge,Bn,ACSBG2,3.120264224
tAge,Bn,ACSS1,-1.218465968
tAge,Bn,ACTR2,0.409193382
tAge,Bn,ACVR1,0.280886487
tAge,Bn,ACVR1B,0.594264683
tAge,Bn,ADAMDEC1,-5.320524281
tAge,Bn,ADAMTS13,6.681193294
tAge,Bn,ADAMTSL1,6.671488801
tAge,Bn,ADK,-0.347054601
tAge,Bn,ADORA2B,-25.61927242
tAge,Bn,AHNAK2,40.86283027
tAge,Bn,AKAP3,8.040544048
tAge,Bn,AKAP6,0.07684461
tAge,Bn,ALOX12B,108.4050482
tAge,Bn,ANK3,0.018836184
tAge,Bn,APEX2,1.044570627
tAge,Bn,APOA1,-182.7339881
tAge,Bn,ARHGAP25,-2.365141763
tAge,Bn,ARHGAP26,0.193003699
tAge,Bn,ARHGAP5-AS1,22.3349593
tAge,Bn,ARHGEF10L,-1.609958698
tAge,Bn,ARID5B,-0.673825121
tAge,Bn,ASAH2B,-0.531673168
tAge,Bn,ASMTL-AS1,2.851412362
tAge,Bn,ATG9A,-3.079433851
tAge,Bn,ATP11A-AS1,-7.774184405
tAge,Bn,ATP13A1,-0.021685475
tAge,Bn,ATP1A3,-48.0508984
tAge,Bn,ATP2C2-AS1,-34.70964594
tAge,Bn,ATP6AP1L,4.889792088
tAge,Bn,ATP6V1B2,1.531929446
tAge,Bn,ATPAF1,-0.109100272
tAge,Bn,B4GAT1,-4.887101263
tAge,Bn,BAALC,-4.780574499
tAge,Bn,BCKDK,-5.285022928
tAge,Bn,BCL7A,-1.090824833
tAge,Bn,BCORL1,0.289355592
tAge,Bn,BMPR2,-0.102597642
tAge,Bn,BOK,9.434730771
tAge,Bn,BOP1,5.681110207
tAge,Bn,BRD7,-0.442011085
tAge,Bn,BTN2A2,0.570039649
tAge,Bn,BTN3A1,0.28564951
tAge,Bn,BTNL2,-119.9967714
tAge,Bn,BYSL,4.109763223
tAge,Bn,C16orf96,-11.15026434
tAge,Bn,C19orf53,2.895071835
tAge,Bn,C1orf122,8.22123491
tAge,Bn,C1orf54,-0.624797349
tAge,Bn,C20orf204,-6.91130704
tAge,Bn,C3orf20,-2.648490693
tAge,Bn,C5AR2,-8.759306828
tAge,Bn,CARD8,1.096157377
tAge,Bn,CASC2,-11.40745785
tAge,Bn,CASP6,2.88539538
tAge,Bn,CCDC169,7.234260274
tAge,Bn,CCDC194,0.061016688
tAge,Bn,CCDC90B,1.257439375
tAge,Bn,CCDC91,0.89258041
tAge,Bn,CCDC93,1.624147664
tAge,Bn,CCND3,-0.325318356
tAge,Bn,CCNJL,98.20652255
tAge,Bn,CD34,-34.97618202
tAge,Bn,CD68,8.34218891
tAge,Bn,CD7,1.865822679
tAge,Bn,CDT1,-6.998588953
tAge,Bn,CECR3,-64.95291254
tAge,Bn,CEMP1,8.272700707
tAge,Bn,CENPL,-4.278766458
tAge,Bn,CEP44,0.846301076
tAge,Bn,CFDP1,-0.186294475
tAge,Bn,CHRM3-AS2,-2.456687111
tAge,Bn,CHST11,-0.471877245
tAge,Bn,CHST6,-331.172613
tAge,Bn,CINP,-1.813507614
tAge,Bn,CLEC10A,18.47160613
tAge,Bn,CLIC3,-7.472396122
tAge,Bn,CLK1,-0.737988349
tAge,Bn,CLNK,-0.122055714
tAge,Bn,CNTNAP4,-134.8244612
tAge,Bn,COASY,-4.490378249
tAge,Bn,COBLL1,-0.399287804
tAge,Bn,COG3,0.876646856
tAge,Bn,COL4A3,-2.717725747
tAge,Bn,CORO2B,0.19241398
tAge,Bn,CPNE4,9.397614799
tAge,Bn,CR1,-1.197298493
tAge,Bn,CREBRF,-0.551643834
tAge,Bn,CRIP2,13.76439961
tAge,Bn,CRIPT,0.912537981
tAge,Bn,CRYBG2,-2.911147544
tAge,Bn,CSRP2,-6.100243147
tAge,Bn,CTSO,1.211686359
tAge,Bn,CUEDC1,11.58483174
tAge,Bn,CXCR3,5.922450435
tAge,Bn,CXCR4,0.22980156
tAge,Bn,CYP1B1,11.92559663
tAge,Bn,CYP2U1,0.271642562
tAge,Bn,CYP3A5,4.005863293
tAge,Bn,DAZAP2,-0.806558521
tAge,Bn,DAZL,0.409737667
tAge,Bn,DCAF4L1,2.305998014
tAge,Bn,DCTN6,1.454310504
tAge,Bn,DDI2,0.151946147
tAge,Bn,DDR1,-4.57394205
tAge,Bn,DLG2,-0.239192526
tAge,Bn,DNAJC1,0.830411393
tAge,Bn,DNAJC10,0.669675353
tAge,Bn,DNAJC12,9.733092291
tAge,Bn,DNAJC8,0.750882276
tAge,Bn,DOK3,2.464682322
tAge,Bn,DPEP2,-0.710324633
tAge,Bn,DSG1,9.07804605
tAge,Bn,DTNA,-9.799935521
tAge,Bn,DYNC2H1,-1.998870413
tAge,Bn,DYNLT3,-1.860386831
tAge,Bn,E2F4,1.33208624
tAge,Bn,E2F8,5.901601672
tAge,Bn,EEF1AKMT3,-3.026288276
tAge,Bn,EEF1AKMT4,22.10859822
tAge,Bn,EFCAB12,-6.798265934
tAge,Bn,EFHD2,0.244824576
tAge,Bn,EIF2AK4,-1.47201576
tAge,Bn,EIF4G3,0.89741001
tAge,Bn,ENOPH1,1.41323326
tAge,Bn,ENPP3,-1.753472485
tAge,Bn,EPDR1,5.39129191
tAge,Bn,ERICH6B,16.45278743
tAge,Bn,ESD,1.588954178
tAge,Bn,ETHE1,-1.292792483
tAge,Bn,ETS2,9.870604879
tAge,Bn,ETV4,6.931585927
tAge,Bn,EWSR1,0.827859238
tAge,Bn,FAM157C,-0.329729928
tAge,Bn,FAM85B,-0.809747809
tAge,Bn,FBXO38,0.424728086
tAge,Bn,FCRLA,0.479296615
tAge,Bn,FGFR4,-38.57548815
tAge,Bn,FGFRL1,-10.01281489
tAge,Bn,FGR,-0.071501527
tAge,Bn,FMO2,-2.246998077
tAge,Bn,FOXP4-AS1,-1.6747661
tAge,Bn,FRAT2,10.55134411
tAge,Bn,FRMPD1,16.9025249
tAge,Bn,FRY,0.289807481
tAge,Bn,FUOM,1.426290054
tAge,Bn,FUT7,14.8654355
tAge,Bn,FUT8-AS1,-8.013880591
tAge,Bn,FUZ,3.648416287
tAge,Bn,GALK1,7.237194476
tAge,Bn,GCFC2,1.65412461
tAge,Bn,GDAP2,0.169591984
tAge,Bn,gender,0.512902535
tAge,Bn,GFPT2,-41.39365022
tAge,Bn,GGCX,-0.791949643
tAge,Bn,GJA10,118.3386252
tAge,Bn,GLIPR1L1,3.545171038
tAge,Bn,GLRA1,-10.97196422
tAge,Bn,GLRA3,-5.09232896
tAge,Bn,GLTP,1.159374373
tAge,Bn,GMIP,-0.089065393
tAge,Bn,GMPR2,1.115049764
tAge,Bn,GNRH1,0.632383713
tAge,Bn,GOLPH3,0.815293649
tAge,Bn,GPATCH11,-0.337081216
tAge,Bn,GPN2,-1.558781043
tAge,Bn,GPR146,-11.82404133
tAge,Bn,GPSM2,-0.273663133
tAge,Bn,GRB7,-24.69652283
tAge,Bn,GRIN2D,56.66132673
tAge,Bn,GRM7,-86.83929665
tAge,Bn,GSTK1,-0.428597876
tAge,Bn,GTPBP4,0.708766553
tAge,Bn,GTSE1,-174.8506593
tAge,Bn,GYPB,-8.301490065
tAge,Bn,HAR1B,40.60346626
tAge,Bn,HCN3,39.44815992
tAge,Bn,HEXIM2,13.48477606
tAge,Bn,HIGD1C,-1.757971573
tAge,Bn,HIST1H2AB,-14.75867818
tAge,Bn,HIST1H3C,44.91500047
tAge,Bn,HOXA9,-42.41074687
tAge,Bn,HRH2,-2.756883535
tAge,Bn,HS3ST3B1,1.625586147
tAge,Bn,HSPA13,-2.212244616
tAge,Bn,HSPD1,-0.018330884
tAge,Bn,HTD2,-1.389393552
tAge,Bn,HYPK,-0.349102476
tAge,Bn,IDNK,0.051975806
tAge,Bn,IER3,17.74963597
tAge,Bn,IFT172,0.224495817
tAge,Bn,IGF1R,-0.108884823
tAge,Bn,IGHJ3P,2.522522008
tAge,Bn,IGHJ5,8.515919922
tAge,Bn,IGHV1OR15-3,44.14465981
tAge,Bn,IGKV1-39,2.477668899
tAge,Bn,IGKV6-21,-13.58825742
tAge,Bn,IGKV6D-21,-1.141840911
tAge,Bn,IGLV1-41,-2.97559156
tAge,Bn,IGLV2-18,10.24338411
tAge,Bn,IGLV3-16,-1.190340967
tAge,Bn,IGLV5-45,-4.074838522
tAge,Bn,IGLV7-46,2.078593928
tAge,Bn,IGLV9-49,0.648651174
tAge,Bn,IKBIP,-0.652492409
tAge,Bn,IL17B,42.12545616
tAge,Bn,IL23R,-3.03490217
tAge,Bn,IL34,-3.250454959
tAge,Bn,INE2,47.61531727
tAge,Bn,INHBC,-1.220596952
tAge,Bn,INPP1,0.00456502
tAge,Bn,INPP5D,-0.128939254
tAge,Bn,INPP5F,0.288066501
tAge,Bn,INTU,-19.10238054
tAge,Bn,IQCC,23.95467814
tAge,Bn,IQCH,0.945907816
tAge,Bn,IQCJ-SCHIP1,-2.751821193
tAge,Bn,IQSEC3,-148.1013752
tAge,Bn,ITGA8,-67.84973972
tAge,Bn,ITGB1,1.327306307
tAge,Bn,IWS1,0.575349165
tAge,Bn,JAKMIP1,2.998830403
tAge,Bn,JAKMIP3,19.74911685
tAge,Bn,KANK2,-7.411142385
tAge,Bn,KBTBD7,-4.959007352
tAge,Bn,KCNC1,5.16684339
tAge,Bn,KCNG1,-0.691612694
tAge,Bn,KCNIP3,53.19335508
tAge,Bn,KCNQ1,-0.772141445
tAge,Bn,KCNV2,53.49629155
tAge,Bn,KCTD19,-10.64898684
tAge,Bn,KDM5D,0.849119722
tAge,Bn,KHDRBS2,1.745336314
tAge,Bn,KIAA1549,-5.636023499
tAge,Bn,KIF22,-0.737112952
tAge,Bn,KIF5A,3.092676977
tAge,Bn,KIR3DL1,-45.35807592
tAge,Bn,KLHDC9,-41.90285149
tAge,Bn,KLHL36,-0.031945919
tAge,Bn,KLRC4,11.47405151
tAge,Bn,KLRK1,-3.062155442
tAge,Bn,KRTAP5-9,-0.826206257
tAge,Bn,LACTB2,1.231910332
tAge,Bn,LANCL3,31.02910033
tAge,Bn,LBX2,-25.24948102
tAge,Bn,LGR5,-16.36283574
tAge,Bn,LHX3,188.306369
tAge,Bn,LINC00051,29.95643773
tAge,Bn,LINC00221,-4.209945013
tAge,Bn,LINC00235,54.49827566
tAge,Bn,LINC00511,13.22352663
tAge,Bn,LINC00681,-123.5606612
tAge,Bn,LINC01011,0.563817726
tAge,Bn,LINC01176,11.25833455
tAge,Bn,LINC01361,-2.306905817
tAge,Bn,LINC01521,1.350246062
tAge,Bn,LINC01635,5.603861902
tAge,Bn,LINC01679,0.285068934
tAge,Bn,LINC01684,0.385173102
tAge,Bn,LINC01712,-17.46014201
tAge,Bn,LINC01829,6.996688131
tAge,Bn,LINC01857,-2.694479881
tAge,Bn,LINC01962,-8.357185379
tAge,Bn,LINC02175,-20.92670108
tAge,Bn,LINC02384,0.425131779
tAge,Bn,LINC02387,-119.0396706
tAge,Bn,LINC02428,42.11420011
tAge,Bn,LINC02463,168.02718
tAge,Bn,LINC02506,0.50713682
tAge,Bn,LINC02580,-53.58032967
tAge,Bn,LLPH-DT,-0.776446497
tAge,Bn,LMNB1-DT,2.102029506
tAge,Bn,LPL,-116.3560221
tAge,Bn,LRFN4,38.08556455
tAge,Bn,LRRC3B,-137.8625697
tAge,Bn,LRRC45,12.81201132
tAge,Bn,LRRC74B,-119.3414275
tAge,Bn,LY86-AS1,-0.507773574
tAge,Bn,MACC1-AS1,1.985078353
tAge,Bn,MAP3K20,-0.779496575
tAge,Bn,MAPKAPK3,-4.586502882
tAge,Bn,MARCKSL1,-0.230314144
tAge,Bn,MAT2A,-0.501337911
tAge,Bn,MATN2,2.736078385
tAge,Bn,MC1R,-0.084593123
tAge,Bn,MCHR2-AS1,80.30687911
tAge,Bn,MDFIC,-0.143023494
tAge,Bn,MED4-AS1,-21.48731932
tAge,Bn,MEGF6,-0.346929594
tAge,Bn,MGAT5,-0.830998533
tAge,Bn,MGST3,-0.541233387
tAge,Bn,MINDY3,0.123872776
tAge,Bn,MIR4527HG,-11.17947032
tAge,Bn,MISP3,-120.1628959
tAge,Bn,MME-AS1,40.06152161
tAge,Bn,MMP17,-0.694636549
tAge,Bn,MMP28,-1.145100673
tAge,Bn,MORC4,-1.353524888
tAge,Bn,MPHOSPH6,-1.152181625
tAge,Bn,MRPL12,-3.929893323
tAge,Bn,MRPL14,2.585242967
tAge,Bn,MSRB2,3.944464188
tAge,Bn,MSS51,0.182124133
tAge,Bn,MST1R,22.83793795
tAge,Bn,MTERF1,1.576210205
tAge,Bn,MTTP,-12.53226899
tAge,Bn,MUC17,50.43123762
tAge,Bn,MVD,-0.417805292
tAge,Bn,MYO18A,-1.824282631
tAge,Bn,MYO18B,-17.88488316
tAge,Bn,NAALADL2-AS2,11.4678494
tAge,Bn,NAIF1,-8.163120325
tAge,Bn,NALCN,52.90098577
tAge,Bn,NANOS3,-17.98847378
tAge,Bn,NAPRT,17.85405083
tAge,Bn,NBEAL2,3.724150687
tAge,Bn,NCAPG,5.606061809
tAge,Bn,NCOA3,-0.146567838
tAge,Bn,NDUFAF1,-0.800128752
tAge,Bn,NEXN-AS1,-80.71476917
tAge,Bn,NGRN,1.282805692
tAge,Bn,NHLRC1,-5.370778802
tAge,Bn,NHS,10.51747406
tAge,Bn,NIPA1,-2.207456154
tAge,Bn,NME1,-3.00037444
tAge,Bn,NOMO1,1.797202467
tAge,Bn,NR1I2,-2.423267586
tAge,Bn,NR2F6,0.083420631
tAge,Bn,NUDT16L1,5.809165059
tAge,Bn,NUMBL,-6.953377305
tAge,Bn,OAZ2,1.66844348
tAge,Bn,OBSCN,-3.704201687
tAge,Bn,OLFML1,-2.353301449
tAge,Bn,OR2M2,-22.04825245
tAge,Bn,OR51B2,-3.811751035
tAge,Bn,OR7C1,-7.336143796
tAge,Bn,PACS1,-0.667209701
tAge,Bn,PARP16,-1.544807971
tAge,Bn,PARP6,0.411947893
tAge,Bn,PAXIP1,0.8577681
tAge,Bn,PBX3,0.984673904
tAge,Bn,PCDH11Y,2.602821039
tAge,Bn,PCDHGA6,0.185850696
tAge,Bn,PCED1B,-0.591883987
tAge,Bn,PCGF2,36.42523521
tAge,Bn,PDCD4,-0.438767483
tAge,Bn,PDE12,-0.698873696
tAge,Bn,PDHA1,0.451588849
tAge,Bn,PEBP4,-2.666655063
tAge,Bn,PEX5L,-4.353845611
tAge,Bn,PEX7,1.311003772
tAge,Bn,PGBD4,-4.267510222
tAge,Bn,PGP,3.145484987
tAge,Bn,PHKA2-AS1,10.05788383
tAge,Bn,PIAS3,-2.58707793
tAge,Bn,PLEKHH1,-25.2788767
tAge,Bn,PLEKHM3,0.158789715
tAge,Bn,PLG,1.57867984
tAge,Bn,PLPBP,-1.898386928
tAge,Bn,PLPP1,-0.478038188
tAge,Bn,PLPP3,4.366737855
tAge,Bn,PPA1,0.210092414
tAge,Bn,PPIA,0.734243379
tAge,Bn,PPM1H,13.20976171
tAge,Bn,PPP1R3A,17.15535123
tAge,Bn,PRIM1,0.60731905
tAge,Bn,PRKG2,-4.282975169
tAge,Bn,PSEN2,0.969064134
tAge,Bn,PSMB8,1.467167043
tAge,Bn,PTK6,11.09927566
tAge,Bn,PTN,5.697498775
tAge,Bn,PTP4A1,-0.209742656
tAge,Bn,PTPN1,-0.647773158
tAge,Bn,PTPRCAP,0.390278952
tAge,Bn,PTPRJ,0.10251519
tAge,Bn,PTX3,-8.806063661
tAge,Bn,PXMP4,-2.548767189
tAge,Bn,QPRT,17.88204415
tAge,Bn,RAB3D,-0.552094891
tAge,Bn,RABGEF1,-0.176244929
tAge,Bn,RABIF,-1.270448835
tAge,Bn,RAD54L,-0.367668745
tAge,Bn,RASGRP1,0.138679881
tAge,Bn,RASL11B,-255.3408839
tAge,Bn,RASSF1-AS1,-4.367239302
tAge,Bn,RCSD1,-0.674159614
tAge,Bn,RDH16,1.899730136
tAge,Bn,RFX8,-39.65240292
tAge,Bn,RGMB,-1.20454648
tAge,Bn,RGPD2,-0.384441734
tAge,Bn,RGPD3,-5.059459892
tAge,Bn,RHAG,20.080043
tAge,Bn,RHOB,1.310638065
tAge,Bn,RIOX2,0.695846032
tAge,Bn,RIPK1,-0.432028321
tAge,Bn,RIPOR3,-3.449703053
tAge,Bn,RNF2,0.117255642
tAge,Bn,ROBO1,-0.054468685
tAge,Bn,RPRD1B,-1.275945465
tAge,Bn,RTL8C,-2.674901742
tAge,Bn,RUSC2,-13.58462746
tAge,Bn,RWDD2B,3.2288428
tAge,Bn,SAP30BP,0.490113007
tAge,Bn,SAXO2,-0.105373599
tAge,Bn,SCHLAP1,5.12547407
tAge,Bn,SCLT1,1.213405238
tAge,Bn,SCRIB,-1.613601888
tAge,Bn,SEC23A-AS1,-5.466262518
tAge,Bn,SEMA6C,-85.3896356
tAge,Bn,SERTAD3,-5.483767094
tAge,Bn,SETD1B,-1.187329755
tAge,Bn,SGMS2,-4.156627763
tAge,Bn,SH3PXD2B,-12.14347856
tAge,Bn,SH3RF3,-1.437455816
tAge,Bn,SHOC2,-0.016522017
tAge,Bn,SIX5,32.42654011
tAge,Bn,SKA1,10.03125866
tAge,Bn,SLC16A9,-0.823616438
tAge,Bn,SLC25A35,3.958862623
tAge,Bn,SLC25A39,2.261258939
tAge,Bn,SLC36A1,1.634663381
tAge,Bn,SLC38A2,0.053021671
tAge,Bn,SLC38A9,0.411909946
tAge,Bn,SLC5A10,42.02375752
tAge,Bn,SMC5,0.621833091
tAge,Bn,SNAP47-AS1,-10.62429734
tAge,Bn,SNTG2,-0.472940006
tAge,Bn,SPACA9,-0.780090057
tAge,Bn,SPATA18,11.00570789
tAge,Bn,SPATC1L,-1.003341474
tAge,Bn,SPDYE16,2.920759626
tAge,Bn,SPICE1,0.103835049
tAge,Bn,SPRYD3,6.796124398
tAge,Bn,SPTSSB,185.1307219
tAge,Bn,SRF,-4.728116125
tAge,Bn,SRGAP2,-1.185085587
tAge,Bn,SRGAP2B,-0.314965502
tAge,Bn,SRSF12,1.489775915
tAge,Bn,SSH2,-1.167930466
tAge,Bn,STAB2,-1.735612724
tAge,Bn,STARD10,-0.892298075
tAge,Bn,STK32B,3.384150536
tAge,Bn,STK32C,0.780636261
tAge,Bn,STRN,-1.230452305
tAge,Bn,STX19,-4.553728206
tAge,Bn,STX6,1.163220163
tAge,Bn,SUCLA2-AS1,1.531920075
tAge,Bn,SUPT4H1,-3.418550692
tAge,Bn,SUPT7L,1.0117806
tAge,Bn,SUSD1,0.109445993
tAge,Bn,SYCP2L,-26.98707211
tAge,Bn,SYN1,14.27972118
tAge,Bn,TAF9B,-0.621715558
tAge,Bn,TBC1D9B,-0.765969184
tAge,Bn,TBCEL,-0.213336301
tAge,Bn,TDRD15,-1.540573174
tAge,Bn,TDRD9,-4.968932428
tAge,Bn,TET1,0.743683858
tAge,Bn,THRB,0.654151645
tAge,Bn,THTPA,3.35397288
tAge,Bn,TM4SF20,-79.6052818
tAge,Bn,TMEM183A,2.674148064
tAge,Bn,TMEM200A,18.03255536
tAge,Bn,TMEM248,-1.279151531
tAge,Bn,TMEM30B,60.23877457
tAge,Bn,TNFAIP6,-15.74907467
tAge,Bn,TNFRSF21,4.924530015
tAge,Bn,TNFSF13B,1.168572455
tAge,Bn,TNFSF15,23.93052432
tAge,Bn,TNS1,53.15621492
tAge,Bn,TOP1MT,1.681712251
tAge,Bn,TP53INP1,-0.48993652
tAge,Bn,TPST1,-0.637661025
tAge,Bn,TRABD2A,1.656683829
tAge,Bn,TRAF3IP1,-0.162203583
tAge,Bn,TRAF4,0.809805354
tAge,Bn,TRAPPC12-AS1,-22.26077937
tAge,Bn,TRAPPC5,1.5853709519999999
tAge,Bn,TRAV36DV7,46.56781819
tAge,Bn,TRBJ2-1,39.53056491
tAge,Bn,TRBV21-1,-16.89681495
tAge,Bn,TRBV7-3,-5.450263856
tAge,Bn,TRIB1,11.81634396
tAge,Bn,TRIM65,-1.388611156
tAge,Bn,TSNAXIP1,24.67224382
tAge,Bn,TTC1,0.523460084
tAge,Bn,TTC3-AS1,-0.901109967
tAge,Bn,TTC39B,-0.26182999
tAge,Bn,TTC7B,29.84939976
tAge,Bn,TTI1,-0.065419063
tAge,Bn,TTN,-0.381671481
tAge,Bn,TUSC1,18.11487567
tAge,Bn,UBE2G1,-1.194345891
tAge,Bn,UGT8,-0.474820289
tAge,Bn,UPK1B,11.40071437
tAge,Bn,URB1-AS1,-4.045141444
tAge,Bn,USP43,-10.95572659
tAge,Bn,USP5,-0.537926773
tAge,Bn,USP6NL,-0.028525415
tAge,Bn,VMAC,2.138305301
tAge,Bn,VRK2,0.756769445
tAge,Bn,WDSUB1,-0.280222288
tAge,Bn,WEE2,39.04403398
tAge,Bn,WFS1,-5.403905929
tAge,Bn,YIF1A,-5.899840302
tAge,Bn,YWHAH,2.474694723
tAge,Bn,ZACN,4.935994012
tAge,Bn,ZBED3-AS1,-7.836132301
tAge,Bn,ZBTB38,-0.732127008
tAge,Bn,ZCCHC8,0.212982429
tAge,Bn,ZFAND4,-0.859182262
tAge,Bn,ZFHX2,7.466088386
tAge,Bn,ZNF295-AS1,-0.454739679
tAge,Bn,ZNF302,-0.971707377
tAge,Bn,ZNF431,-0.44943546
tAge,Bn,ZNF44,0.236674084
tAge,Bn,ZNF471,-1.65809708
tAge,Bn,ZNF507,1.243523943
tAge,Bn,ZNF518B,-2.696239314
tAge,Bn,ZNF536,56.40514523
tAge,Bn,ZNF593,0.809304732
tAge,Bn,ZNF610,-0.044425265
tAge,Bn,ZNF662,-0.289966965
tAge,Bn,ZNF727,0.637852472
tAge,Bn,ZNF765,-0.308974132
tAge,Bn,ZNF8,-3.593363999
tAge,Bn,ZSWIM1,0.403671708
tAge,proT,(Intercept),40.40800028
tAge,proT,ABCD2,0.342568462
tAge,proT,ABHD10,0.095622131
tAge,proT,ABI3,0.632394533
tAge,proT,ACACB,-0.384777966
tAge,proT,ACTR2,-0.496202387
tAge,proT,ADAM22,0.449650817
tAge,proT,ADAT2,0.477074214
tAge,proT,ADGRB2,-3.703948066
tAge,proT,ADGRG1,-0.229220232
tAge,proT,ADNP,0.094386883
tAge,proT,ADRB2,-0.49209427
tAge,proT,AIDA,0.569593963
tAge,proT,AJM1,-0.156893054
tAge,proT,AKR1C3,0.248709736
tAge,proT,AKT1S1,2.208089979
tAge,proT,ALAD,2.237583265
tAge,proT,ALG2,0.061770677
tAge,proT,ALKBH1,0.089109537
tAge,proT,AMY2B,-0.399663575
tAge,proT,ANAPC4,0.389290183
tAge,proT,APBB1IP,-0.060030728
tAge,proT,AQP3,-0.729216469
tAge,proT,ARFGAP1,1.596524905
tAge,proT,ARHGAP20,8.779105457
tAge,proT,ARHGAP45,0.182405632
tAge,proT,ARHGEF19,-0.904155319
tAge,proT,ARHGEF40,-0.332514166
tAge,proT,ARID4B,0.302855474
tAge,proT,ARL4D,2.358750115
tAge,proT,ARMC9,-0.069256394
tAge,proT,ASPHD2,-5.338279973
tAge,proT,ATL1,0.90450214
tAge,proT,ATP2C1,0.493674771
tAge,proT,ATP5F1D,0.742346872
tAge,proT,ATP6AP1,1.190641338
tAge,proT,ATP8B4,0.061178896
tAge,proT,ATXN10,0.137427516
tAge,proT,BAIAP2,-0.040645209
tAge,proT,BATF,0.254064233
tAge,proT,BID,-1.423668391
tAge,proT,BLMH,0.204049729
tAge,proT,BMPR1B,9.878962217
tAge,proT,BRI3,0.533568943
tAge,proT,C16orf86,-1.156292886
tAge,proT,C17orf49,-1.443371496
tAge,proT,C21orf91,0.441981835
tAge,proT,C5orf58,9.435604328
tAge,proT,C6orf132,4.667150256
tAge,proT,CA2,-2.224347635
tAge,proT,CAMTA1-DT,-4.02840478
tAge,proT,CATSPER2,0.187567335
tAge,proT,CBX4,1.220850631
tAge,proT,CCAR1,0.11745561
tAge,proT,CCDC92,0.279181989
tAge,proT,CCND3,-0.267447697
tAge,proT,CD248,-5.059271759
tAge,proT,CD37,-0.252934375
tAge,proT,CD46,0.282125892
tAge,proT,CD58,0.257038254
tAge,proT,CDC42BPG,1.095480759
tAge,proT,CDH1,0.45288102
tAge,proT,CDK3,1.643431655
tAge,proT,CDPF1,3.260966146
tAge,proT,CEBPB,1.346360818
tAge,proT,CFAP36,-0.682854633
tAge,proT,CHKB-DT,2.154594991
tAge,proT,CHRNB1,-1.939624188
tAge,proT,CHTF8,0.191335465
tAge,proT,CLCN2,0.707504397
tAge,proT,CLTA,0.70595453
tAge,proT,CNDP2,-0.097414336
tAge,proT,COG7,0.442186497
tAge,proT,COX16,0.063444731
tAge,proT,CP,-2.159070187
tAge,proT,CPLANE1,0.040758226
tAge,proT,CPSF1,1.129686707
tAge,proT,CRYGS,0.694912574
tAge,proT,CTSC,0.293597836
tAge,proT,CUL5,0.370886401
tAge,proT,CWF19L1,0.527394151
tAge,proT,DCAF11,0.521847113
tAge,proT,DCAF6,0.27654126
tAge,proT,DCBLD1,0.5405098
tAge,proT,DCLRE1B,0.985167114
tAge,proT,DCUN1D5,0.168297168
tAge,proT,DDOST,0.014847223
tAge,proT,DDRGK1,0.008460292
tAge,proT,DDX55,0.04168006
tAge,proT,DENND1B,0.228862292
tAge,proT,DERL3,-5.864266897
tAge,proT,DHRS3,-0.159823537
tAge,proT,DHX16,0.164614528
tAge,proT,DHX32,-0.335177521
tAge,proT,DLGAP1,0.779919158
tAge,proT,DLGAP4-AS1,-1.678234422
tAge,proT,DOCK11,-0.133733002
tAge,proT,DOCK3,-0.336642043
tAge,proT,DPH3,1.504580518
tAge,proT,DPM1,0.343147151
tAge,proT,DPM2,-0.063637871
tAge,proT,DYNLL2,0.746723239
tAge,proT,DYRK1A,-0.268342199
tAge,proT,E2F6,-0.534958031
tAge,proT,EAPP,-0.268313575
tAge,proT,EARS2,0.57718754
tAge,proT,ECI1,0.194289367
tAge,proT,EDEM1,0.406955649
tAge,proT,EIF1AY,0.901795548
tAge,proT,EIF2B5,0.592910172
tAge,proT,EIF3C,-1.480759208
tAge,proT,EIF3F,-0.864046177
tAge,proT,EIF5A2,0.924579203
tAge,proT,ENTR1,0.450000935
tAge,proT,EP400,0.427858116
tAge,proT,EPC2,-0.09021614
tAge,proT,EPN2,0.25348577
tAge,proT,ESR2,0.501136128
tAge,proT,EXOSC10,0.26081459
tAge,proT,EXOSC4,3.68647561
tAge,proT,F8A3,7.379774661
tAge,proT,FABP5,0.388558204
tAge,proT,FADD,2.632427551
tAge,proT,FAM114A2,0.478773064
tAge,proT,FAM13A-AS1,0.53168031
tAge,proT,FBXO30,0.449037297
tAge,proT,FHL2,-1.009039291
tAge,proT,FRMD4A,-0.459406901
tAge,proT,FRMD5,-0.183945862
tAge,proT,FRRS1,0.358833916
tAge,proT,FTSJ1,0.87975728
tAge,proT,FUBP3,-0.185875159
tAge,proT,GAA,-0.046226583
tAge,proT,GAR1,0.556569151
tAge,proT,GATC,0.99898049
tAge,proT,GCC1,-0.462072346
tAge,proT,GCC2,0.203132501
tAge,proT,gender,0.970189976
tAge,proT,GFER,0.185694751
tAge,proT,GFI1,0.583908897
tAge,proT,GIMAP6,-0.318961424
tAge,proT,GKAP1,-1.136471733
tAge,proT,GLB1L,3.727470392
tAge,proT,GPAM,0.443628608
tAge,proT,GPC6,0.437508402
tAge,proT,GPR25,-0.410053571
tAge,proT,GPRIN3,0.264620711
tAge,proT,GPX4,0.619347481
tAge,proT,GRIP1,-0.828725513
tAge,proT,GRK6,0.241772077
tAge,proT,GRSF1,0.382724974
tAge,proT,GRTP1,-4.429646366
tAge,proT,GTF2H4,0.124590707
tAge,proT,HACD2,-0.048079284
tAge,proT,HACE1,0.351337834
tAge,proT,HARBI1,-6.046794451
tAge,proT,HCCS,0.470919392
tAge,proT,HDAC1,0.02775756
tAge,proT,HDHD5,0.917838425
tAge,proT,HECA,0.292191484
tAge,proT,HECW2,-0.414571833
tAge,proT,HELQ,-0.375227055
tAge,proT,HELZ,-0.413061685
tAge,proT,HEMK1,1.14646916
tAge,proT,HENMT1,-0.417765627
tAge,proT,HEXIM1,-1.951917617
tAge,proT,HIST1H3B,0.151501249
tAge,proT,HIST1H4D,-0.53467714
tAge,proT,HNRNPH1,-0.644122313
tAge,proT,HNRNPR,-0.439862572
tAge,proT,HNRNPUL1,-0.525168041
tAge,proT,HOOK2,0.372559546
tAge,proT,HPSE2,5.380358934
tAge,proT,HSPA14,1.242247882
tAge,proT,HYPK,4.605677037
tAge,proT,IAH1,0.157320587
tAge,proT,IARS2,-0.327906226
tAge,proT,ICA1L,0.573468103
tAge,proT,ID1,8.622385492
tAge,proT,IDI1,0.311903576
tAge,proT,IFT140,-1.113681753
tAge,proT,IGHG4,0.979661678
tAge,proT,IGLC2,1.009094538
tAge,proT,IGLV2-11,-1.057410666
tAge,proT,IGLV3-25,4.15766775
tAge,proT,IL12RB2,-0.323629159
tAge,proT,IL17RC,-6.058330911
tAge,proT,ILKAP,0.205880697
tAge,proT,IMPACT,-0.391451159
tAge,proT,IRGM,-0.246380631
tAge,proT,ISG20L2,-0.205496714
tAge,proT,IST1,0.049417746
tAge,proT,ITGB1BP2,-4.562412533
tAge,proT,ITPK1,0.122345628
tAge,proT,ITPKC,-0.228133568
tAge,proT,JAKMIP2,0.000957469
tAge,proT,KAZN,0.616218758
tAge,proT,KBTBD7,-0.129262267
tAge,proT,KCNA3,0.74334763
tAge,proT,KCNQ1OT1,0.342232744
tAge,proT,KCNQ4,-8.399315944
tAge,proT,KCTD1,-1.314353237
tAge,proT,KCTD17,3.519257182
tAge,proT,KCTD9,0.034625377
tAge,proT,KIR2DL1,2.847403446
tAge,proT,KLF3,-0.196382317
tAge,proT,KLHL12,-0.796725682
tAge,proT,KLHL42,-0.446432862
tAge,proT,KMT5A,0.014534486
tAge,proT,LDHC,-1.84205372
tAge,proT,LIMA1,0.123875859
tAge,proT,LINC00852,5.885050661
tAge,proT,LINC00861,-0.368508306
tAge,proT,LINC01220,-0.52800268
tAge,proT,LINC01679,-5.827886946
tAge,proT,LINC01684,0.140806845
tAge,proT,LINC01730,1.23227841
tAge,proT,LINC02422,2.147239051
tAge,proT,LINC02506,0.474385777
tAge,proT,LINC02539,1.690861057
tAge,proT,LMNB1,0.014927155
tAge,proT,LMTK3,3.239116534
tAge,proT,LRP10,0.534718455
tAge,proT,LRRC58,-0.628826638
tAge,proT,LRRD1,-4.36386853
tAge,proT,LSM4,1.098275904
tAge,proT,LTBP2,-3.963775089
tAge,proT,LUC7L2,-0.214746191
tAge,proT,LYZ,5.437035042
tAge,proT,MAGEH1,3.956790143
tAge,proT,MAML2,-0.49984506
tAge,proT,MANEAL,1.099151217
tAge,proT,MAP3K20,-0.567690471
tAge,proT,MCRIP1,-0.855619832
tAge,proT,MDM1,0.307668537
tAge,proT,MEAF6,-0.103683604
tAge,proT,MED12L,0.320087307
tAge,proT,MED30,-0.62507032
tAge,proT,METTL17,-0.497425525
tAge,proT,MMD,0.688562215
tAge,proT,MOCS1,1.335424542
tAge,proT,MORF4L1,-0.508683477
tAge,proT,MPC1,-0.15726895
tAge,proT,MRPL42,0.04026955
tAge,proT,MRPL52,0.402271579
tAge,proT,MRPS22,0.21110896
tAge,proT,MSX2,0.408162087
tAge,proT,MTERF4,-0.110703418
tAge,proT,MTFR1,0.401609597
tAge,proT,MTMR10,-0.570152433
tAge,proT,MTTP,-8.907444749
tAge,proT,MVP,-0.27617842
tAge,proT,MYCBP,0.154645872
tAge,proT,MYH10,0.992606278
tAge,proT,MYL6,-0.076811607
tAge,proT,MYO16,-1.473121755
tAge,proT,NAP1L2,1.64488468
tAge,proT,NAPRT,0.337770599
tAge,proT,NASP,0.477505984
tAge,proT,NCAM2,0.93196101
tAge,proT,NCF2,-0.10211019
tAge,proT,NDUFAF2,-0.30844449
tAge,proT,NDUFB8,0.879995
tAge,proT,NDUFS2,0.456880201
tAge,proT,NECAP2,-0.274121209
tAge,proT,NEDD8,0.38506568
tAge,proT,NEK3,-0.378976937
tAge,proT,NHSL1,1.527159343
tAge,proT,NIN,-0.459584736
tAge,proT,NIPSNAP2,-1.548639117
tAge,proT,NKIRAS1,-0.979303249
tAge,proT,NKTR,0.129330609
tAge,proT,NOB1,0.393769081
tAge,proT,NOL8,-0.158278924
tAge,proT,NOMO3,0.205751529
tAge,proT,NOX5,-2.067629259
tAge,proT,NPAS2,-0.272184354
tAge,proT,NPIPB2,-0.372872602
tAge,proT,NR2C2,-0.262974661
tAge,proT,NRIR,1.060959825
tAge,proT,NRSN2-AS1,1.279598038
tAge,proT,NSL1,0.065388133
tAge,proT,NSMCE4A,0.901962934
tAge,proT,NT5C3A,0.158718599
tAge,proT,NTHL1,0.40549876
tAge,proT,NUFIP1,1.111227036
tAge,proT,NXF1,1.250848183
tAge,proT,OR56B1,-8.011599393
tAge,proT,ORAI1,0.535450187
tAge,proT,ORC2,0.502008047
tAge,proT,OSTM1,0.301009194
tAge,proT,OVOL2,1.846962654
tAge,proT,OXSR1,0.066944936
tAge,proT,PAFAH1B3,0.21073328
tAge,proT,PAM16,-4.76709502
tAge,proT,PAPLN,0.342117421
tAge,proT,PARD6B,0.263774091
tAge,proT,PBRM1,0.11785563
tAge,proT,PCGF3,0.215787193
tAge,proT,PCNX4,0.175009396
tAge,proT,PDCD1,1.429641517
tAge,proT,PDCD7,-0.438629334
tAge,proT,PDE4B,0.190308338
tAge,proT,PELI3,3.835609988
tAge,proT,PEX5,-0.945167495
tAge,proT,PGBD2,0.13315136
tAge,proT,PGD,-0.574065241
tAge,proT,PGLS,0.678533012
tAge,proT,PGM2,0.167560243
tAge,proT,PHGDH,-0.552569011
tAge,proT,PIGO,-8.121270458
tAge,proT,PIK3R3,0.245800002
tAge,proT,PIN4,0.555544651
tAge,proT,PINX1,0.982600088
tAge,proT,PIWIL2,0.428534872
tAge,proT,PKN3,-5.664330153
tAge,proT,PLA2G4A,0.577793904
tAge,proT,PLAT,0.90536143
tAge,proT,PLCB2,1.054569812
tAge,proT,PLEKHG2,0.00532688
tAge,proT,PLS3,-0.067367398
tAge,proT,POC1B-AS1,-1.621719938
tAge,proT,POLH,0.373016725
tAge,proT,POLR3K,1.30129511
tAge,proT,POU2F1,0.216308952
tAge,proT,PPAT,-0.811850107
tAge,proT,PPP1R9A,0.147004093
tAge,proT,PPP2R5A,0.32310315
tAge,proT,PRDX1,0.179406407
tAge,proT,PRF1,0.330415138
tAge,proT,PRKRIP1,0.509702034
tAge,proT,PROCR,-0.9190169
tAge,proT,PROSER2,-4.367762943
tAge,proT,PRPF40B,-0.770462129
tAge,proT,PRRT3,0.738625784
tAge,proT,PSD3,1.570552165
tAge,proT,PSMA3,0.067108307
tAge,proT,PTCH2,-0.377546086
tAge,proT,PWWP2B,-0.745393129
tAge,proT,PYM1,0.464975724
tAge,proT,QTRT2,0.364379517
tAge,proT,RAB18,-0.489783626
tAge,proT,RAB7A,-0.737862419
tAge,proT,RBM47,0.375859839
tAge,proT,RC3H1,0.534094429
tAge,proT,RFC5,-0.925665893
tAge,proT,RGS5,-0.782778387
tAge,proT,RILP,4.110562028
tAge,proT,RIPK1,-0.08580593
tAge,proT,RNF135,1.709134279
tAge,proT,RNF32,1.330827141
tAge,proT,ROBO3,6.559936168
tAge,proT,RPL31,0.054827833
tAge,proT,RPUSD2,1.944177466
tAge,proT,SACS,0.01513175
tAge,proT,SAMD9,0.386959593
tAge,proT,SAP130,0.035311348
tAge,proT,SAP25,1.418824031
tAge,proT,SBK1,-0.192058418
tAge,proT,SCIMP,0.313994163
tAge,proT,SCPEP1,0.871223547
tAge,proT,SDHAF2,1.404503741
tAge,proT,SDR42E1,1.800752092
tAge,proT,SEC11C,0.559597628
tAge,proT,SERTAD3,1.432949638
tAge,proT,SF3B4,-0.808083808
tAge,proT,SFXN2,-1.187961393
tAge,proT,SGTB,-0.253405054
tAge,proT,SH2D3A,1.583150508
tAge,proT,SH3BGRL,0.132152522
tAge,proT,SH3GLB2,0.158761743
tAge,proT,SHCBP1,0.454144989
tAge,proT,SIAE,0.272963241
tAge,proT,SIGIRR,0.510343703
tAge,proT,SIGMAR1,-1.186867847
tAge,proT,SLC15A2,-2.604202758
tAge,proT,SLC22A18,-0.976848504
tAge,proT,SLC25A22,0.278382022
tAge,proT,SLC27A2,1.259127346
tAge,proT,SLC29A3,-1.680839019
tAge,proT,SLC2A9,0.795832863
tAge,proT,SLC35E1,-0.377606528
tAge,proT,SLC44A2,-0.172104197
tAge,proT,SLC7A6,-0.364176316
tAge,proT,SLFN12,0.861865161
tAge,proT,SLFNL1,1.986665207
tAge,proT,SLTM,0.189211965
tAge,proT,SNCA,6.26356611
tAge,proT,SNHG21,0.22254272
tAge,proT,SNRNP25,0.450771112
tAge,proT,SNRPG,0.568120177
tAge,proT,SNX13,-0.151198194
tAge,proT,SNX15,0.992781163
tAge,proT,SNX16,0.752758595
tAge,proT,SOCS1,2.901608469
tAge,proT,SPAG9,0.088485135
tAge,proT,SPART-AS1,0.899625128
tAge,proT,SPATA3,-3.02671694
tAge,proT,SPDYE3,-0.394003741
tAge,proT,SPIN3,-0.888767509
tAge,proT,SRP54,0.392347493
tAge,proT,SRRM2,0.513894199
tAge,proT,SRSF11,0.162009631
tAge,proT,SRSF6,0.236988692
tAge,proT,SSX2IP,0.958062202
tAge,proT,ST6GALNAC6,0.755123326
tAge,proT,STK38L,-0.283449121
tAge,proT,STXBP3,0.179864392
tAge,proT,TAF15,-0.205884689
tAge,proT,TAF4B,0.371288929
tAge,proT,TBCC,0.914473439
tAge,proT,TBRG4,1.528613909
tAge,proT,TCEA3,-1.100392519
tAge,proT,TCHH,0.431780249
tAge,proT,TCTN3,0.481007673
tAge,proT,TEX264,0.25131387
tAge,proT,TEX9,0.195924352
tAge,proT,TFG,0.29935343
tAge,proT,TFRC,0.361252075
tAge,proT,TGFBR3,0.300122061
tAge,proT,TM4SF19-AS1,1.564194656
tAge,proT,TMC3-AS1,1.180302942
tAge,proT,TMED8,0.078054137
tAge,proT,TMEM120A,1.50544601
tAge,proT,TMEM160,-1.050346397
tAge,proT,TMEM167B,-0.555289434
tAge,proT,TMEM203,0.896958886
tAge,proT,TMEM268,-1.594203161
tAge,proT,TMPPE,1.047458717
tAge,proT,TNFRSF8,1.216707839
tAge,proT,TNNT3,3.798348721
tAge,proT,TPM1,0.534278073
tAge,proT,TPST2,0.17903277
tAge,proT,TRAC,0.572707313
tAge,proT,TRAF7,-0.665327679
tAge,proT,TRAV3,0.986961104
tAge,proT,TRBC1,-0.073938644
tAge,proT,TRBV12-3,-2.196467576
tAge,proT,TRBV15,0.112397147
tAge,proT,TRGV4,-0.743303037
tAge,proT,TRIM36,8.348293566
tAge,proT,TSPAN5,0.137855246
tAge,proT,TSPYL4,-0.124290621
tAge,proT,TTLL12,-0.764202317
tAge,proT,TUBB4B,0.292161154
tAge,proT,TUBGCP6,-0.633752562
tAge,proT,TYK2,0.170116977
tAge,proT,UBE3C,0.516770225
tAge,proT,UBOX5-AS1,1.013707661
tAge,proT,UBR1,0.07356025
tAge,proT,UBTF,0.682424954
tAge,proT,UCK2,-0.369375945
tAge,proT,UNC5C,4.502588191
tAge,proT,UPF2,-0.238498043
tAge,proT,UPK1B,-4.477189084
tAge,proT,UROD,-0.029594568
tAge,proT,VAT1,-0.275782658
tAge,proT,VDAC2,0.382583681
tAge,proT,VIM-AS1,0.38326698
tAge,proT,VPS26B,0.333853602
tAge,proT,VPS29,0.389803084
tAge,proT,VTI1A,-0.193725164
tAge,proT,WDR13,-0.026495526
tAge,proT,WDR35,0.455626961
tAge,proT,XPOT,0.442574964
tAge,proT,XYLT2,1.087792223
tAge,proT,YDJC,0.513855886
tAge,proT,ZBTB39,1.46561976
tAge,proT,ZC3H12A,1.012924536
tAge,proT,ZCCHC24,2.577471593
tAge,proT,ZCCHC8,-0.403309167
tAge,proT,ZDHHC21,0.104389465
tAge,proT,ZFP14,0.394213315
tAge,proT,ZFY,0.810659869
tAge,proT,ZNF189,0.235728013
tAge,proT,ZNF236-DT,0.927652542
tAge,proT,ZNF253,0.010637991
tAge,proT,ZNF285,1.0069946
tAge,proT,ZNF292,0.400260805
tAge,proT,ZNF320,-2.167743163
tAge,proT,ZNF337,0.273131376
tAge,proT,ZNF365,-0.370179907
tAge,proT,ZNF48,3.790663369
tAge,proT,ZNF623,-0.322100777
tAge,proT,ZNF654,0.012376099
tAge,proT,ZNF813,-0.991272972
tAge,proT,ZSCAN29,0.408348409
tAge,proT,ZSWIM7,0.491571787
tAge,NK2,(Intercept),56.88436598
tAge,NK2,A1CF,-157.2367649
tAge,NK2,AASS,1.45902467
tAge,NK2,ABCA1,11.12000516
tAge,NK2,ABCA6,-5.33305864
tAge,NK2,ABCB5,-17.10664778
tAge,NK2,ABCC5,-0.654170702
tAge,NK2,ABCC8,35.66908836
tAge,NK2,ABCG2,4.981550292
tAge,NK2,ACCSL,-11.93240952
tAge,NK2,ACP6,1.303012656
tAge,NK2,ACTN1,-0.774791609
tAge,NK2,ADAL,0.867094688
tAge,NK2,ADAM12,0.504955134
tAge,NK2,ADAM19,-2.266149909
tAge,NK2,ADAMTS12,10.98669168
tAge,NK2,ADARB1,-1.00403728
tAge,NK2,AGTPBP1,-0.421745283
tAge,NK2,AKIRIN2,1.08351688
tAge,NK2,ALDH3B1,51.6377673
tAge,NK2,ALG1L2,-2.735966823
tAge,NK2,ALKBH3-AS1,-67.1970102
tAge,NK2,ALOX5AP,0.560915318
tAge,NK2,ALX3,116.6696718
tAge,NK2,ANKRD28,-0.966332246
tAge,NK2,ANKRD36C,0.503335904
tAge,NK2,AOAH,0.030939096
tAge,NK2,AP1M2,29.99207023
tAge,NK2,AP4S1,0.700924609
tAge,NK2,APCDD1,1201.656351
tAge,NK2,APOBEC4,27.83572235
tAge,NK2,APOF,1045.363447
tAge,NK2,ARHGAP25,-0.290730942
tAge,NK2,ARHGAP26,-0.822820448
tAge,NK2,ARHGAP28,-41.40275496
tAge,NK2,ARHGAP40,-9.16233539
tAge,NK2,ARHGEF10L,-11.48806472
tAge,NK2,ARMC2,-0.237385219
tAge,NK2,ARV1,1.459680049
tAge,NK2,ASXL2,-0.581045687
tAge,NK2,ATF6,0.295348043
tAge,NK2,ATM,-0.234581811
tAge,NK2,ATP8A1,0.929648503
tAge,NK2,ATP8A2,-0.109798776
tAge,NK2,AVPR2,651.95352
tAge,NK2,AXL,0.380544698
tAge,NK2,B3GLCT,0.671181026
tAge,NK2,BAALC-AS1,0.904373411
tAge,NK2,BACH2,-0.675473017
tAge,NK2,BAIAP3,-2.479471269
tAge,NK2,BARD1,1.942209743
tAge,NK2,BCL2L2-PABPN1,2.752772567
tAge,NK2,BEND4,-14.49407637
tAge,NK2,BICDL1,0.815398645
tAge,NK2,BMP7,671.7562841
tAge,NK2,BMP8A,16.50974377
tAge,NK2,BNC2-AS1,-1006.688729
tAge,NK2,BOLA1,-2.618494979
tAge,NK2,BPGM,1.2001213
tAge,NK2,BTBD9,-0.714290327
tAge,NK2,BTN3A1,0.504591277
tAge,NK2,C12orf76,2.318712135
tAge,NK2,C17orf49,3.413925611
tAge,NK2,C1orf21,0.611268792
tAge,NK2,C1QB,133.4651947
tAge,NK2,C2orf66,33.13021595
tAge,NK2,C4orf19,1.075030485
tAge,NK2,C6orf89,1.411433165
tAge,NK2,C9orf40,1.635422849
tAge,NK2,CA5A,36.95975736
tAge,NK2,CADPS2,-9.836710061
tAge,NK2,CALCB,0.987997479
tAge,NK2,CALU,0.302485883
tAge,NK2,CAMK1D,-0.030555257
tAge,NK2,CAPN10-DT,-11.662273
tAge,NK2,CAPS2,0.910676431
tAge,NK2,CARMIL3,1.63896875
tAge,NK2,CASP1,0.412051604
tAge,NK2,CASP9,2.505302781
tAge,NK2,CATSPERB,-0.231661783
tAge,NK2,CCDC148-AS1,-134.5490127
tAge,NK2,CCDC149,0.536542559
tAge,NK2,CCDC183,-16.66674554
tAge,NK2,CCDC28B,-2.56782227
tAge,NK2,CCL24,229.6424612
tAge,NK2,CCND1,-14.22452714
tAge,NK2,CCND2,1.54727918
tAge,NK2,CCNJ,1.68798395
tAge,NK2,CD160,-1.233542929
tAge,NK2,CD2AP,-0.150433799
tAge,NK2,CD36,-2.749875641
tAge,NK2,CD3E,-0.884408872
tAge,NK2,CD93,-1.019991662
tAge,NK2,CDC123,1.812187246
tAge,NK2,CDK2AP2,2.228370476
tAge,NK2,CEACAM1,-11.33909694
tAge,NK2,CEBPB,0.492232531
tAge,NK2,CEP128,0.441761302
tAge,NK2,CEP152,0.471559094
tAge,NK2,CFAP36,0.685962875
tAge,NK2,CHN2,-0.884069471
tAge,NK2,CHRNA2,-195.6468773
tAge,NK2,CHRNA3,56.76184505
tAge,NK2,CHRNB2,11.22181073
tAge,NK2,CHRNB3,3.789144278
tAge,NK2,CHST13,10.77267347
tAge,NK2,CHUK,2.020362311
tAge,NK2,CLDN15,-1.355225096
tAge,NK2,CLDN7,12.67565433
tAge,NK2,CLEC17A,-3.710884781
tAge,NK2,CLEC2L,69.29958033
tAge,NK2,CLNK,-0.929406063
tAge,NK2,COA1,-0.855543583
tAge,NK2,COL5A2,-2.48960703
tAge,NK2,COX5A,0.045681542
tAge,NK2,COX6C,0.422235357
tAge,NK2,CPT1B,15.00429297
tAge,NK2,CRADD,2.006608924
tAge,NK2,CREB5,24.23512518
tAge,NK2,CREBRF,-1.270695503
tAge,NK2,CRHBP,-18.68923624
tAge,NK2,CSGALNACT2,1.121808062
tAge,NK2,CSRP1,1.870513718
tAge,NK2,CTSC,0.499728179
tAge,NK2,CXCL16,-14.04641527
tAge,NK2,CXCL17,-8.179815536
tAge,NK2,CXCL8,14.57997719
tAge,NK2,CYB5D2,-2.071164966
tAge,NK2,CYP2D6,-16.96158099
tAge,NK2,CYTH3,-0.052346765
tAge,NK2,DACH1,-14.85018412
tAge,NK2,DAND5,173.6351966
tAge,NK2,DAO,90.01149986
tAge,NK2,DAPK1,0.005079772
tAge,NK2,DAZ2,-42.81564323
tAge,NK2,DBN1,-3.60736474
tAge,NK2,DDIT4-AS1,74.89369399
tAge,NK2,DDX21,-1.02058812
tAge,NK2,DECR2,-3.876782478
tAge,NK2,DENND3,0.033802201
tAge,NK2,DEPDC7,-1.989220651
tAge,NK2,DHX35,0.634847618
tAge,NK2,DIAPH1,1.018860264
tAge,NK2,DIP2C,-1.25086824
tAge,NK2,DMGDH,-1.459301308
tAge,NK2,DMRTC1B,-6.368280803
tAge,NK2,DMXL1,1.517400298
tAge,NK2,DOCK10,-0.639332738
tAge,NK2,DOCK5,0.009845758
tAge,NK2,DOCK9,-0.21246458
tAge,NK2,DPH7,1.643424332
tAge,NK2,DPYSL5,179.6825583
tAge,NK2,DTWD2,-1.481693253
tAge,NK2,DYRK1B,-1.588492509
tAge,NK2,EDARADD,2.028942999
tAge,NK2,EDN3,6.440705045
tAge,NK2,EFCAB11,0.241634214
tAge,NK2,EFHC2,-1.120907301
tAge,NK2,EFNB3,-25.98067149
tAge,NK2,EIF4G3,0.325926779
tAge,NK2,ELMO3,-7.133001394
tAge,NK2,ELMOD2,0.532237556
tAge,NK2,ELP1,0.965970145
tAge,NK2,ENTPD1,4.490887552
tAge,NK2,ENTPD7,0.641082631
tAge,NK2,EPB41,-2.097659361
tAge,NK2,EPDR1,0.843865163
tAge,NK2,EPHA3,-7.204485321
tAge,NK2,EPHA4,-0.0595721
tAge,NK2,EPPK1,4.83258078
tAge,NK2,ERC2,-2.759749415
tAge,NK2,ESR2,1.544508371
tAge,NK2,ETFBKMT,5.971545945
tAge,NK2,EYA3,1.661083739
tAge,NK2,EZR-AS1,-62.76269169
tAge,NK2,FAAP100,-1.62612519
tAge,NK2,FAM107B,-0.294814324
tAge,NK2,FAM182B,1.232010857
tAge,NK2,FAM217A,10.24463893
tAge,NK2,FAM224A,11.02131014
tAge,NK2,FAM30A,-8.308177184
tAge,NK2,FANCG,8.797772803
tAge,NK2,FBN1,7.569300293
tAge,NK2,FBP2,16.02622599
tAge,NK2,FBXL18,1.665591536
tAge,NK2,FCRL2,-1.956543103
tAge,NK2,FCRL3,-0.934013209
tAge,NK2,FIG4,2.004991907
tAge,NK2,FLI1,-0.015635705
tAge,NK2,FOXN3,-0.887523132
tAge,NK2,FOXN3-AS2,-1.702511702
tAge,NK2,FPR1,28.15551645
tAge,NK2,FRAT1,-0.0949586
tAge,NK2,FYB1,-0.795701937
tAge,NK2,GAB4,-3.370415538
tAge,NK2,GACAT2,269.2783867
tAge,NK2,GADD45GIP1,0.829183068
tAge,NK2,GALK1,2.628236439
tAge,NK2,GART,-0.742000889
tAge,NK2,GDAP2,0.845178911
tAge,NK2,gender,0.057082265
tAge,NK2,GFRA2,-0.256799801
tAge,NK2,GIMAP2,-0.86159776
tAge,NK2,GK5,0.864428288
tAge,NK2,GLCCI1,-0.24694272
tAge,NK2,GMPR,-11.13091803
tAge,NK2,GNB2,3.176873644
tAge,NK2,GNG2,0.025546811
tAge,NK2,GNG5,0.056105168
tAge,NK2,GOLGA5,0.720477479
tAge,NK2,GOLIM4,0.629280561
tAge,NK2,GORAB,3.097096754
tAge,NK2,GPATCH2L,0.480603193
tAge,NK2,GPR82,-2.21924667
tAge,NK2,GPR84,171.6410732
tAge,NK2,GPRC5C,31.70473601
tAge,NK2,GRHPR,2.561475421
tAge,NK2,GRINA,-4.314641016
tAge,NK2,HAT1,2.420829323
tAge,NK2,HDAC9,-0.382109106
tAge,NK2,HIST2H4B,0.419333347
tAge,NK2,HNRNPUL2-BSCL2,5.678642185
tAge,NK2,HPRT1,0.276851753
tAge,NK2,HSD17B12,-0.00992189
tAge,NK2,IFI44,0.009532136
tAge,NK2,IFT20,0.217210448
tAge,NK2,IGFBP3,0.507824499
tAge,NK2,IGKV1D-33,29.33902311
tAge,NK2,IGKV2D-30,107.1274031
tAge,NK2,IGLV1-41,62.80431818
tAge,NK2,IGLV1-47,7.306611407
tAge,NK2,IGLV10-54,7.498255887
tAge,NK2,IGLV2-8,1.164698785
tAge,NK2,IGLV3-9,15.77491939
tAge,NK2,IGLV5-48,-23.601404
tAge,NK2,IL17B,-21.24105207
tAge,NK2,IL6R-AS1,58.53137731
tAge,NK2,INSL6,25.19257625
tAge,NK2,INTS8,1.016188791
tAge,NK2,IP6K2,3.240395827
tAge,NK2,IQCH,-1.59773132
tAge,NK2,IRS2,-0.231493647
tAge,NK2,ITFG1-AS1,-7.665702893
tAge,NK2,ITGAX,-0.709526604
tAge,NK2,ITGB5,-18.37223541
tAge,NK2,ITK,-0.916793034
tAge,NK2,IVNS1ABP,1.409210234
tAge,NK2,IYD,25.03199847
tAge,NK2,JAK1,-0.131969226
tAge,NK2,JARID2-AS1,10.25192475
tAge,NK2,JUND,-0.908025945
tAge,NK2,KANSL3,0.19446005
tAge,NK2,KAZN,1.157681575
tAge,NK2,KBTBD11,-7.74847563
tAge,NK2,KDSR,-0.655651156
tAge,NK2,KIAA1549L,25.83950566
tAge,NK2,KIF14,2.759013833
tAge,NK2,KIF24,1.522689176
tAge,NK2,KIF3A,2.778211195
tAge,NK2,KIF4B,-85.23763598
tAge,NK2,KIN,0.496065194
tAge,NK2,KIR3DL2,1.168736866
tAge,NK2,KIRREL3-AS1,5.82694894
tAge,NK2,KLF11,-3.229858562
tAge,NK2,KLHL20,1.052137845
tAge,NK2,KLHL32,3.60410294
tAge,NK2,KLK1,-51.40785696
tAge,NK2,KLRC4-KLRK1,-0.452417948
tAge,NK2,KPNA4,1.553784446
tAge,NK2,KPNA7,54.3606489
tAge,NK2,KRAS,0.517109917
tAge,NK2,KTN1-AS1,-5.403060771
tAge,NK2,LAMB3,3.320355156
tAge,NK2,LAMC3,29.24806974
tAge,NK2,LCN10,-0.08219857
tAge,NK2,LCORL,0.018361512
tAge,NK2,LDB2,-0.22198698
tAge,NK2,LDHC,-8.331131253
tAge,NK2,LDLRAD3,-1.479506492
tAge,NK2,LGI1,-2.639532108
tAge,NK2,LILRA1,29.52459568
tAge,NK2,LIMCH1,2.390232942
tAge,NK2,LINC00051,-8.784688471
tAge,NK2,LINC00158,-36.16061026
tAge,NK2,LINC00184,-16.32409677
tAge,NK2,LINC00235,-7.142694105
tAge,NK2,LINC00309,-6.87126985
tAge,NK2,LINC00352,-28.46744731
tAge,NK2,LINC00365,-14.61482187
tAge,NK2,LINC00536,47.10472964
tAge,NK2,LINC00563,16.82602757
tAge,NK2,LINC00665,-5.922047109
tAge,NK2,LINC00910,-0.478127841
tAge,NK2,LINC01081,6.321041266
tAge,NK2,LINC01127,71.01629717
tAge,NK2,LINC01134,0.050096954
tAge,NK2,LINC01187,13.69414038
tAge,NK2,LINC01215,-2.821210632
tAge,NK2,LINC01397,95.17226517
tAge,NK2,LINC01416,9.767321546
tAge,NK2,LINC01498,24.42288794
tAge,NK2,LINC01572,1.805635912
tAge,NK2,LINC01684,1.33179717
tAge,NK2,LINC01917,-34.23578282
tAge,NK2,LINC01931,-12.17270385
tAge,NK2,LINC01934,-1.851198048
tAge,NK2,LINC01970,-9.565344779
tAge,NK2,LINC02202,28.47827405
tAge,NK2,LINC02255,-25.38061081
tAge,NK2,LINC02284,3.217640721
tAge,NK2,LINC02296,5.761448558
tAge,NK2,LINC02298,-2.30556647
tAge,NK2,LINC02321,32.14369878
tAge,NK2,LINC02362,2.773169112
tAge,NK2,LINC02384,0.000580558
tAge,NK2,LINC02427,4.306401335
tAge,NK2,LINC02550,-9.786657822
tAge,NK2,LMBR1,0.465165025
tAge,NK2,LPCAT4,0.37039684
tAge,NK2,LPIN2,-1.008269038
tAge,NK2,LPP,-1.554478035
tAge,NK2,LRCH3,0.159059607
tAge,NK2,LRRC57,0.851519053
tAge,NK2,LRRFIP2,0.915111601
tAge,NK2,LSM7,1.508049849
tAge,NK2,LTBR,6.726786006
tAge,NK2,LY9,-0.183813802
tAge,NK2,LYPD6,-42.576701
tAge,NK2,LZTS1,7.458714007
tAge,NK2,MAFF,-0.141448632
tAge,NK2,MAK,10.92908663
tAge,NK2,MAML2,-0.388936438
tAge,NK2,MAP3K13,1.947798893
tAge,NK2,MAP4K3,-0.618210333
tAge,NK2,MAP6,42.77764627
tAge,NK2,MARK1,-5.061541412
tAge,NK2,MBD3L1,-10.51424926
tAge,NK2,MCM3AP-AS1,0.008486242
tAge,NK2,MDFIC,-0.552085919
tAge,NK2,MED23,1.02690441
tAge,NK2,MEST,-5.202646802
tAge,NK2,MFAP2,157.5510444
tAge,NK2,MFGE8,8.479161274
tAge,NK2,MID2,-0.925595641
tAge,NK2,MIR4435-2HG,-0.234564881
tAge,NK2,MIRLET7BHG,1.246162173
tAge,NK2,MITD1,1.447824251
tAge,NK2,MMP15,-17.97552539
tAge,NK2,MNAT1,1.505303994
tAge,NK2,MPPED2,-2.318330339
tAge,NK2,MPZL3,-0.436802577
tAge,NK2,MROH7-TTC4,47.85991086
tAge,NK2,MRPL1,-0.322147539
tAge,NK2,MRPL23,0.110450627
tAge,NK2,MRPS35,-0.561763175
tAge,NK2,MUC20-OT1,-0.248179695
tAge,NK2,MUC22,-192.5477385
tAge,NK2,MYO10,-0.620292809
tAge,NK2,MYOM3,58.38921858
tAge,NK2,MZB1,-6.918117004
tAge,NK2,NCALD,-0.617954601
tAge,NK2,NCAM2,1.109873507
tAge,NK2,NCOA3,-0.343279816
tAge,NK2,NDFIP2,1.544161966
tAge,NK2,NDUFA4,2.284772031
tAge,NK2,NDUFAF6,1.25671925
tAge,NK2,NEIL1,-1.280888135
tAge,NK2,NEIL3,12.70008408
tAge,NK2,NEK10,2.31748812
tAge,NK2,NEK6,-1.064300432
tAge,NK2,NEURL4,4.543519509
tAge,NK2,NKD2,28.38970005
tAge,NK2,NLRP4,355.5021757
tAge,NK2,NODAL,7.174285623
tAge,NK2,NOVA1,7.136380931
tAge,NK2,NOX3,80.21002777
tAge,NK2,NPIPB6,-0.858173615
tAge,NK2,NR3C2,-1.30042584
tAge,NK2,NRDC,0.827606169
tAge,NK2,NSL1,0.416419165
tAge,NK2,NT5C1A,36.83520511
tAge,NK2,NTN4,0.254114588
tAge,NK2,NUP98,0.672249981
tAge,NK2,OCA2,-3.61647512
tAge,NK2,OR1L6,150.1374124
tAge,NK2,OR2AG2,-34.86237912
tAge,NK2,OR2K2,157.548644
tAge,NK2,OTUD7A,-0.045875198
tAge,NK2,OTUD7B,0.450050375
tAge,NK2,OVGP1,-2.246306885
tAge,NK2,P4HA2-AS1,288.4883572
tAge,NK2,PACS1,-0.352357108
tAge,NK2,PADI2,5.109129725
tAge,NK2,PAGE2B,279.7454578
tAge,NK2,PATJ,-0.381420108
tAge,NK2,PBX1,-0.968766779
tAge,NK2,PCDHGA6,1.357483168
tAge,NK2,PCDHGB6,3.594878714
tAge,NK2,PCDHGC4,15.83435381
tAge,NK2,PCED1B,-1.625235164
tAge,NK2,PCMT1,0.017669233
tAge,NK2,PCSK6,-1.692983882
tAge,NK2,PDAP1,-1.021241136
tAge,NK2,PDCL,1.332141178
tAge,NK2,PDE10A,46.07245358
tAge,NK2,PDE4B,1.085636488
tAge,NK2,PDE6A,11.45419032
tAge,NK2,PDE7B,4.43033294
tAge,NK2,PDGFD,-0.370915783
tAge,NK2,PDGFRB,0.653697538
tAge,NK2,PDZK1,-12.70751791
tAge,NK2,PER3,-1.203455735
tAge,NK2,PHACTR2,0.854936057
tAge,NK2,PHETA2,4.813207509
tAge,NK2,PIK3AP1,-0.838503102
tAge,NK2,PIK3CA,-0.262745084
tAge,NK2,PKNOX2,-74.2090711
tAge,NK2,PLCB1,-1.157657804
tAge,NK2,PLCL1,-0.306875178
tAge,NK2,PLCXD2,1.787532746
tAge,NK2,PLPP4,54.68929544
tAge,NK2,POLK,0.593280178
tAge,NK2,POPDC2,0.471983865
tAge,NK2,PPARA,0.74230131
tAge,NK2,PPIL2,0.939923556
tAge,NK2,PPM1E,-13.84186988
tAge,NK2,PPM1L,-1.321604052
tAge,NK2,PPP4R3B,0.664904124
tAge,NK2,PRDX3,0.132691858
tAge,NK2,PRF1,0.03049195
tAge,NK2,PROS1,-8.960256251
tAge,NK2,PRPF4,0.088946001
tAge,NK2,PRSS23,2.104952614
tAge,NK2,PSRC1,46.39047729
tAge,NK2,PSTPIP2,-0.744330884
tAge,NK2,PTDSS2,-1.073870392
tAge,NK2,PTPN21,88.70940096
tAge,NK2,PTPRJ,0.725806639
tAge,NK2,PURG,75.21575645
tAge,NK2,PWRN4,-2.658301291
tAge,NK2,RAB13,-4.046307352
tAge,NK2,RABL3,0.807135554
tAge,NK2,RAD51D,1.630791369
tAge,NK2,RAET1E,195.7081276
tAge,NK2,RALGAPA1,0.414349878
tAge,NK2,RAP2C-AS1,-1.812907412
tAge,NK2,RARRES1,4.687738585
tAge,NK2,RASSF8-AS1,282.2895952
tAge,NK2,RAX2,-513.999972
tAge,NK2,RB1,2.09259055
tAge,NK2,RBM44,0.433829557
tAge,NK2,RBP5,-1.717215239
tAge,NK2,RCHY1,0.186728342
tAge,NK2,RCOR3,0.772109246
tAge,NK2,RCSD1,-0.31436075
tAge,NK2,REEP2,-2.593806874
tAge,NK2,REEP4,4.481335686
tAge,NK2,RERE,-0.357674055
tAge,NK2,RFPL1S,-0.512444986
tAge,NK2,RFTN1,-0.781245641
tAge,NK2,RFX8,7.952058977
tAge,NK2,RGS11,20.90751611
tAge,NK2,RGS13,28.64727971
tAge,NK2,RHOBTB1,78.89342461
tAge,NK2,RIMKLB,-0.149447825
tAge,NK2,RIN1,23.76797847
tAge,NK2,RNF144A,-1.347827301
tAge,NK2,RNF217,0.519039906
tAge,NK2,RP1,82.23053027
tAge,NK2,RPA1,0.978167346
tAge,NK2,RPE,-0.47716104
tAge,NK2,RPS27L,3.761183583
tAge,NK2,RRAS,-0.449879617
tAge,NK2,RTCB,1.163939207
tAge,NK2,RTN2,-2.079186785
tAge,NK2,RUVBL2,1.479400884
tAge,NK2,S100B,1.983088404
tAge,NK2,SAP30L,-0.098947344
tAge,NK2,SATB2,1.982691959
tAge,NK2,SCAANT1,-33.3039277
tAge,NK2,SCD5,0.342914266
tAge,NK2,SCLT1,0.981790402
tAge,NK2,SCMH1,-2.994458009
tAge,NK2,SCML4,-1.491385469
tAge,NK2,SCRN2,1.285568389
tAge,NK2,SDS,35.99994764
tAge,NK2,SEC14L1,0.835735098
tAge,NK2,SEC23A-AS1,-13.4780157
tAge,NK2,SEL1L,0.048520704
tAge,NK2,SEL1L3,-0.156513002
tAge,NK2,SENP8,-7.388858199
tAge,NK2,SERINC4,3.249015428
tAge,NK2,SERPIND1,-1.358920156
tAge,NK2,SGIP1,-28.7967049
tAge,NK2,SH3YL1,-0.339434001
tAge,NK2,SIGLEC1,0.394099602
tAge,NK2,SIPA1L1,0.930443172
tAge,NK2,SKAP1,-0.579195336
tAge,NK2,SKIL,0.934424585
tAge,NK2,SLC16A1-AS1,-0.261830004
tAge,NK2,SLC22A2,23.6318145
tAge,NK2,SLC25A31,165.8305391
tAge,NK2,SLC26A4-AS1,206.5646527
tAge,NK2,SLC29A2,-0.265158588
tAge,NK2,SLC30A9,0.567349948
tAge,NK2,SLC39A9,1.831460786
tAge,NK2,SLC40A1,-15.22752556
tAge,NK2,SLC4A4,-0.7867343
tAge,NK2,SLC7A9,7.110997261
tAge,NK2,SLC9A7,-2.587395823
tAge,NK2,SLC9A9-AS1,2.700816458
tAge,NK2,SMAD3,-0.527339394
tAge,NK2,SMIM18,5.275748307
tAge,NK2,SMOC1,-7.569083901
tAge,NK2,SMUG1,1.396588737
tAge,NK2,SNAI3,5.603085811
tAge,NK2,SNTB1,-0.281901286
tAge,NK2,SOCS4,0.046019999
tAge,NK2,SOCS6,-0.844285785
tAge,NK2,SPACA3,-149.3884278
tAge,NK2,SPECC1,-0.467012765
tAge,NK2,SPEF2,0.954666048
tAge,NK2,SPIN4,3.128058721
tAge,NK2,SPON1-AS1,-0.757686527
tAge,NK2,SPRN,-382.5143178
tAge,NK2,SSBP3-AS1,22.81838836
tAge,NK2,SSH2,-1.573866889
tAge,NK2,ST6GAL1,-0.707848126
tAge,NK2,STON2,1.108183919
tAge,NK2,STRBP,-1.715660019
tAge,NK2,STXBP5L,1.300155506
tAge,NK2,SUSD6,0.903302299
tAge,NK2,SVIL,-0.438433793
tAge,NK2,TAS2R60,-109.6331356
tAge,NK2,TBATA,197.7677869
tAge,NK2,TBC1D24,-0.677289525
tAge,NK2,TBC1D3F,-148.4606918
tAge,NK2,TBKBP1,1.011701172
tAge,NK2,TBL1XR1,-0.033922282
tAge,NK2,TBPL1,2.516619222
tAge,NK2,TBXAS1,0.813698217
tAge,NK2,TCF7L2,-0.805370779
tAge,NK2,TCL1A,6.954381298
tAge,NK2,TCP11L1,0.14496129
tAge,NK2,TDRD9,-6.867637179
tAge,NK2,TEK,-65.39962487
tAge,NK2,TEKT3,6.66642061
tAge,NK2,TESMIN,-8.033137058
tAge,NK2,TEX26,25.87434062
tAge,NK2,TIA1,0.078134276
tAge,NK2,TLN2,0.807689367
tAge,NK2,TMC3-AS1,-6.771524765
tAge,NK2,TMEM117,-0.938332546
tAge,NK2,TMEM119,-36.78150514
tAge,NK2,TMEM131L,-0.24920302
tAge,NK2,TMEM151B,-23.15830494
tAge,NK2,TMEM272,166.5645191
tAge,NK2,TMOD3,-2.851093933
tAge,NK2,TNFAIP8,-0.053418777
tAge,NK2,TNFRSF10C,-2.666608958
tAge,NK2,TNFRSF9,-5.968700804
tAge,NK2,TNFSF4,-1.934338272
tAge,NK2,TNKS2,-1.104627568
tAge,NK2,TNNI3K,-144.7627916
tAge,NK2,TP53RK,0.333651895
tAge,NK2,TRAJ25,3.153295555
tAge,NK2,TRAJ41,-2.165012136
tAge,NK2,TRAJ51,40.73359317
tAge,NK2,TRAM2,-1.075257298
tAge,NK2,TRAPPC11,0.119552745
tAge,NK2,TRAPPC13,0.996788432
tAge,NK2,TRBC1,0.592171274
tAge,NK2,TRBJ2-6,85.58014719
tAge,NK2,TRBV11-1,41.12071262
tAge,NK2,TRBV7-7,-51.44455604
tAge,NK2,TRIAP1,-5.576356616
tAge,NK2,TRIB1,-8.991824665
tAge,NK2,TRIM2,-14.04429578
tAge,NK2,TRIM4,1.008502362
tAge,NK2,TRIM44,-0.275643087
tAge,NK2,TRIM47,33.55731336
tAge,NK2,TRIM6,3.367240524
tAge,NK2,TRPM2,-1.181871969
tAge,NK2,TTC27,-2.571611646
tAge,NK2,TTC29,-24.08539512
tAge,NK2,TXNL1,0.169802496
tAge,NK2,TXNL4B,1.051879519
tAge,NK2,TYSND1,-1.189956102
tAge,NK2,UBAC2,-2.360208241
tAge,NK2,UBE2E2,-1.845062629
tAge,NK2,UBL7,0.22551947
tAge,NK2,UMPS,0.850169974
tAge,NK2,USB1,1.4728113
tAge,NK2,UST,-0.025193026
tAge,NK2,UXS1,-0.131008399
tAge,NK2,VAV3,-0.285684892
tAge,NK2,VCAM1,4.158010933
tAge,NK2,VIT,2.605705247
tAge,NK2,VPS45,0.101067753
tAge,NK2,VPS72,0.189066329
tAge,NK2,VSIG8,-16.05094476
tAge,NK2,WDHD1,2.070260559
tAge,NK2,WDR17,-36.27698847
tAge,NK2,WDR19,2.379096112
tAge,NK2,WDR41,1.108582912
tAge,NK2,WNT2B,27.44107041
tAge,NK2,XCL1,-3.634083677
tAge,NK2,XYLT1,-0.162846474
tAge,NK2,YTHDF1,1.32897746
tAge,NK2,ZBTB37,0.035215147
tAge,NK2,ZBTB7C,-3.449942205
tAge,NK2,ZEB1,-0.186835189
tAge,NK2,ZFAND2A,2.698839878
tAge,NK2,ZFY-AS1,-13.70212482
tAge,NK2,ZMYM4-AS1,36.34296044
tAge,NK2,ZNF16,4.994512729
tAge,NK2,ZNF205,-77.8747886
tAge,NK2,ZNF263,-0.236617534
tAge,NK2,ZNF280A,62.70199613
tAge,NK2,ZNF365,-0.20653319
tAge,NK2,ZNF518B,-2.558029347
tAge,NK2,ZNF528,-1.641682957
tAge,NK2,ZNF560,54.34979299
tAge,NK2,ZNF564,1.141063718
tAge,NK2,ZNF597,4.063980679
tAge,NK2,ZNF620,3.103170069
tAge,NK2,ZNF652,-0.469852325
tAge,NK2,ZNF665,-5.242621311
tAge,NK2,ZNF746,0.11133244
tAge,NK2,ZNF761,-1.446285079
tAge,NK2,ZNF81,1.528943783
tAge,NK2,ZNF880,-0.290755856
tAge,NK2,ZSCAN18,-4.732016752
tAge,Pla,(Intercept),62.1595979
tAge,Pla,ABI2,-0.071499595
tAge,Pla,ACOT13,1.11327316
tAge,Pla,ACOT7,-2.462195874
tAge,Pla,ACP6,2.057732119
tAge,Pla,ADAM29,-1.815012759
tAge,Pla,ADCK2,3.318606484
tAge,Pla,AFAP1-AS1,1.623174356
tAge,Pla,AGAP1,-0.707569
tAge,Pla,AGMAT,-0.098502913
tAge,Pla,AGO3,-0.148559148
tAge,Pla,AK3,-0.241809567
tAge,Pla,AKNA,-0.190628233
tAge,Pla,AKR7A2,-2.207348149
tAge,Pla,ALDH3A2,-0.4018279
tAge,Pla,ALG3,-1.497168863
tAge,Pla,ANGEL1,-1.15334503
tAge,Pla,ANGPT2,-0.57263203
tAge,Pla,ANXA2R,0.051309201
tAge,Pla,AP5B1,-1.823776529
tAge,Pla,APAF1,-0.81617766
tAge,Pla,APOLD1,-0.247191703
tAge,Pla,ARAP2,0.80692143
tAge,Pla,ARHGAP23,-1.362880503
tAge,Pla,ARL5B,-0.119122403
tAge,Pla,ARMC2,-0.157080582
tAge,Pla,ARMC8,-0.112725805
tAge,Pla,ASB6,-0.680797442
tAge,Pla,ATAD1,-0.040423624
tAge,Pla,ATL1,-0.368560414
tAge,Pla,ATL3,-0.479245099
tAge,Pla,ATM,-0.143303441
tAge,Pla,ATP11B,-0.264159891
tAge,Pla,AURKB,-0.464130285
tAge,Pla,BAZ1B,-0.414122609
tAge,Pla,BBC3,-0.575421622
tAge,Pla,BCAP29,-0.228864447
tAge,Pla,BCAR4,-1.987401247
tAge,Pla,BCL2L11,-0.159846236
tAge,Pla,BCL2L12,-0.395656463
tAge,Pla,BCL7A,-0.575178845
tAge,Pla,BCR,0.75735573
tAge,Pla,BCS1L,1.571124733
tAge,Pla,BEX4,-0.984003883
tAge,Pla,BLOC1S4,6.401662417
tAge,Pla,BTF3L4,0.06122828
tAge,Pla,BTN1A1,-0.273059039
tAge,Pla,C1orf115,-1.496072027
tAge,Pla,C1QTNF3-AMACR,0.338569112
tAge,Pla,C1RL-AS1,0.516779521
tAge,Pla,C4orf33,2.170327286
tAge,Pla,C4orf51,1.000195
tAge,Pla,C8orf58,-5.189717515
tAge,Pla,C8orf76,0.544991064
tAge,Pla,CACNB4,0.253292173
tAge,Pla,CADM2-AS1,1.083301367
tAge,Pla,CARMIL3,2.222192847
tAge,Pla,CASP4,-0.099215871
tAge,Pla,CASS4,0.33833194
tAge,Pla,CAV3,2.200605532
tAge,Pla,CCDC126,-0.061848805
tAge,Pla,CCDC28A,-0.424801515
tAge,Pla,CCDC40,4.35522885
tAge,Pla,CCL3,-0.096267487
tAge,Pla,CCNG2,-0.368500883
tAge,Pla,CCR3,-0.614020174
tAge,Pla,CD226,0.297550414
tAge,Pla,CD302,-1.360233518
tAge,Pla,CD81-AS1,-0.448043337
tAge,Pla,CD8B,1.530062988
tAge,Pla,CD8B2,-2.920323439
tAge,Pla,CDA,13.84137108
tAge,Pla,CDH4,-1.981451514
tAge,Pla,CDK5R1,1.233482105
tAge,Pla,CENPH,0.165882175
tAge,Pla,CENPU,-0.732142424
tAge,Pla,CEP63,-0.46184343
tAge,Pla,CEP70,0.671690055
tAge,Pla,CETP,-2.15263865
tAge,Pla,CFAP299,1.222237671
tAge,Pla,CHCHD10,-0.60262937
tAge,Pla,CHD9,-0.080772454
tAge,Pla,CHODL-AS1,-3.069221262
tAge,Pla,CLASP2,-0.339180822
tAge,Pla,CNOT6,0.972158258
tAge,Pla,CNTNAP2,0.046226433
tAge,Pla,COPB2,-0.036014473
tAge,Pla,COPRS,0.761110748
tAge,Pla,CP,8.863975462
tAge,Pla,CPB2,10.67342797
tAge,Pla,CPD,1.137422176
tAge,Pla,CPLX1,4.037953448
tAge,Pla,CPNE2,-1.075788406
tAge,Pla,CRACR2A,-0.268123115
tAge,Pla,CREBL2,0.924398904
tAge,Pla,CRLS1,-0.150391737
tAge,Pla,CRTAM,-1.157678412
tAge,Pla,CTBP1-DT,0.701964911
tAge,Pla,CTH,-0.706211557
tAge,Pla,CXCL16,16.0298279
tAge,Pla,CXorf58,8.435301779
tAge,Pla,CYB5D2,1.157900525
tAge,Pla,CYP3A5,7.935303247
tAge,Pla,DACH1,-4.52824082
tAge,Pla,DAGLB,3.020531175
tAge,Pla,DCBLD1,3.112448343
tAge,Pla,DCDC1,9.280914925
tAge,Pla,DCTD,-0.71661656
tAge,Pla,DDI2,-0.585032634
tAge,Pla,DELE1,0.016977274
tAge,Pla,DGKB,-2.384724272
tAge,Pla,DGKD,-0.475368975
tAge,Pla,DHRSX,-0.108424351
tAge,Pla,DHX15,-0.020568342
tAge,Pla,DLEU2,-0.268344892
tAge,Pla,DMD,-1.918258402
tAge,Pla,DNAJC25-GNG10,2.379461439
tAge,Pla,DNAL4,12.17855417
tAge,Pla,DUS4L,-0.972065605
tAge,Pla,DUSP28,-0.631221523
tAge,Pla,DUSP6,-1.684712127
tAge,Pla,DYNC1I2,0.049524182
tAge,Pla,EGLN2,0.719491191
tAge,Pla,ELL,-0.413593383
tAge,Pla,EMILIN2,5.439039685
tAge,Pla,EML1,2.502215113
tAge,Pla,EPHB6,0.769242843
tAge,Pla,ERCC4,-0.184878533
tAge,Pla,ERI2,2.160696753
tAge,Pla,ERO1A,0.501937668
tAge,Pla,ERO1B,-0.319803725
tAge,Pla,ESYT2,-0.006443961
tAge,Pla,EVA1C,1.42010169
tAge,Pla,EXOC3,-0.575539625
tAge,Pla,F2RL2,2.660542614
tAge,Pla,FAHD2B,-1.763007419
tAge,Pla,FAM131A,4.547365902
tAge,Pla,FAM162A,2.54469255
tAge,Pla,FAM178B,-1.691882533
tAge,Pla,FAM222A-AS1,-5.74724352
tAge,Pla,FAM66C,0.278836956
tAge,Pla,FARP1,13.54428111
tAge,Pla,FASTKD2,-0.49494811
tAge,Pla,FBN1,0.462845349
tAge,Pla,FBXW2,0.352987501
tAge,Pla,FGD3,0.372977439
tAge,Pla,FGF2,1.033126168
tAge,Pla,FKBP8,0.9978047
tAge,Pla,FKBP9,1.795590896
tAge,Pla,FLOT2,-0.03401824
tAge,Pla,FMNL2,-0.366993461
tAge,Pla,FOXD2-AS1,11.57862292
tAge,Pla,FOXP3,0.11008842
tAge,Pla,FXR2,-0.832899537
tAge,Pla,GALNT16,-4.687848702
tAge,Pla,GALNT6,-0.129310519
tAge,Pla,GAREM1,-0.669048752
tAge,Pla,GCSAM,1.271597185
tAge,Pla,GDAP1,-0.284317913
tAge,Pla,gender,0.936701294
tAge,Pla,GFM2,-0.298270168
tAge,Pla,GIMAP1,0.750421846
tAge,Pla,GK-AS1,5.356363211
tAge,Pla,GKAP1,-0.634176615
tAge,Pla,GLRA1,-2.646075738
tAge,Pla,GOLGA8H,9.623029564
tAge,Pla,GPR52,-3.831256579
tAge,Pla,GPS1,0.020223632
tAge,Pla,GREM2,1.128093439
tAge,Pla,GRIK5,5.68924195
tAge,Pla,GSTO1,-1.363583907
tAge,Pla,GTPBP8,-0.996890034
tAge,Pla,HACD3,-0.555850409
tAge,Pla,HAUS8,0.565528921
tAge,Pla,HCN3,-5.114946622
tAge,Pla,HES4,3.840893176
tAge,Pla,HEXIM2,-2.294343619
tAge,Pla,HIST1H2BK,-0.18741721
tAge,Pla,HIST1H3B,-0.30035121
tAge,Pla,HIST1H3C,-1.446643452
tAge,Pla,HIST1H3H,-1.195239522
tAge,Pla,HIST1H4D,-0.162076768
tAge,Pla,HIST1H4I,-0.821590758
tAge,Pla,HIST2H2AA3,10.20970412
tAge,Pla,HIST2H2AA4,-0.917160116
tAge,Pla,HIST2H3PS2,4.520472155
tAge,Pla,HIST3H2A,-0.407684994
tAge,Pla,HMG20A,0.094771112
tAge,Pla,HMGA1P4,13.59018045
tAge,Pla,HYDIN,-2.444962924
tAge,Pla,IFI44,0.42316795
tAge,Pla,IFNG-AS1,-0.085582369
tAge,Pla,IFT20,-0.43343476
tAge,Pla,IGHGP,1.068770476
tAge,Pla,IGHV3-11,-0.056384751
tAge,Pla,IGHV3-41,1.337565456
tAge,Pla,IGHV7-81,-1.711809618
tAge,Pla,IGKV2-18,1.036393121
tAge,Pla,IGLC3,-0.260153579
tAge,Pla,IGLV3-24,-2.780293363
tAge,Pla,IGLV4-69,-0.31436589
tAge,Pla,IGLV9-49,0.838100391
tAge,Pla,IL17D,4.627725949
tAge,Pla,IL1B,-0.459407327
tAge,Pla,ILF3-DT,-0.224792669
tAge,Pla,INAFM2,4.009175265
tAge,Pla,INCENP,-0.558996505
tAge,Pla,IPO7,-0.071987973
tAge,Pla,IPP,-0.647879212
tAge,Pla,IQCN,-0.26635824
tAge,Pla,IRF2BP1,-0.307433978
tAge,Pla,IRF9,0.682624978
tAge,Pla,ISCA2,-3.859376322
tAge,Pla,ITGA8,-0.207142204
tAge,Pla,ITGB1-DT,-1.198386844
tAge,Pla,JAG1,-2.049084192
tAge,Pla,JCHAIN,-0.236099338
tAge,Pla,JUND,-0.083432398
tAge,Pla,JUP,-0.530387222
tAge,Pla,KCNAB1,-0.110477366
tAge,Pla,KCNH2,-0.719635724
tAge,Pla,KCP,-1.265622207
tAge,Pla,KDM5A,0.6984445
tAge,Pla,KDM8,-2.72223159
tAge,Pla,KIAA0232,-0.158326416
tAge,Pla,KIF13B,-0.003601209
tAge,Pla,KLB,2.691270147
tAge,Pla,KLF11,-1.054238019
tAge,Pla,LARP4B,-0.110046039
tAge,Pla,LIN9,-0.374596036
tAge,Pla,LINC00159,4.552025981
tAge,Pla,LINC00208,2.858038565
tAge,Pla,LINC00322,3.983514812
tAge,Pla,LINC00539,-0.374236863
tAge,Pla,LINC00659,2.443837285
tAge,Pla,LINC00662,1.820810937
tAge,Pla,LINC00667,1.670947871
tAge,Pla,LINC01003,1.212424053
tAge,Pla,LINC01250,-3.296557523
tAge,Pla,LINC01362,1.801474504
tAge,Pla,LINC01535,-0.649071525
tAge,Pla,LINC01591,-11.14221073
tAge,Pla,LINC01684,1.531639167
tAge,Pla,LINC01876,0.246181728
tAge,Pla,LINC02026,2.693559915
tAge,Pla,LINC02196,16.38465772
tAge,Pla,LINC02362,-0.094487719
tAge,Pla,LINC02387,13.66541019
tAge,Pla,LIPH,5.582912101
tAge,Pla,LSM4,1.638535086
tAge,Pla,LY6G5C,-3.751563656
tAge,Pla,LYL1,0.993289771
tAge,Pla,LYRM7,-1.241360933
tAge,Pla,MANEAL,6.197094539
tAge,Pla,MANF,-0.627447314
tAge,Pla,MAP4K1,-0.407595246
tAge,Pla,MAST4-AS1,8.748373017
tAge,Pla,MCC,-0.16143607
tAge,Pla,MCM3,2.093172279
tAge,Pla,MCPH1-AS1,-0.707096662
tAge,Pla,MDC1,-0.121398077
tAge,Pla,MED30,-0.379317676
tAge,Pla,MED8,0.39959354
tAge,Pla,MEIOC,-5.182778746
tAge,Pla,METTL18,0.697676626
tAge,Pla,MIF,0.307871136
tAge,Pla,MIR181A1HG,0.313072027
tAge,Pla,MIR193BHG,0.255903822
tAge,Pla,MNAT1,-0.052826098
tAge,Pla,MRPL49,-0.792812378
tAge,Pla,MSTN,-5.50807376
tAge,Pla,MVD,-0.445705407
tAge,Pla,MYL2,13.18663889
tAge,Pla,NAALADL1,-3.427552812
tAge,Pla,NAGA,1.560681179
tAge,Pla,NAMPT,-0.086188713
tAge,Pla,NAV1,-0.284329326
tAge,Pla,NCAPD3,-0.284307139
tAge,Pla,NDC80,-0.983513598
tAge,Pla,NDE1,0.58723631
tAge,Pla,NDRG2,-2.758033945
tAge,Pla,NDUFA9,-0.055385289
tAge,Pla,NDUFB7,1.121549509
tAge,Pla,NDUFV3,-0.156506166
tAge,Pla,NEIL1,-0.134163874
tAge,Pla,NEURL2,-0.412180859
tAge,Pla,NFE2,-3.007287368
tAge,Pla,NFYC,0.005418315
tAge,Pla,NIPSNAP3A,-0.824221192
tAge,Pla,NOP53-AS1,20.74662079
tAge,Pla,NOP9,0.411937792
tAge,Pla,NOXA1,-4.426742661
tAge,Pla,NPAS1,-4.71919309
tAge,Pla,NPEPL1,-1.628910158
tAge,Pla,NPIPB13,-0.300303422
tAge,Pla,NPLOC4,-0.176404329
tAge,Pla,NPW,2.327567991
tAge,Pla,NR2E3,-5.185361384
tAge,Pla,NR6A1,1.779900766
tAge,Pla,NRDE2,-0.515282182
tAge,Pla,NRG3,-11.3267508
tAge,Pla,NRL,-1.143009193
tAge,Pla,NT5C2,-0.093865142
tAge,Pla,NUP153,-0.405556018
tAge,Pla,NXPE3,-0.182470695
tAge,Pla,OGDH,-0.029538772
tAge,Pla,OPA1,0.8195094
tAge,Pla,OR6J1,6.230574441
tAge,Pla,OVCA2,-0.389705141
tAge,Pla,OVOL2,11.64916254
tAge,Pla,P4HA3,1.127921958
tAge,Pla,PADI6,-0.399169198
tAge,Pla,PAK3,1.64112393
tAge,Pla,PANK3,0.318405227
tAge,Pla,PAPPA-AS1,0.187179531
tAge,Pla,PARP16,-0.502668821
tAge,Pla,PCBP4,-1.950145664
tAge,Pla,PCDHGB3,0.466399254
tAge,Pla,PCK2,-0.011500438
tAge,Pla,PCMT1,0.112229564
tAge,Pla,PCNX3,-0.88123176
tAge,Pla,PDE3A,0.324898212
tAge,Pla,PDE4A,1.281959134
tAge,Pla,PDGFB,-3.893075438
tAge,Pla,PDIA5,-0.059462881
tAge,Pla,PDK2,2.752591794
tAge,Pla,PF4,-4.853844917
tAge,Pla,PFKFB2,0.231712534
tAge,Pla,PGGHG,-0.945075291
tAge,Pla,PIK3CG,-0.325101671
tAge,Pla,PIP4P1,-0.583694934
tAge,Pla,PJA1,-0.054327274
tAge,Pla,PKD1L3,-1.447459132
tAge,Pla,PLCG2,-0.349674576
tAge,Pla,PLCXD3,-4.355247057
tAge,Pla,PLEKHM3,-0.007414655
tAge,Pla,PLPPR2,-4.443364338
tAge,Pla,POFUT2,-0.885488743
tAge,Pla,POLK,-0.355661307
tAge,Pla,POLR2H,-0.294994632
tAge,Pla,POMGNT2,0.829831526
tAge,Pla,PPM1N,-0.590526511
tAge,Pla,PPP1R14B,0.35575151
tAge,Pla,PPP2R2D,-0.23369388
tAge,Pla,PPP6R3,-0.097875782
tAge,Pla,PRDM11,-0.438484215
tAge,Pla,PRKACB,-0.058754089
tAge,Pla,PRR5L,0.837378013
tAge,Pla,PSD3,-1.939686214
tAge,Pla,PSMA5,-0.475673134
tAge,Pla,PSMC2,0.04363694
tAge,Pla,PSMD8,-0.287230064
tAge,Pla,PTGDS,4.998384127
tAge,Pla,PTMS,3.230016952
tAge,Pla,PTOV1,-0.461594201
tAge,Pla,PTPN2,-0.459971867
tAge,Pla,PTPRC,0.489020154
tAge,Pla,PUF60,0.307222259
tAge,Pla,QPRT,-6.1578116
tAge,Pla,QTRT1,2.145262127
tAge,Pla,RAB11B-AS1,3.052705445
tAge,Pla,RAB43,-1.386144586
tAge,Pla,RAB6A,-0.236305135
tAge,Pla,RABGGTA,-0.876829352
tAge,Pla,RACGAP1,-0.530008922
tAge,Pla,RAD23A,-0.759880834
tAge,Pla,RAD51C,-0.006675403
tAge,Pla,RBBP8,-0.884800936
tAge,Pla,RBM22,0.229229919
tAge,Pla,RDH13,-0.206404878
tAge,Pla,REXO5,1.494879017
tAge,Pla,RFC5,-0.541864544
tAge,Pla,RGS16,3.077584484
tAge,Pla,RHOA,-0.203479823
tAge,Pla,RLF,-0.446354918
tAge,Pla,RMRP,-0.579092465
tAge,Pla,RNF31,5.547563932
tAge,Pla,RPA2,-0.272391559
tAge,Pla,RPH3A,-2.881892725
tAge,Pla,RPS6KA1,2.675517673
tAge,Pla,RSAD2,-2.199564088
tAge,Pla,RTKN2,1.400478401
tAge,Pla,RTRAF,-0.334993386
tAge,Pla,RXFP1,1.51858531
tAge,Pla,S1PR4,1.441874733
tAge,Pla,SART3,-0.057820117
tAge,Pla,SCAF1,-0.388351756
tAge,Pla,SCAI,-0.551613613
tAge,Pla,SCAPER,-0.303359913
tAge,Pla,SCARB2,-0.232138998
tAge,Pla,SCMH1,-0.266158826
tAge,Pla,SEC22B,-0.204723654
tAge,Pla,SGPP1,0.272651236
tAge,Pla,SGSM1,0.250860907
tAge,Pla,SH3GLB2,-0.149709657
tAge,Pla,SH3RF2,-10.78568326
tAge,Pla,SIAE,-0.256671082
tAge,Pla,SLC1A1,2.561311538
tAge,Pla,SLC26A1,3.068581963
tAge,Pla,SLC27A4,-0.14073707
tAge,Pla,SLC30A5,-0.257912143
tAge,Pla,SLC35C1,-1.107831231
tAge,Pla,SLC38A2,-0.066218525
tAge,Pla,SLC43A3,-1.783768419
tAge,Pla,SLC44A5,8.117467387
tAge,Pla,SLC46A3,0.351681681
tAge,Pla,SLC4A8,-0.47573619
tAge,Pla,SLC51A,1.758223827
tAge,Pla,SLC6A13,4.217277568
tAge,Pla,SLF1,-0.099552006
tAge,Pla,SLFN5,0.516451206
tAge,Pla,SLX1A,-0.097403464
tAge,Pla,SMAD7,-0.594286772
tAge,Pla,SMIM14,-0.259397181
tAge,Pla,SMKR1,-2.708833322
tAge,Pla,SMPDL3A,-0.5892164
tAge,Pla,SNRK,-0.374214566
tAge,Pla,SNRNP25,0.507612731
tAge,Pla,SOCS6,-0.336247102
tAge,Pla,SPATA13,1.787423114
tAge,Pla,SPATA6,-2.590809504
tAge,Pla,SPATS2L,0.400096016
tAge,Pla,SPRED2,0.589535358
tAge,Pla,SPRY3,2.691952326
tAge,Pla,SPTB,3.31232271
tAge,Pla,SRRM2-AS1,-0.594221735
tAge,Pla,STAB2,-2.439532707
tAge,Pla,STAT1,0.294707534
tAge,Pla,STRBP,-0.327799157
tAge,Pla,STX1B,0.090843808
tAge,Pla,SYN2,18.66070768
tAge,Pla,SYT11,-1.989368629
tAge,Pla,TAF11,-0.371439198
tAge,Pla,TAGAP,-0.212386495
tAge,Pla,TAP2,-0.10202985
tAge,Pla,TAS2R10,-7.634900814
tAge,Pla,TBC1D3K,1.846499918
tAge,Pla,TBCC,0.592462147
tAge,Pla,TBCK,-0.328951287
tAge,Pla,TBX2,17.65565764
tAge,Pla,TCAF1,-0.437051671
tAge,Pla,TCEA2,-6.282575748
tAge,Pla,TESPA1,1.129175524
tAge,Pla,TEX14,0.042800067
tAge,Pla,TFAM,-0.374090121
tAge,Pla,THOC7,-0.201743487
tAge,Pla,TIMM23,-0.3528756
tAge,Pla,TINCR,-0.267195226
tAge,Pla,TLDC2,1.885254974
tAge,Pla,TM7SF2,-1.615949862
tAge,Pla,TMCO4,-0.498945655
tAge,Pla,TMEM139,8.834669555
tAge,Pla,TMEM164,-0.537911031
tAge,Pla,TMEM250,2.044370399
tAge,Pla,TMEM272,-8.791525156
tAge,Pla,TMEM42,-0.18235877
tAge,Pla,TMEM72-AS1,1.671839888
tAge,Pla,TMEM8B,-0.708180232
tAge,Pla,TMF1,-0.127986218
tAge,Pla,TNFAIP6,3.114174308
tAge,Pla,TNFAIP8L1,-1.871314847
tAge,Pla,TNFRSF17,-0.120672944
tAge,Pla,TNNI2,-1.439022659
tAge,Pla,TPH1,3.419074269
tAge,Pla,TPST1,-1.240438163
tAge,Pla,TPTE2,-0.297549654
tAge,Pla,TRAPPC2L,-0.176204045
tAge,Pla,TRBV10-3,-8.837000018
tAge,Pla,TRBV5-4,-8.230346728
tAge,Pla,TRDC,-1.733222103
tAge,Pla,TRGV7,9.022688043
tAge,Pla,TRMT2A,1.489517761
tAge,Pla,TRMT2B,-0.932328781
tAge,Pla,TSPAN32,-1.304390998
tAge,Pla,TSR3,2.052107339
tAge,Pla,TTC12,0.583299959
tAge,Pla,TTC28,-0.278553952
tAge,Pla,TTC3-AS1,-1.586077062
tAge,Pla,TULP4,-0.12527545
tAge,Pla,TWSG1,-0.408521619
tAge,Pla,TYW5,0.443667673
tAge,Pla,UBE2G1,-0.337347802
tAge,Pla,UBE2R2,-0.444385796
tAge,Pla,ULK1,-1.756429092
tAge,Pla,UMODL1,-3.085066903
tAge,Pla,UMPS,-0.598668872
tAge,Pla,UQCRC2,0.091848772
tAge,Pla,USP12-AS1,3.578815179
tAge,Pla,USP32,0.028185159
tAge,Pla,USP51,-1.352471112
tAge,Pla,USP6NL,-0.056602854
tAge,Pla,UTP3,-1.31338945
tAge,Pla,VAMP1,-0.496184893
tAge,Pla,VAMP5,3.012245322
tAge,Pla,VNN2,2.720345523
tAge,Pla,VPS13D,0.340578847
tAge,Pla,VRK1,-0.034378032
tAge,Pla,VTI1B,-0.603433705
tAge,Pla,WBP11,-0.361174102
tAge,Pla,WDR13,0.251965691
tAge,Pla,WDR31,-2.832126191
tAge,Pla,WDR75,0.41187923
tAge,Pla,XKR8,-1.494687559
tAge,Pla,XPC,-0.561911015
tAge,Pla,XPO7,-0.317853931
tAge,Pla,YPEL5,-0.07148615
tAge,Pla,YTHDC1,-0.460866427
tAge,Pla,ZBED6,0.150936079
tAge,Pla,ZBTB22,2.587029374
tAge,Pla,ZC2HC1C,-1.237236888
tAge,Pla,ZCRB1,-0.718177714
tAge,Pla,ZFAND2A,-1.848752077
tAge,Pla,ZFP1,-0.28611417
tAge,Pla,ZHX1,-0.379628472
tAge,Pla,ZMAT3,0.879460323
tAge,Pla,ZMYM3,-0.687355578
tAge,Pla,ZNF100,-0.123392407
tAge,Pla,ZNF205,10.68958702
tAge,Pla,ZNF256,-1.786763555
tAge,Pla,ZNF280C,0.343575475
tAge,Pla,ZNF324,-1.510921506
tAge,Pla,ZNF324B,1.938907679
tAge,Pla,ZNF335,-1.560445944
tAge,Pla,ZNF484,-0.440039149
tAge,Pla,ZNF517,-2.771785191
tAge,Pla,ZNF561,1.269039156
tAge,Pla,ZNF596,-1.084017045
tAge,Pla,ZNF613,0.615920595
tAge,Pla,ZNF680,0.690646108
tAge,Pla,ZNF718,-0.627911834
tAge,Pla,ZNF829,0.461538937
tAge,Pla,ZNF888,3.027313261
tAge,Pla,ZNHIT1,-0.082515251
tAge,Pla,ZSCAN2,-0.682937054
tAge,Pla,ZSCAN20,2.140231541
tAge,Pla,ZSWIM6,-0.16930753
tAge,Pla,ZSWIM9,-1.196506707
tAge,pDC,(Intercept),37.36211251
tAge,pDC,ABAT,0.126381931
tAge,pDC,ABCB1,-0.774552599
tAge,pDC,ABHD8,-0.267261286
tAge,pDC,ACADM,-0.058010227
tAge,pDC,ACAP3,0.303683447
tAge,pDC,ACSL4,0.611141296
tAge,pDC,ADPRHL1,2.534431317
tAge,pDC,AFF2,-2.117840147
tAge,pDC,AGAP5,1.313041583
tAge,pDC,AGPAT3,0.305134177
tAge,pDC,AMER1,-7.748397475
tAge,pDC,AMOTL1,-0.714379484
tAge,pDC,AMPD3,0.043310114
tAge,pDC,AMY2B,0.738915553
tAge,pDC,ANKRD31,4.620728114
tAge,pDC,ANKRD33B,-0.24327287
tAge,pDC,ANXA5,0.10075751
tAge,pDC,AOAH,0.255255386
tAge,pDC,APBB3,0.292366461
tAge,pDC,APEX2,-2.726044606
tAge,pDC,API5,0.065970625
tAge,pDC,APOL2,0.406236559
tAge,pDC,AQP9,2.734853838
tAge,pDC,ARHGAP30,0.701014637
tAge,pDC,ARHGAP45,0.152610894
tAge,pDC,ARHGEF10,7.674656218
tAge,pDC,ARHGEF40,2.677724499
tAge,pDC,ARID1A,0.14799979
tAge,pDC,ARL17B,0.144145578
tAge,pDC,ARL8B,-0.414177534
tAge,pDC,ARMCX1,-6.695838994
tAge,pDC,ARPP21,-0.314972727
tAge,pDC,ARTN,4.142105198
tAge,pDC,ARVCF,0.64136637
tAge,pDC,ASB13,0.615361857
tAge,pDC,ASB6,0.299133908
tAge,pDC,ASF1B,-0.680052261
tAge,pDC,ATAT1,-1.016498979
tAge,pDC,ATP5MF,-0.007514667
tAge,pDC,ATP8B1,0.071519409
tAge,pDC,B3GLCT,0.282248435
tAge,pDC,B4GALT3,0.199506213
tAge,pDC,BACE1-AS,1.191911971
tAge,pDC,BCKDK,7.250440798
tAge,pDC,BHLHE40,0.08450079
tAge,pDC,BLOC1S5-TXNDC5,-2.339474558
tAge,pDC,BMPR1A,0.247640317
tAge,pDC,BORCS7-ASMT,2.19854097
tAge,pDC,BTNL2,0.345850267
tAge,pDC,C16orf86,-2.713528554
tAge,pDC,C1orf21,0.360888121
tAge,pDC,C1QTNF3-AMACR,0.028370166
tAge,pDC,C4orf51,-10.74515888
tAge,pDC,C8orf44,-0.731372798
tAge,pDC,CA5A,2.445067283
tAge,pDC,CAB39L,0.720992115
tAge,pDC,CARF,0.293281813
tAge,pDC,CASP3,0.401151561
tAge,pDC,CCDC120,0.823037818
tAge,pDC,CCNG1,-0.682063458
tAge,pDC,CD22,0.380436914
tAge,pDC,CDADC1,0.700622308
tAge,pDC,CDH2,-3.515454537
tAge,pDC,CDKN1A,0.295683812
tAge,pDC,CFAP65,0.349141223
tAge,pDC,CFAP97D2,-10.70623869
tAge,pDC,CHCHD4,-2.739769219
tAge,pDC,CHRNA5,4.738715073
tAge,pDC,CIB2,-0.429819042
tAge,pDC,CLEC11A,4.228865005
tAge,pDC,CLEC7A,2.004760102
tAge,pDC,CNN2,0.204034035
tAge,pDC,CNTNAP2,6.990103265
tAge,pDC,COL25A1,0.631747468
tAge,pDC,COLGALT2,0.859095114
tAge,pDC,COMMD7,-0.188513812
tAge,pDC,CORO2A,0.220277113
tAge,pDC,COX16,-2.083974728
tAge,pDC,CPLX1,1.967592015
tAge,pDC,CREG1,0.061896477
tAge,pDC,CSMD1,2.564738347
tAge,pDC,CTNND1,-0.887403483
tAge,pDC,CYB561,0.410736431
tAge,pDC,CYP27A1,-4.834190595
tAge,pDC,CYTH2,0.496026339
tAge,pDC,DACT1,-0.32148243
tAge,pDC,DACT3-AS1,0.624875972
tAge,pDC,DBN1,1.556926893
tAge,pDC,DBNL,0.342082063
tAge,pDC,DBP,0.217254207
tAge,pDC,DCAF10,0.433677458
tAge,pDC,DCBLD1,0.430210637
tAge,pDC,DCTN6,-1.060711044
tAge,pDC,DDX19A,0.616997801
tAge,pDC,DEGS1,-0.356595988
tAge,pDC,DENND1A,0.112659303
tAge,pDC,DENND5A,0.014528379
tAge,pDC,DHRS4L2,0.10983685
tAge,pDC,DNAH6,-0.090855097
tAge,pDC,DNAJC2,0.555344466
tAge,pDC,DNAJC21,-0.340361535
tAge,pDC,DNAJC6,0.345918798
tAge,pDC,DTD1,0.953384728
tAge,pDC,DTYMK,0.66836366
tAge,pDC,DYNC1I1,1.891628377
tAge,pDC,DYSF,0.11745775
tAge,pDC,ECE1,0.160892836
tAge,pDC,EEA1,-0.124643141
tAge,pDC,EFCAB10,0.297146312
tAge,pDC,EFCAB12,-5.957393552
tAge,pDC,EFHD2,0.568536327
tAge,pDC,EIF4EBP1,0.170922037
tAge,pDC,ELF3-AS1,5.673302832
tAge,pDC,ELOVL5,0.068875854
tAge,pDC,ENKUR,-0.226945041
tAge,pDC,EPHB2,0.60581076
tAge,pDC,ERVK-28,-1.131984372
tAge,pDC,ESYT1,0.520730453
tAge,pDC,EXPH5,-0.565861086
tAge,pDC,FAM111B,0.16673346
tAge,pDC,FAM120B,0.232083923
tAge,pDC,FAM149B1,-0.767823415
tAge,pDC,FAM161B,1.03866577
tAge,pDC,FAM43A,4.017179013
tAge,pDC,FAM53B-AS1,9.991090505
tAge,pDC,FAN1,-0.526798788
tAge,pDC,FANCG,1.152443777
tAge,pDC,FAU,0.042252528
tAge,pDC,FBXO8,0.124476925
tAge,pDC,FCHO2,0.156087681
tAge,pDC,FCN1,0.547210562
tAge,pDC,FGD1,8.301091853
tAge,pDC,FGF11,-14.21291631
tAge,pDC,FGR,0.267259599
tAge,pDC,FLYWCH2,0.002787668
tAge,pDC,FOXK2,0.117355765
tAge,pDC,FRYL,0.334725223
tAge,pDC,FSD1,0.973248442
tAge,pDC,FZD1,0.145956828
tAge,pDC,GABARAPL1,0.110556706
tAge,pDC,GAS8,0.733168695
tAge,pDC,GATAD1,0.54307379
tAge,pDC,GATB,-1.147978377
tAge,pDC,GCLC,0.546979571
tAge,pDC,GDF5,-1.041953806
tAge,pDC,gender,1.167278151
tAge,pDC,GGPS1,-0.123929699
tAge,pDC,GLB1,0.146464172
tAge,pDC,GLIPR1,-0.360394205
tAge,pDC,GMPR2,-0.213318066
tAge,pDC,GNB2,0.201268159
tAge,pDC,GOSR1,0.253985323
tAge,pDC,GP1BA,0.48714378
tAge,pDC,GPR146,0.939068635
tAge,pDC,GPR155,0.100049182
tAge,pDC,GPRC5D-AS1,-2.386421571
tAge,pDC,GRAP,0.324965177
tAge,pDC,GSAP,0.131834123
tAge,pDC,GSK3B,-0.337310816
tAge,pDC,GTF2A1,0.430173154
tAge,pDC,GTF2H4,-1.488181282
tAge,pDC,HDDC3,3.294025875
tAge,pDC,HERC3,0.250323569
tAge,pDC,HIF1AN,0.534834721
tAge,pDC,HLA-A,0.030568345
tAge,pDC,HMGCL,-0.928385653
tAge,pDC,HOOK1,-0.018738782
tAge,pDC,HPGD,-1.1459799
tAge,pDC,HSCB,0.263653637
tAge,pDC,HSDL2,0.211580395
tAge,pDC,IDNK,0.334691726
tAge,pDC,IER2,0.34818019
tAge,pDC,IFI16,0.07653152
tAge,pDC,IFITM2,0.014583134
tAge,pDC,IFT122,0.14185848
tAge,pDC,IGBP1,0.479907051
tAge,pDC,IGHA1,1.047974355
tAge,pDC,IGLV1-51,-0.171918889
tAge,pDC,IKZF2,-0.204381757
tAge,pDC,IL17RE,-0.031809827
tAge,pDC,IL1A,0.592175843
tAge,pDC,IL4R,0.237780461
tAge,pDC,INAFM1,2.437884568
tAge,pDC,INPP5D,-0.339845191
tAge,pDC,INPP5K,0.103645395
tAge,pDC,INTS9,0.031023547
tAge,pDC,IPO4,-2.31423204
tAge,pDC,IPO5,0.171163291
tAge,pDC,IRF1,0.101202296
tAge,pDC,IRF2BPL,1.035066859
tAge,pDC,ITCH-AS1,3.365941254
tAge,pDC,ITGB1,0.236969394
tAge,pDC,IZUMO4,6.535655426
tAge,pDC,KBTBD3,1.809736504
tAge,pDC,KCNA3,2.319683931
tAge,pDC,KDM1B,0.276483616
tAge,pDC,KDSR,0.251401924
tAge,pDC,KIF1C,0.783904111
tAge,pDC,KIRREL3,-1.347629025
tAge,pDC,KLRC2,-3.369760453
tAge,pDC,KLRG1,-0.41367256
tAge,pDC,LACTB,0.294447411
tAge,pDC,LAX1,0.491351053
tAge,pDC,LGALS9C,5.73043271
tAge,pDC,LIMCH1,5.396807808
tAge,pDC,LINC00667,0.570612329
tAge,pDC,LINC00847,-1.408050358
tAge,pDC,LINC00881,8.004112527
tAge,pDC,LINC00968,1.704055276
tAge,pDC,LINC01003,-2.416087013
tAge,pDC,LINC01242,0.248872777
tAge,pDC,LINC01569,-6.527107338
tAge,pDC,LINC01572,0.393453952
tAge,pDC,LINC01679,-5.039964665
tAge,pDC,LINC01891,-0.88233474
tAge,pDC,LINC02018,-0.234032048
tAge,pDC,LINC02325,-0.627220387
tAge,pDC,LINC02328,0.399311972
tAge,pDC,LINC02456,-1.220311788
tAge,pDC,LMF2,0.748105527
tAge,pDC,LRP2,2.264284489
tAge,pDC,LRRC37A,0.108766862
tAge,pDC,LY75-CD302,1.987946899
tAge,pDC,MAGEF1,5.454135884
tAge,pDC,MCF2L,-0.219588827
tAge,pDC,MCUR1,0.155263429
tAge,pDC,MED1,1.179837437
tAge,pDC,MED13,0.022510268
tAge,pDC,MEOX1,0.181126891
tAge,pDC,MIDN,1.011191179
tAge,pDC,MIGA1,0.380631871
tAge,pDC,MINDY3,0.244931676
tAge,pDC,MINDY4,0.259869075
tAge,pDC,MIR4500HG,6.736701233
tAge,pDC,MLLT3,0.027614304
tAge,pDC,MORC4,-1.196905433
tAge,pDC,MORF4L2-AS1,2.288531505
tAge,pDC,MPPED2,-0.153692285
tAge,pDC,MRM3,0.327952653
tAge,pDC,MRPL12,4.636520249
tAge,pDC,MRPL21,1.850724837
tAge,pDC,MRPL57,0.280445937
tAge,pDC,MRPS18A,0.106562176
tAge,pDC,MRTO4,-0.859077698
tAge,pDC,MTX3,-0.403417725
tAge,pDC,MUL1,0.01252967
tAge,pDC,MUTYH,0.321860933
tAge,pDC,MYD88,0.221583034
tAge,pDC,MYL9,4.126470881
tAge,pDC,MYO5C,3.165995363
tAge,pDC,MYO9B,0.202268278
tAge,pDC,NAB2,-8.182527321
tAge,pDC,NAIP,-0.036487928
tAge,pDC,NAPRT,1.257531948
tAge,pDC,NAV1,0.207729591
tAge,pDC,NBPF14,0.421497522
tAge,pDC,NDUFS5,-0.241655033
tAge,pDC,NECAP1,0.248814907
tAge,pDC,NENF,2.116463067
tAge,pDC,NIPSNAP3A,0.069938591
tAge,pDC,NIT1,1.703485665
tAge,pDC,NKG7,0.318070272
tAge,pDC,NLGN3,-0.63431364
tAge,pDC,NMB,-19.50945759
tAge,pDC,NOM1,-0.658887434
tAge,pDC,NORAD,0.108172804
tAge,pDC,NOS1AP,2.771234423
tAge,pDC,NPIPB3,-0.095024942
tAge,pDC,NSUN2,-0.144765242
tAge,pDC,NUDT1,0.518662845
tAge,pDC,NVL,0.139582392
tAge,pDC,OARD1,-1.399697463
tAge,pDC,OCIAD1,0.060967742
tAge,pDC,OGFRP1,-0.133716325
tAge,pDC,OR5A1,0.09869385
tAge,pDC,OR6N1,1.978890564
tAge,pDC,OSBPL10,0.017319571
tAge,pDC,OXSM,-1.994859352
tAge,pDC,PACRG,-1.438699286
tAge,pDC,PACS2,-0.576673627
tAge,pDC,PAIP1,-0.497406835
tAge,pDC,PAPPA2,-1.379967494
tAge,pDC,PARP12,0.025045592
tAge,pDC,PARP15,0.122970402
tAge,pDC,PAX8,-4.510582409
tAge,pDC,PAXX,0.212170494
tAge,pDC,PCDHGB6,0.704828151
tAge,pDC,PDCD4,0.217171007
tAge,pDC,PF4,-2.150324903
tAge,pDC,PGM2,-0.742252248
tAge,pDC,PGRMC2,0.735343531
tAge,pDC,PHB2,0.212206337
tAge,pDC,PHC1,-0.711699869
tAge,pDC,PHF6,0.17990152
tAge,pDC,PHKG1,-1.652550305
tAge,pDC,PIK3R3,-0.77222593
tAge,pDC,PIPOX,0.285404806
tAge,pDC,PKIA,0.304967424
tAge,pDC,PLA2G4A,0.052421974
tAge,pDC,PLEKHM1,-0.138193141
tAge,pDC,PLK4,4.835246947
tAge,pDC,PLSCR1,0.247687894
tAge,pDC,PLXNA3,-4.839438182
tAge,pDC,PMVK,0.985725899
tAge,pDC,PNN,-0.051646824
tAge,pDC,PNPLA8,0.418954143
tAge,pDC,POLA1,-0.113031175
tAge,pDC,POLR1C,0.780697806
tAge,pDC,POLR2H,-2.913908273
tAge,pDC,POLR3H,0.21684586
tAge,pDC,POP1,2.610360674
tAge,pDC,PPIA,0.1020524
tAge,pDC,PPID,0.524946019
tAge,pDC,PPM1N,1.405031306
tAge,pDC,PPME1,0.021048355
tAge,pDC,PPP1R12B,0.028636254
tAge,pDC,PPP1R13L,1.104973619
tAge,pDC,PPP1R7,0.517575111
tAge,pDC,PRCP,0.456737661
tAge,pDC,PRKD1,-0.667587837
tAge,pDC,PROK2,0.161595804
tAge,pDC,PTAFR,1.974112149
tAge,pDC,PTCD3,0.471790979
tAge,pDC,PTP4A2,0.378804808
tAge,pDC,PTPN12,0.265812504
tAge,pDC,PUS10,0.076969568
tAge,pDC,PZP,-2.097604317
tAge,pDC,RAB11FIP4,-1.715671883
tAge,pDC,RAB20,6.371203017
tAge,pDC,RAB31,0.546485609
tAge,pDC,RAB3GAP1,-0.324630924
tAge,pDC,RAD51C,0.051799053
tAge,pDC,RALB,0.286231322
tAge,pDC,RANGRF,-0.217627118
tAge,pDC,RAP2B,0.482931468
tAge,pDC,RARG,0.631712143
tAge,pDC,RASSF3,0.179042804
tAge,pDC,RASSF7,-0.451752057
tAge,pDC,RBBP8,0.762954959
tAge,pDC,RBM26-AS1,-0.43004275
tAge,pDC,RBP7,0.489105646
tAge,pDC,RECQL,0.212670399
tAge,pDC,RFC5,0.755141494
tAge,pDC,RFTN2,-3.724680132
tAge,pDC,RGS12,0.178143751
tAge,pDC,RHEBL1,5.683059851
tAge,pDC,RILPL2,0.102029815
tAge,pDC,RIN3,0.11683929
tAge,pDC,RIOX1,-1.292635856
tAge,pDC,RIPK3,-0.757059911
tAge,pDC,RNF170,0.670541077
tAge,pDC,RNF175,1.368123112
tAge,pDC,RNF216,0.036681878
tAge,pDC,RNF217-AS1,1.595966946
tAge,pDC,RNF31,0.926919837
tAge,pDC,RPL8,0.214787055
tAge,pDC,RPS6KC1,-0.226952393
tAge,pDC,RRAGB,-0.290372592
tAge,pDC,RRP1B,0.162872589
tAge,pDC,RRP9,1.942930384
tAge,pDC,RSBN1,0.140548326
tAge,pDC,RSBN1L,0.251988928
tAge,pDC,SAAL1,0.213318311
tAge,pDC,SARNP,0.212611033
tAge,pDC,SASH1,0.220379414
tAge,pDC,SAXO1,1.908830363
tAge,pDC,SCARNA9,-0.472498929
tAge,pDC,SCYL2,0.006890306
tAge,pDC,SDR42E1,-0.87895113
tAge,pDC,SEMA3G,1.318087954
tAge,pDC,SEMA4D,0.029439924
tAge,pDC,SEPSECS-AS1,-1.82886737
tAge,pDC,SFXN1,0.273445233
tAge,pDC,SIMC1,0.265345935
tAge,pDC,SINHCAF,0.175158961
tAge,pDC,SIRPD,-4.860470683
tAge,pDC,SLAIN1,0.605538084
tAge,pDC,SLC10A3,0.421681974
tAge,pDC,SLC11A1,1.142063567
tAge,pDC,SLC22A15,0.742606311
tAge,pDC,SLC27A3,-5.541208434
tAge,pDC,SLC35E1,0.335356427
tAge,pDC,SLC38A10,-0.035299246
tAge,pDC,SLC5A6,0.142759965
tAge,pDC,SLCO1A2,5.055970977
tAge,pDC,SMARCAD1,0.120428349
tAge,pDC,SMCR8,-0.427504082
tAge,pDC,SMIM12,0.51149096
tAge,pDC,SNHG15,0.15481298
tAge,pDC,SNIP1,0.354405859
tAge,pDC,SNRPF,0.030093309
tAge,pDC,SNX14,0.373337792
tAge,pDC,SORT1,-0.581457138
tAge,pDC,SPATA32,2.319381729
tAge,pDC,SPDL1,2.747465494
tAge,pDC,SRD5A1,0.085418235
tAge,pDC,SRSF1,-0.14798258
tAge,pDC,SRSF9,0.213644931
tAge,pDC,SSH2,0.047069043
tAge,pDC,SSUH2,4.985650565
tAge,pDC,ST20-MTHFS,3.432463072
tAge,pDC,ST8SIA6,0.28641404
tAge,pDC,STARD3NL,0.273866529
tAge,pDC,STAT1,0.030394307
tAge,pDC,STAT5B,0.197128662
tAge,pDC,STEAP2,-0.091648785
tAge,pDC,STK26,0.094733898
tAge,pDC,STK38L,0.047502043
tAge,pDC,STK40,0.510316718
tAge,pDC,STXBP3,0.513305287
tAge,pDC,SUPT20H,-0.261167673
tAge,pDC,SVIL,0.032404818
tAge,pDC,SYCP3,1.357871773
tAge,pDC,SYF2,-0.53740192
tAge,pDC,SYNE2,0.13879104
tAge,pDC,SYNGAP1,0.035824237
tAge,pDC,TAGAP,-0.152738039
tAge,pDC,TAL1,5.261253708
tAge,pDC,TAS2R20,4.330895396
tAge,pDC,TAX1BP3,5.068028042
tAge,pDC,TBCB,-0.29975448
tAge,pDC,TBKBP1,-1.662438959
tAge,pDC,TCERG1,0.335718146
tAge,pDC,TCF4-AS1,0.44403992
tAge,pDC,TFG,0.281551057
tAge,pDC,THAP6,0.613121624
tAge,pDC,THOC6,-0.774230655
tAge,pDC,THUMPD3,0.0446633
tAge,pDC,TICAM1,0.990690301
tAge,pDC,TIMM10B,-1.633977423
tAge,pDC,TIMM17A,0.179973315
tAge,pDC,TIMM21,-0.570144973
tAge,pDC,TLR10,-0.93165912
tAge,pDC,TM9SF4,0.034964244
tAge,pDC,TMED7,1.082625763
tAge,pDC,TMEM129,-0.278780407
tAge,pDC,TMEM150A,5.218619789
tAge,pDC,TMEM263,-0.117318926
tAge,pDC,TMEM267,0.089889791
tAge,pDC,TMEM38B,0.641177301
tAge,pDC,TMEM64,-0.257467378
tAge,pDC,TMEM8B,-0.849896452
tAge,pDC,TMLHE-AS1,0.042692232
tAge,pDC,TNFRSF13C,3.204919724
tAge,pDC,TNFRSF14-AS1,-1.88450479
tAge,pDC,TNFRSF21,-0.434725275
tAge,pDC,TOB1,0.425992889
tAge,pDC,TOMM20L,1.841987471
tAge,pDC,TOR1AIP2,0.41030202
tAge,pDC,TOX2,-0.112775345
tAge,pDC,TPX2,2.093980586
tAge,pDC,TRAF3IP1,-0.709482752
tAge,pDC,TRAPPC5,0.420093969
tAge,pDC,TRAV12-1,-0.116024416
tAge,pDC,TRIM16L,-2.759627757
tAge,pDC,TRMT10A,0.701077216
tAge,pDC,TRPV2,0.139748119
tAge,pDC,TSKS,-1.039845689
tAge,pDC,TSPAN4,-4.681367115
tAge,pDC,TTC16,-2.246211281
tAge,pDC,UACA,0.269266883
tAge,pDC,UBA7,0.052448731
tAge,pDC,UGP2,0.015583457
tAge,pDC,UPF3A,0.112244741
tAge,pDC,UQCRQ,0.412389358
tAge,pDC,USF2,0.246136908
tAge,pDC,USP11,0.161652569
tAge,pDC,USP30-AS1,1.272530088
tAge,pDC,USP6NL,0.012806155
tAge,pDC,UTP23,0.214140764
tAge,pDC,UTRN,0.614592208
tAge,pDC,VAV2,0.074653545
tAge,pDC,VCAN,0.248769658
tAge,pDC,VCL,0.270567401
tAge,pDC,VIPR2,-0.084730364
tAge,pDC,VRK1,-0.485543428
tAge,pDC,VSNL1,1.758485678
tAge,pDC,VWA5A,1.430472291
tAge,pDC,WBP4,-0.59257103
tAge,pDC,WDR13,1.632663606
tAge,pDC,WDR24,5.751120611
tAge,pDC,WDR54,2.081753075
tAge,pDC,WDR70,-0.277814416
tAge,pDC,WFDC2,-9.075109303
tAge,pDC,WNT10A,0.432945706
tAge,pDC,WRAP73,0.488771781
tAge,pDC,XXYLT1-AS2,-1.009296023
tAge,pDC,ZBED5-AS1,0.997645042
tAge,pDC,ZBTB39,2.332805717
tAge,pDC,ZBTB40,0.063569647
tAge,pDC,ZBTB42,0.169505362
tAge,pDC,ZCWPW2,6.164701346
tAge,pDC,ZFHX2,5.745305832
tAge,pDC,ZFYVE21,1.292966488
tAge,pDC,ZMAT2,0.291601191
tAge,pDC,ZNF181,0.267488841
tAge,pDC,ZNF200,3.953613319
tAge,pDC,ZNF239,0.400422108
tAge,pDC,ZNF304,0.709602923
tAge,pDC,ZNF317,0.549094278
tAge,pDC,ZNF32,-0.492627196
tAge,pDC,ZNF329,0.0735906
tAge,pDC,ZNF341,0.963477846
tAge,pDC,ZNF441,0.314896235
tAge,pDC,ZNF528,0.523725776
tAge,pDC,ZNF582,1.369815149
tAge,pDC,ZNF607,1.822986917
tAge,pDC,ZNF628,-7.712390588
tAge,pDC,ZNF667-AS1,-1.497957294
tAge,pDC,ZNF688,0.316742671
tAge,pDC,ZNF696,0.100495234
tAge,pDC,ZNF726,0.435808805
tAge,pDC,ZNF792,0.690086078
tAge,pDC,ZNF850,-0.02762777
tAge,pDC,ZXDA,0.622500458
tAge,Tcm_CD8,(Intercept),48.35412255
tAge,Tcm_CD8,AAK1,-0.228360667
tAge,Tcm_CD8,AASDHPPT,-1.312169211
tAge,Tcm_CD8,ABCA13,98.84253196
tAge,Tcm_CD8,ABCB11,63.40528516
tAge,Tcm_CD8,ABCD1,-2.636695083
tAge,Tcm_CD8,ABCG2,4.01431636
tAge,Tcm_CD8,ABHD3,0.263110816
tAge,Tcm_CD8,ABLIM1,-0.260911175
tAge,Tcm_CD8,ACADM,-0.467669678
tAge,Tcm_CD8,ACOT1,-2.505167723
tAge,Tcm_CD8,ACTL10,-6.839365148
tAge,Tcm_CD8,ACTN1,-0.420738099
tAge,Tcm_CD8,ACTR2,0.314421823
tAge,Tcm_CD8,ADAM19,0.169401421
tAge,Tcm_CD8,ADAM23,0.619454619
tAge,Tcm_CD8,ADAMTS10,-0.477450131
tAge,Tcm_CD8,ADAMTS17,0.265490945
tAge,Tcm_CD8,ADAMTSL5,2.480729799
tAge,Tcm_CD8,ADGRA3,-0.711157974
tAge,Tcm_CD8,ADGRE2,13.27624157
tAge,Tcm_CD8,ADGRG4,-95.53702555
tAge,Tcm_CD8,ADPRHL1,-7.613058957
tAge,Tcm_CD8,AFAP1L1,-6.028722899
tAge,Tcm_CD8,AFAP1L2,7.567790022
tAge,Tcm_CD8,AFF2,-0.674544582
tAge,Tcm_CD8,AFF3,-0.355417724
tAge,Tcm_CD8,AGAP2-AS1,-10.32097477
tAge,Tcm_CD8,AGL,-0.190573532
tAge,Tcm_CD8,AK7,0.845905904
tAge,Tcm_CD8,AKAP13,0.747642696
tAge,Tcm_CD8,AKR1B1,-2.240182655
tAge,Tcm_CD8,ALG5,-0.131371172
tAge,Tcm_CD8,ALOX12B,35.87001292
tAge,Tcm_CD8,AMHR2,-23.85375791
tAge,Tcm_CD8,ANGEL2,0.523347505
tAge,Tcm_CD8,ANKRD11,-0.014035432
tAge,Tcm_CD8,ANKRD60,10.50229286
tAge,Tcm_CD8,ANO2,-60.26288214
tAge,Tcm_CD8,ANTXR2,0.441907152
tAge,Tcm_CD8,APMAP,0.048085138
tAge,Tcm_CD8,AREL1,0.543568077
tAge,Tcm_CD8,ARID5B,0.493534864
tAge,Tcm_CD8,ARL5C,-28.95590252
tAge,Tcm_CD8,ARMH1,-2.376141937
tAge,Tcm_CD8,ASAP3,14.44145135
tAge,Tcm_CD8,ASB16,1.712747123
tAge,Tcm_CD8,ASB7,-0.719677656
tAge,Tcm_CD8,ASCC3,0.337556176
tAge,Tcm_CD8,ASIC3,-17.31388235
tAge,Tcm_CD8,ATF7IP,0.215072626
tAge,Tcm_CD8,ATF7IP2,-0.740477705
tAge,Tcm_CD8,ATM,-0.708275844
tAge,Tcm_CD8,ATP10A,-0.150609016
tAge,Tcm_CD8,ATXN2,-0.294264334
tAge,Tcm_CD8,B3GNT8,21.24056185
tAge,Tcm_CD8,B4GAT1,-4.852479119
tAge,Tcm_CD8,BACH2,-0.370898549
tAge,Tcm_CD8,BASP1-AS1,2.820101078
tAge,Tcm_CD8,BBOF1,-0.85730422
tAge,Tcm_CD8,BBS4,0.312508781
tAge,Tcm_CD8,BCCIP,-1.116894125
tAge,Tcm_CD8,BEST4,34.59251746
tAge,Tcm_CD8,BEX1,201.086657
tAge,Tcm_CD8,BHMT,-55.39239106
tAge,Tcm_CD8,BOK,17.90442067
tAge,Tcm_CD8,BOLA2-SMG1P6,-1.62804434
tAge,Tcm_CD8,BORCS7,-1.116845144
tAge,Tcm_CD8,BRCC3,-0.001120227
tAge,Tcm_CD8,BTBD16,111.1287737
tAge,Tcm_CD8,C10orf105,16.18811457
tAge,Tcm_CD8,C10orf67,23.03075662
tAge,Tcm_CD8,C12orf42,-0.626063573
tAge,Tcm_CD8,C12orf54,18.11684964
tAge,Tcm_CD8,C16orf74,-1.26146715
tAge,Tcm_CD8,C17orf107,-0.665601366
tAge,Tcm_CD8,C19orf84,-11.9542023
tAge,Tcm_CD8,C1orf105,-24.71812704
tAge,Tcm_CD8,C6,-11.51403772
tAge,Tcm_CD8,C8orf58,-8.396725583
tAge,Tcm_CD8,CA7,33.29658974
tAge,Tcm_CD8,CACHD1,-2.151875005
tAge,Tcm_CD8,CACNG3,10.40929332
tAge,Tcm_CD8,CADM1,0.3528798
tAge,Tcm_CD8,CALCRL,-0.945058269
tAge,Tcm_CD8,CAMSAP2,-0.22717151
tAge,Tcm_CD8,CASR,40.65891449
tAge,Tcm_CD8,CCDC115,-3.723082774
tAge,Tcm_CD8,CCDC144NL,-3.618326151
tAge,Tcm_CD8,CCDC17,-0.521572688
tAge,Tcm_CD8,CCND3,-0.507808796
tAge,Tcm_CD8,CCSER1,2.065479275
tAge,Tcm_CD8,CCT6B,-0.001901487
tAge,Tcm_CD8,CCT7,-0.102184429
tAge,Tcm_CD8,CD300C,23.11549006
tAge,Tcm_CD8,CD300LB,-32.89409476
tAge,Tcm_CD8,CD302,0.247645725
tAge,Tcm_CD8,CDC25A,89.75260229
tAge,Tcm_CD8,CDCA3,10.90423498
tAge,Tcm_CD8,CDKL2,-6.149179378
tAge,Tcm_CD8,CECR2,-46.46226507
tAge,Tcm_CD8,CELF2,-0.871678409
tAge,Tcm_CD8,CELSR2,-0.177961237
tAge,Tcm_CD8,CFAP73,12.4271805
tAge,Tcm_CD8,CH25H,37.9726086
tAge,Tcm_CD8,CHMP7,-0.019282573
tAge,Tcm_CD8,CHODL,-0.907553354
tAge,Tcm_CD8,CISTR,-14.73827677
tAge,Tcm_CD8,CLIP1-AS1,50.33571251
tAge,Tcm_CD8,CLSTN3,1.167602723
tAge,Tcm_CD8,CMTM1,-29.60054561
tAge,Tcm_CD8,CMTR2,0.626541784
tAge,Tcm_CD8,CNKSR2,-0.675183604
tAge,Tcm_CD8,CNN3,-3.631467631
tAge,Tcm_CD8,COL23A1,30.7273888
tAge,Tcm_CD8,COL4A5,7.968448987
tAge,Tcm_CD8,COL8A2,-29.74114718
tAge,Tcm_CD8,CPA6,-4.269555632
tAge,Tcm_CD8,CPXM2,-103.9110754
tAge,Tcm_CD8,CR1,-2.713074499
tAge,Tcm_CD8,CRABP2,17.78137194
tAge,Tcm_CD8,CRTC1,-0.150994279
tAge,Tcm_CD8,CSNKA2IP,140.526663
tAge,Tcm_CD8,CTSL,2.064275204
tAge,Tcm_CD8,CXCL2,-57.52469322
tAge,Tcm_CD8,CYP1B1,-34.26581926
tAge,Tcm_CD8,CYP20A1,-0.649829762
tAge,Tcm_CD8,DACH1,-0.77469557
tAge,Tcm_CD8,DAPK3,0.099075123
tAge,Tcm_CD8,DBNL,-0.269485804
tAge,Tcm_CD8,DCP1B,1.968168945
tAge,Tcm_CD8,DDX19B,-1.520108738
tAge,Tcm_CD8,DDX55,-1.0354086
tAge,Tcm_CD8,DENND5A,-0.464960148
tAge,Tcm_CD8,DHCR7,1.167009596
tAge,Tcm_CD8,DIAPH1,0.405414172
tAge,Tcm_CD8,DNAH6,-0.294198393
tAge,Tcm_CD8,DNAJB5,-4.889353301
tAge,Tcm_CD8,DNAJC7,0.156165847
tAge,Tcm_CD8,DOCK5,0.287803976
tAge,Tcm_CD8,DPH6,-0.150327584
tAge,Tcm_CD8,DPP4,0.575248337
tAge,Tcm_CD8,DRP2,49.58047635
tAge,Tcm_CD8,DUSP14,1.680635622
tAge,Tcm_CD8,EBF1,-2.197477986
tAge,Tcm_CD8,EDA,0.759097552
tAge,Tcm_CD8,EEF1AKMT3,-5.406595763
tAge,Tcm_CD8,EEF1E1-BLOC1S5,4.316092628
tAge,Tcm_CD8,EGFLAM,-65.65333586
tAge,Tcm_CD8,EHHADH,-6.0598991
tAge,Tcm_CD8,EHMT2-AS1,-31.62583272
tAge,Tcm_CD8,EI24,1.091444023
tAge,Tcm_CD8,EIF4EBP1,5.171729407
tAge,Tcm_CD8,EIF5B,-0.239780445
tAge,Tcm_CD8,ELAC2,-0.140905775
tAge,Tcm_CD8,ENTPD4,-0.626494951
tAge,Tcm_CD8,EPB41,-1.236200047
tAge,Tcm_CD8,EPB41L2,-0.744423801
tAge,Tcm_CD8,EPHB4,-16.60555865
tAge,Tcm_CD8,ERICH1,-0.17991038
tAge,Tcm_CD8,ERICH6B,34.01564145
tAge,Tcm_CD8,FAAP100,-5.868917844
tAge,Tcm_CD8,FAM117B,-0.268765643
tAge,Tcm_CD8,FAM13A,0.575840062
tAge,Tcm_CD8,FAM167A-AS1,-29.70848536
tAge,Tcm_CD8,FAM169A,0.777223081
tAge,Tcm_CD8,FAM171A1,-2.604996941
tAge,Tcm_CD8,FANCE,-0.586305873
tAge,Tcm_CD8,FARSA-AS1,-170.2459326
tAge,Tcm_CD8,FBXL5,0.151345609
tAge,Tcm_CD8,FBXO43,-14.47504874
tAge,Tcm_CD8,FBXW4,1.032583403
tAge,Tcm_CD8,FIGNL2,0.515633239
tAge,Tcm_CD8,FKBP10,-169.0176023
tAge,Tcm_CD8,FKBP1C,38.74357117
tAge,Tcm_CD8,FLT1,-1.210941083
tAge,Tcm_CD8,FLT3,1.306702355
tAge,Tcm_CD8,FMO4,-0.88040319
tAge,Tcm_CD8,FNDC11,31.52788084
tAge,Tcm_CD8,FOXA3,-64.40171817
tAge,Tcm_CD8,FOXI1,82.12238684
tAge,Tcm_CD8,FPGS,-2.014883134
tAge,Tcm_CD8,FRG1-DT,-1.178536596
tAge,Tcm_CD8,FUT3,-10.8163211
tAge,Tcm_CD8,FXYD1,8.110093685
tAge,Tcm_CD8,GADD45G,31.33029876
tAge,Tcm_CD8,GALC,0.677462048
tAge,Tcm_CD8,GAPDHS,69.29365086
tAge,Tcm_CD8,GDF9,10.02203023
tAge,Tcm_CD8,gender,0.299503495
tAge,Tcm_CD8,GHRHR,37.28898135
tAge,Tcm_CD8,GLB1L,-9.2749019
tAge,Tcm_CD8,GLIS3,-0.378085172
tAge,Tcm_CD8,GLRA4,25.33759381
tAge,Tcm_CD8,GLTP,0.3689348
tAge,Tcm_CD8,GNL3,-0.215975644
tAge,Tcm_CD8,GOLGA7,-0.231618435
tAge,Tcm_CD8,GOLGA8M,-5.86853643
tAge,Tcm_CD8,GPC1,-20.32030907
tAge,Tcm_CD8,GPRIN3,0.525973568
tAge,Tcm_CD8,GREM2,1.334350713
tAge,Tcm_CD8,GRIA4,-34.08706346
tAge,Tcm_CD8,GRIK1-AS1,11.34153463
tAge,Tcm_CD8,GUCY2F,44.69028956
tAge,Tcm_CD8,GYG1,0.193569431
tAge,Tcm_CD8,GZMB,0.295418057
tAge,Tcm_CD8,HBD,67.0724261
tAge,Tcm_CD8,HCAR3,49.27899934
tAge,Tcm_CD8,HCG14,55.8826244
tAge,Tcm_CD8,HCN2,2.239912098
tAge,Tcm_CD8,HCRT,-13.03710703
tAge,Tcm_CD8,HDAC9,-0.202603926
tAge,Tcm_CD8,HDLBP,0.304324969
tAge,Tcm_CD8,HIST1H3I,0.678882732
tAge,Tcm_CD8,HIST1H4A,-2.385012796
tAge,Tcm_CD8,HIST1H4H,1.886584518
tAge,Tcm_CD8,HIST1H4L,18.52140604
tAge,Tcm_CD8,HSD17B12,-0.154860355
tAge,Tcm_CD8,HSD17B8,-3.739491847
tAge,Tcm_CD8,HUNK,5.280949249
tAge,Tcm_CD8,HVCN1,-0.203508479
tAge,Tcm_CD8,ICOS,0.059853074
tAge,Tcm_CD8,IDE,0.627714574
tAge,Tcm_CD8,IFI30,7.636578338
tAge,Tcm_CD8,IFNG-AS1,-0.572692636
tAge,Tcm_CD8,IFNL1,6.951801559
tAge,Tcm_CD8,IGHV3-35,173.1141954
tAge,Tcm_CD8,IGKV1-33,74.95531593
tAge,Tcm_CD8,IGLV5-45,-5.199414279
tAge,Tcm_CD8,IL10RB-DT,19.66676107
tAge,Tcm_CD8,IL22RA1,29.69463616
tAge,Tcm_CD8,IL2RA,1.877634039
tAge,Tcm_CD8,ILDR2,-3.481731529
tAge,Tcm_CD8,ILF3,-0.332075726
tAge,Tcm_CD8,IMMT,0.563515427
tAge,Tcm_CD8,ING2,3.262501527
tAge,Tcm_CD8,INO80D,0.12789651
tAge,Tcm_CD8,INPP4B,1.251420041
tAge,Tcm_CD8,INTS6L-AS1,194.8001336
tAge,Tcm_CD8,IQGAP2,0.332847763
tAge,Tcm_CD8,ITGB6,73.4490029
tAge,Tcm_CD8,IVNS1ABP,0.422735753
tAge,Tcm_CD8,JMJD6,-2.044634975
tAge,Tcm_CD8,KCNE5,29.44360254
tAge,Tcm_CD8,KCNQ5,-0.616941333
tAge,Tcm_CD8,KDM4A-AS1,-6.791812721
tAge,Tcm_CD8,KDM7A,-0.474025738
tAge,Tcm_CD8,KIAA1958,-0.087357906
tAge,Tcm_CD8,KIF21A,0.770075766
tAge,Tcm_CD8,KIR2DL3,3.529967226
tAge,Tcm_CD8,KLF16,-0.996609283
tAge,Tcm_CD8,KLLN,9.425131281
tAge,Tcm_CD8,KNSTRN,-5.041372511
tAge,Tcm_CD8,KYNU,2.762905012
tAge,Tcm_CD8,LAMTOR2,-0.111845027
tAge,Tcm_CD8,LEAP2,14.95223303
tAge,Tcm_CD8,LEF1,-0.003758045
tAge,Tcm_CD8,LETMD1,-0.461974582
tAge,Tcm_CD8,LILRA1,25.41081895
tAge,Tcm_CD8,LINC00102,21.62738865
tAge,Tcm_CD8,LINC00278,0.29288142
tAge,Tcm_CD8,LINC00342,0.336103253
tAge,Tcm_CD8,LINC00566,56.65709748
tAge,Tcm_CD8,LINC00607,12.03003
tAge,Tcm_CD8,LINC00852,-1.617317327
tAge,Tcm_CD8,LINC00940,4.251079695
tAge,Tcm_CD8,LINC01215,-0.068630021
tAge,Tcm_CD8,LINC01362,1.248828547
tAge,Tcm_CD8,LINC01366,27.25478649
tAge,Tcm_CD8,LINC01446,5.783759311
tAge,Tcm_CD8,LINC01465,6.095490601
tAge,Tcm_CD8,LINC01545,45.04665354
tAge,Tcm_CD8,LINC01666,18.23328602
tAge,Tcm_CD8,LINC01780,699.3317831
tAge,Tcm_CD8,LINC01798,-96.50181557
tAge,Tcm_CD8,LINC02073,53.36478717
tAge,Tcm_CD8,LINC02125,95.8977103
tAge,Tcm_CD8,LINC02330,36.49548944
tAge,Tcm_CD8,LINC02428,-25.63780252
tAge,Tcm_CD8,LINC02513,-6.95698412
tAge,Tcm_CD8,LINC02570,-68.51991503
tAge,Tcm_CD8,LINC02575,-62.08984693
tAge,Tcm_CD8,LINC02580,-3.928411676
tAge,Tcm_CD8,LRBA,0.540500805
tAge,Tcm_CD8,LRRC8D,-2.431428975
tAge,Tcm_CD8,LSMEM1,6.946039698
tAge,Tcm_CD8,LYN,0.179354788
tAge,Tcm_CD8,LYPD6B,-3.654788423
tAge,Tcm_CD8,MAD2L1BP,0.104438315
tAge,Tcm_CD8,MAFF,2.79008107
tAge,Tcm_CD8,MAMDC2,6.241568999
tAge,Tcm_CD8,MAML2,-0.883845738
tAge,Tcm_CD8,MAN1B1,-0.984444355
tAge,Tcm_CD8,MAP10,-6.140881206
tAge,Tcm_CD8,MAP3K5,0.540091263
tAge,Tcm_CD8,MAPK8IP3,-0.695375312
tAge,Tcm_CD8,MARK3,0.511773185
tAge,Tcm_CD8,MAST1,-55.9335297
tAge,Tcm_CD8,MB21D2,1.579883249
tAge,Tcm_CD8,MDC1-AS1,12.14796903
tAge,Tcm_CD8,MEGF10,195.7901797
tAge,Tcm_CD8,MEP1B,6.271040005
tAge,Tcm_CD8,METTL1,-7.304056245
tAge,Tcm_CD8,MFHAS1,0.474530344
tAge,Tcm_CD8,MGAT5,-0.398189886
tAge,Tcm_CD8,MID1IP1-AS1,92.78930207
tAge,Tcm_CD8,MINDY3,0.553188891
tAge,Tcm_CD8,MIR222HG,2.440741934
tAge,Tcm_CD8,MITD1,-0.217102111
tAge,Tcm_CD8,MKRN3,-0.355809905
tAge,Tcm_CD8,MLLT3,-0.149937624
tAge,Tcm_CD8,MMS22L,0.428133811
tAge,Tcm_CD8,MORN1,-2.861358101
tAge,Tcm_CD8,MOXD1,-24.50389222
tAge,Tcm_CD8,MRPL15,-2.551511615
tAge,Tcm_CD8,MRPL36,-3.301807031
tAge,Tcm_CD8,MTHFD1,-1.139363552
tAge,Tcm_CD8,MTHFD2L,-0.802138512
tAge,Tcm_CD8,MTMR10,-0.203836349
tAge,Tcm_CD8,MTO1,1.024827478
tAge,Tcm_CD8,MTUS1,-0.20964531
tAge,Tcm_CD8,MYH3,-0.198755525
tAge,Tcm_CD8,MYO3B,0.00299029
tAge,Tcm_CD8,N6AMT1,-1.08344679
tAge,Tcm_CD8,NAALADL1,10.89269852
tAge,Tcm_CD8,NAALADL2,-2.665376874
tAge,Tcm_CD8,NAPRT,11.43879612
tAge,Tcm_CD8,NBPF19,-0.299605299
tAge,Tcm_CD8,NCAN,-31.27888853
tAge,Tcm_CD8,NCAPH2,-1.348835301
tAge,Tcm_CD8,NCEH1,-0.839686976
tAge,Tcm_CD8,NDFIP1,-0.066111335
tAge,Tcm_CD8,NDUFA7,-7.838937948
tAge,Tcm_CD8,NEXN-AS1,-29.06407286
tAge,Tcm_CD8,NINJ2,1.578974836
tAge,Tcm_CD8,NKAIN4,-7.10086003
tAge,Tcm_CD8,NLRC4,-22.18049139
tAge,Tcm_CD8,NOS2,-12.85615463
tAge,Tcm_CD8,NOVA1,-10.28815432
tAge,Tcm_CD8,NPIPA2,10.36682622
tAge,Tcm_CD8,NPIPA7,75.21534672
tAge,Tcm_CD8,NR1I3,57.06781347
tAge,Tcm_CD8,NRCAM,-1.58195194
tAge,Tcm_CD8,NRG4,18.12055703
tAge,Tcm_CD8,NT5E,-1.118487921
tAge,Tcm_CD8,NUTM2B,179.5159475
tAge,Tcm_CD8,OBSCN,-0.109111308
tAge,Tcm_CD8,OLFML3,-5.270429388
tAge,Tcm_CD8,OR11G2,-37.08501342
tAge,Tcm_CD8,OR51B2,68.46494783
tAge,Tcm_CD8,OR5B2,21.63650899
tAge,Tcm_CD8,OR6A2,-71.46207494
tAge,Tcm_CD8,OR6N1,34.18192014
tAge,Tcm_CD8,OVCH1,-18.63316014
tAge,Tcm_CD8,PALLD,2.47869991
tAge,Tcm_CD8,PANX3,14.60957262
tAge,Tcm_CD8,PBXIP1,1.248066469
tAge,Tcm_CD8,PCCA-AS1,4.835563939
tAge,Tcm_CD8,PCDH19,17.14165885
tAge,Tcm_CD8,PDE7A,-0.379040036
tAge,Tcm_CD8,PDE8B,77.15519695
tAge,Tcm_CD8,PDLIM2,1.366017552
tAge,Tcm_CD8,PDXP,17.19098628
tAge,Tcm_CD8,PECAM1,-0.604286694
tAge,Tcm_CD8,PHF13,1.821208643
tAge,Tcm_CD8,PIGZ,0.680882768
tAge,Tcm_CD8,PIK3IP1,-0.082169723
tAge,Tcm_CD8,PITPNC1,-1.12927208
tAge,Tcm_CD8,PKD2L1,-46.71460491
tAge,Tcm_CD8,PKM,-0.028227454
tAge,Tcm_CD8,PLCB1,-0.808540461
tAge,Tcm_CD8,PLCH2,-2.671942359
tAge,Tcm_CD8,PLEKHA2,0.449767881
tAge,Tcm_CD8,PLEKHH3,49.70972634
tAge,Tcm_CD8,PLSCR3,2.336117032
tAge,Tcm_CD8,PMPCB,-0.405358718
tAge,Tcm_CD8,PNLDC1,15.9249481
tAge,Tcm_CD8,PNPLA2,0.492530806
tAge,Tcm_CD8,PODXL2,-2.796571573
tAge,Tcm_CD8,POLR2J2,-2.16159052
tAge,Tcm_CD8,POMGNT2,-2.658055081
tAge,Tcm_CD8,POP1,-1.103314906
tAge,Tcm_CD8,POR,1.290279092
tAge,Tcm_CD8,PPP1R12A,0.256595948
tAge,Tcm_CD8,PPP3CB,0.373506879
tAge,Tcm_CD8,PRAM1,-3.148419962
tAge,Tcm_CD8,PRELID2,1.173976398
tAge,Tcm_CD8,PRND,36.13342265
tAge,Tcm_CD8,PROK2,0.71702614
tAge,Tcm_CD8,PRPF38A,-0.547941865
tAge,Tcm_CD8,PRRC1,0.041884207
tAge,Tcm_CD8,PSMC5,1.170931517
tAge,Tcm_CD8,PTPRJ,0.819112501
tAge,Tcm_CD8,PXYLP1,-0.309183737
tAge,Tcm_CD8,RAB12,-0.918138033
tAge,Tcm_CD8,RABGAP1L,0.724276114
tAge,Tcm_CD8,RANBP17,-0.357946551
tAge,Tcm_CD8,RAPGEF4-AS1,83.17801674
tAge,Tcm_CD8,RASGRP4,-37.19945951
tAge,Tcm_CD8,RASSF1-AS1,-9.096444713
tAge,Tcm_CD8,RASSF4,1.455734366
tAge,Tcm_CD8,RBM17,-0.370390174
tAge,Tcm_CD8,RCAN2,0.640069731
tAge,Tcm_CD8,RERG,30.74848605
tAge,Tcm_CD8,RETREG1,-0.161766662
tAge,Tcm_CD8,RHOC,0.127828193
tAge,Tcm_CD8,RILPL2,0.19422196
tAge,Tcm_CD8,RLN1,-3.924540405
tAge,Tcm_CD8,RNF130,-1.264402801
tAge,Tcm_CD8,RNF144A,-0.04047903
tAge,Tcm_CD8,RNF34,0.683640698
tAge,Tcm_CD8,RNF8,1.806911305
tAge,Tcm_CD8,ROBO1,-0.347240076
tAge,Tcm_CD8,RPL7A,-0.010598808
tAge,Tcm_CD8,RPS6KB2,-1.317114033
tAge,Tcm_CD8,RPS8,-0.292610288
tAge,Tcm_CD8,RTF1,0.599144024
tAge,Tcm_CD8,RUBCNL,-0.25277476
tAge,Tcm_CD8,RUNX3,-0.216360809
tAge,Tcm_CD8,SAAL1,0.093608205
tAge,Tcm_CD8,SAMSN1,0.024789425
tAge,Tcm_CD8,SATB1,-0.896518759
tAge,Tcm_CD8,SATB2,0.358188213
tAge,Tcm_CD8,SATL1,-3.95052745
tAge,Tcm_CD8,SAV1,2.617537317
tAge,Tcm_CD8,SCAMP3,0.146740013
tAge,Tcm_CD8,SCG5,2.710320924
tAge,Tcm_CD8,SCML4,-0.148636198
tAge,Tcm_CD8,SCN8A,0.956459318
tAge,Tcm_CD8,SDCBP2,71.38330263
tAge,Tcm_CD8,SDK1,-1.236154648
tAge,Tcm_CD8,SDK2,-0.952283007
tAge,Tcm_CD8,SEC23IP,0.598791998
tAge,Tcm_CD8,SESN3,0.357733158
tAge,Tcm_CD8,SF1,-0.718532562
tAge,Tcm_CD8,SGK3,0.102562162
tAge,Tcm_CD8,SGMS1-AS1,-2.128068666
tAge,Tcm_CD8,SH3RF3,-0.103733322
tAge,Tcm_CD8,SIGLEC1,-5.80329443
tAge,Tcm_CD8,SLC12A6,-0.49040278
tAge,Tcm_CD8,SLC16A10,-0.364572688
tAge,Tcm_CD8,SLC22A24,22.13511174
tAge,Tcm_CD8,SLC38A11,-7.592194718
tAge,Tcm_CD8,SLC39A8,0.172586586
tAge,Tcm_CD8,SLC7A6,-1.127709493
tAge,Tcm_CD8,SLCO5A1,-4.062548974
tAge,Tcm_CD8,SLIT2,53.36103325
tAge,Tcm_CD8,SLX4,-2.086808621
tAge,Tcm_CD8,SMIM15-AS1,5.388781015
tAge,Tcm_CD8,SORBS3,-1.571193711
tAge,Tcm_CD8,SORCS3,1.3528606
tAge,Tcm_CD8,SPATA22,25.12092649
tAge,Tcm_CD8,SPRY4-AS1,10.12576097
tAge,Tcm_CD8,SPSB2,4.220116786
tAge,Tcm_CD8,SPTBN1,-0.073849253
tAge,Tcm_CD8,SREBF1,-0.072813007
tAge,Tcm_CD8,SRRM2,-0.230233381
tAge,Tcm_CD8,SSH1,0.452639565
tAge,Tcm_CD8,ST8SIA1,0.339574642
tAge,Tcm_CD8,STAM,0.467903527
tAge,Tcm_CD8,STPG2,-0.600383436
tAge,Tcm_CD8,STXBP3,0.42598821
tAge,Tcm_CD8,SUGCT,0.658855497
tAge,Tcm_CD8,SUGT1,-0.35300482
tAge,Tcm_CD8,SURF2,-4.828489723
tAge,Tcm_CD8,SYNE2,0.374092469
tAge,Tcm_CD8,SYT2,4.929503203
tAge,Tcm_CD8,TANC2,-0.861429856
tAge,Tcm_CD8,TBXAS1,0.61966498
tAge,Tcm_CD8,TCF7,-0.022478056
tAge,Tcm_CD8,TF,14.59384889
tAge,Tcm_CD8,TGFBR3,1.039846004
tAge,Tcm_CD8,TKT,-0.2503687
tAge,Tcm_CD8,TM4SF20,-17.3890935
tAge,Tcm_CD8,TM9SF4,-0.447804285
tAge,Tcm_CD8,TMC5,-17.18155186
tAge,Tcm_CD8,TMCO2,-13.29897825
tAge,Tcm_CD8,TMEM150B,-23.74195829
tAge,Tcm_CD8,TMEM169,-1.070324351
tAge,Tcm_CD8,TMEM269,-1.847230667
tAge,Tcm_CD8,TMTC4,0.613463909
tAge,Tcm_CD8,TNFRSF11A,8.421856132
tAge,Tcm_CD8,TNFRSF21,-2.837712138
tAge,Tcm_CD8,TNFRSF8,34.34709346
tAge,Tcm_CD8,TNFSF11,-9.443764326
tAge,Tcm_CD8,TNPO3,0.026473245
tAge,Tcm_CD8,TNS2,22.17043153
tAge,Tcm_CD8,TNS4,11.31670725
tAge,Tcm_CD8,TOPAZ1,42.290605
tAge,Tcm_CD8,TPST1,-0.32718886
tAge,Tcm_CD8,TRABD2A,-0.146299011
tAge,Tcm_CD8,TRAJ16,-19.1333696
tAge,Tcm_CD8,TRAJ47,26.31698525
tAge,Tcm_CD8,TRAJ54,-7.248769947
tAge,Tcm_CD8,TRAPPC6B,-0.792501768
tAge,Tcm_CD8,TRBV6-2,2.66076029
tAge,Tcm_CD8,TRDJ2,68.59681242
tAge,Tcm_CD8,TRDJ3,69.27505403
tAge,Tcm_CD8,TRIM13,1.077467446
tAge,Tcm_CD8,TRIM47,-3.849027075
tAge,Tcm_CD8,TSHZ2,0.316462953
tAge,Tcm_CD8,TTC13,0.096802577
tAge,Tcm_CD8,TTC28,-0.553100727
tAge,Tcm_CD8,TTC29,31.58380891
tAge,Tcm_CD8,TTC3-AS1,33.44689824
tAge,Tcm_CD8,TTLL10-AS1,2.478281485
tAge,Tcm_CD8,TTTY14,0.51141743
tAge,Tcm_CD8,TTYH1,-2.161593385
tAge,Tcm_CD8,TUBE1,0.35368499
tAge,Tcm_CD8,TUBGCP4,-1.333669633
tAge,Tcm_CD8,TUFT1,-1.480279924
tAge,Tcm_CD8,TVP23A,28.62933217
tAge,Tcm_CD8,TXK,-0.599587198
tAge,Tcm_CD8,UBE2E2,-0.297196344
tAge,Tcm_CD8,UBE3A,0.237541287
tAge,Tcm_CD8,UBL7,-1.029245766
tAge,Tcm_CD8,UBOX5-AS1,6.306124178
tAge,Tcm_CD8,UCP3,5.6807736
tAge,Tcm_CD8,UNC45B,-5.354309957
tAge,Tcm_CD8,UPK1B,-16.88487364
tAge,Tcm_CD8,USP44,-1.987038472
tAge,Tcm_CD8,USP5,-2.975732489
tAge,Tcm_CD8,VAMP8,-0.234318034
tAge,Tcm_CD8,VOPP1,0.433841476
tAge,Tcm_CD8,VWA8-AS1,25.04599842
tAge,Tcm_CD8,WNK3,-7.160627257
tAge,Tcm_CD8,WNK4,7.041297223
tAge,Tcm_CD8,WWC2,-0.626815494
tAge,Tcm_CD8,XRCC6,-0.34981632
tAge,Tcm_CD8,ZBTB20-AS1,0.37986937
tAge,Tcm_CD8,ZC3H12D,1.525916602
tAge,Tcm_CD8,ZFAND3,0.75511428
tAge,Tcm_CD8,ZNF124,-1.683712994
tAge,Tcm_CD8,ZNF205,517.1007678
tAge,Tcm_CD8,ZNF224,1.297417738
tAge,Tcm_CD8,ZNF277,-0.026062239
tAge,Tcm_CD8,ZNF283,-0.661997277
tAge,Tcm_CD8,ZNF300,4.661771122
tAge,Tcm_CD8,ZNF324B,-2.388365997
tAge,Tcm_CD8,ZNF444,-1.486900702
tAge,Tcm_CD8,ZNF474,-34.3698431
tAge,Tcm_CD8,ZNF529-AS1,-0.730706215
tAge,Tcm_CD8,ZNF571-AS1,5.502999968
tAge,Tcm_CD8,ZNF610,-0.904195116
tAge,Tcm_CD8,ZNF69,-0.655578903
tAge,Tcm_CD8,ZNF705G,33.09331858
tAge,Tcm_CD8,ZNF765,-0.435095864
tAge,Tcm_CD8,ZNF80,-1.089680055
tAge,Tcm_CD8,ZSCAN18,-0.321418537
tAge,Bm,(Intercept),71.38194629
tAge,Bm,ABCB4,-0.419970535
tAge,Bm,ACKR4,1.698968764
tAge,Bm,ACOT4,4.532351489
tAge,Bm,ADAMTS17,0.446033145
tAge,Bm,ADAMTS6,-0.303329893
tAge,Bm,ADCY9,1.397083018
tAge,Bm,ADGRE5,0.643064268
tAge,Bm,AKAP13,-0.045584722
tAge,Bm,AKR1C1,6.791414448
tAge,Bm,ALDH1L1,-126.4711648
tAge,Bm,ALKBH7,-5.808259811
tAge,Bm,AMZ2,3.893875079
tAge,Bm,ANG,18.64486977
tAge,Bm,ANKRD2,6.582653175
tAge,Bm,ANKRD20A8P,69.1152161
tAge,Bm,ANKRD9,69.71332386
tAge,Bm,ANP32B,-0.89111125
tAge,Bm,APMAP,2.033269272
tAge,Bm,APOL6,0.117721346
tAge,Bm,ARCN1,0.232321502
tAge,Bm,ARHGAP26,0.108222291
tAge,Bm,ARHGAP33,-0.469332611
tAge,Bm,ARHGEF16,92.42122483
tAge,Bm,ARHGEF28,6.141416923
tAge,Bm,ARHGEF37,-13.99880927
tAge,Bm,ARID1B,-1.71793891
tAge,Bm,ARL4C,0.575425112
tAge,Bm,ARMC7,-1.127642605
tAge,Bm,ARRDC5,-5.33112357
tAge,Bm,ASB4,-72.21527014
tAge,Bm,ASB9,15.44880081
tAge,Bm,ATAD3B,-0.278832435
tAge,Bm,ATG10-AS1,-31.10606634
tAge,Bm,ATP6V0E2,1.016910237
tAge,Bm,ATP6V1G2-DDX39B,-3.469824846
tAge,Bm,ATP8B4,2.351910637
tAge,Bm,ATP9A,0.093245343
tAge,Bm,ATPAF2,1.217298008
tAge,Bm,AVPR2,22.11884568
tAge,Bm,B4GALT7,4.607873937
tAge,Bm,BANK1,-0.028751388
tAge,Bm,BBOF1,-0.540821361
tAge,Bm,BBS5,4.413877166
tAge,Bm,BCAR1,61.81994804
tAge,Bm,BMPR2,-0.070195081
tAge,Bm,BOLA1,-1.02214367
tAge,Bm,C15orf62,-22.0876061
tAge,Bm,C17orf58,1.797206881
tAge,Bm,C19orf53,-2.628961815
tAge,Bm,C19orf67,-32.23044022
tAge,Bm,C1orf21,0.185260966
tAge,Bm,C1orf56,-12.64550364
tAge,Bm,C2orf15,11.82955824
tAge,Bm,C3orf22,-100.128902
tAge,Bm,C5AR1,4.308666531
tAge,Bm,CA1,10.64623974
tAge,Bm,CA5A,12.05218441
tAge,Bm,CACNA1B,25.34986826
tAge,Bm,CACNA2D4,5.681920724
tAge,Bm,CACTIN-AS1,13.07480297
tAge,Bm,CADM1,0.750328605
tAge,Bm,CARD16,-0.718638119
tAge,Bm,CARD8-AS1,-0.31086205
tAge,Bm,CASR,118.8114597
tAge,Bm,CAST,0.394462816
tAge,Bm,CATSPERE,-0.258845714
tAge,Bm,CCDC144NL-AS1,-0.43418276
tAge,Bm,CCDC47,1.276791188
tAge,Bm,CCDC66,0.10789172
tAge,Bm,CCL4,0.377684904
tAge,Bm,CCL4L2,8.157621403
tAge,Bm,CCL5,0.21076074
tAge,Bm,CCNF,-4.64709479
tAge,Bm,CCNI2,-4.662835958
tAge,Bm,CCNJL,0.796763611
tAge,Bm,CD22,-0.127370658
tAge,Bm,CD34,-45.17159591
tAge,Bm,CD79B,-0.024100605
tAge,Bm,CDC34,-4.276492336
tAge,Bm,CDCP1,-51.8195173
tAge,Bm,CDHR3,0.048926456
tAge,Bm,CDK1,-9.684755587
tAge,Bm,CDK10,0.359450234
tAge,Bm,CDK14,2.498824694
tAge,Bm,CDT1,-8.874480436
tAge,Bm,CDYL2,2.332523839
tAge,Bm,CENPA,-3.820793325
tAge,Bm,CENPK,0.514712374
tAge,Bm,CEP57,0.646114608
tAge,Bm,CEP83,-0.371000567
tAge,Bm,CERNA1,-3.545822579
tAge,Bm,CERS2,-0.01323861
tAge,Bm,CES3,16.60881843
tAge,Bm,CFH,1.857681447
tAge,Bm,CHD7,-0.711860424
tAge,Bm,CHL1,-0.726661997
tAge,Bm,CHRNB4,-69.15735404
tAge,Bm,CHSY3,4.123911845
tAge,Bm,CLDN12,0.335449408
tAge,Bm,CLMN,-0.24295326
tAge,Bm,CLN6,-0.876953783
tAge,Bm,CLTB,1.365941949
tAge,Bm,CNKSR2,-0.391728092
tAge,Bm,COLGALT2,1.86242312
tAge,Bm,COPS4,-0.035542917
tAge,Bm,COQ2,-1.215037322
tAge,Bm,COX10,-0.637605183
tAge,Bm,CPED1,-0.084292556
tAge,Bm,CPT1A,0.659905575
tAge,Bm,CPVL,-12.220678
tAge,Bm,CRB1,-2.328237656
tAge,Bm,CRIM1,1.919927207
tAge,Bm,CRIP1,0.443997206
tAge,Bm,CRKL,-0.423572912
tAge,Bm,CRYBB2,44.54823082
tAge,Bm,CRYGN,128.8817723
tAge,Bm,CSE1L,-0.917101318
tAge,Bm,CSNK2A1,-0.032133481
tAge,Bm,CTDSPL,12.75784257
tAge,Bm,CUEDC1,19.9352439
tAge,Bm,CUL3,-0.751711656
tAge,Bm,CYBB,-0.42480882
tAge,Bm,CYP4F26P,16.54029311
tAge,Bm,CYYR1-AS1,15.1211973
tAge,Bm,DAB2IP,-17.79683462
tAge,Bm,DAND5,-58.50210671
tAge,Bm,DDAH1,-3.981069458
tAge,Bm,DDX54,-0.043704524
tAge,Bm,DEFB124,62.62702272
tAge,Bm,DENND1B,0.506654061
tAge,Bm,DENND5B,-0.525668516
tAge,Bm,DGKZ,1.210601519
tAge,Bm,DHX34,-0.043216297
tAge,Bm,DLGAP1,0.015121697
tAge,Bm,DLGAP4-AS1,-0.215519124
tAge,Bm,DMPK,1.627874383
tAge,Bm,DMXL2,0.038971541
tAge,Bm,DNAJB8-AS1,-17.48826153
tAge,Bm,DNAJC6,3.02793778
tAge,Bm,DNM3,1.392624269
tAge,Bm,DNMT3A,0.472745293
tAge,Bm,DOCK5,1.833653687
tAge,Bm,DOK2,1.243184689
tAge,Bm,DPY19L3,-0.63780984
tAge,Bm,DSC1,2.024450122
tAge,Bm,DSTN,0.062832254
tAge,Bm,DYRK3,-12.50978007
tAge,Bm,EBF1,-0.134950186
tAge,Bm,EDARADD,5.375160458
tAge,Bm,EDN2,7.774765452
tAge,Bm,EDNRB-AS1,20.1556414
tAge,Bm,EFHC1,-1.193052998
tAge,Bm,EGLN3,0.516517661
tAge,Bm,EIF4E3,0.153638646
tAge,Bm,EIF4ENIF1,-0.950770113
tAge,Bm,EIF4G1,0.446290686
tAge,Bm,ELAVL3,-23.33690931
tAge,Bm,ELFN1,3.74674133
tAge,Bm,EML6,-0.012802991
tAge,Bm,ENGASE,-1.189249417
tAge,Bm,ENPP7,-4.943989947
tAge,Bm,ERCC3,-0.053987488
tAge,Bm,ERVMER34-1,109.482456
tAge,Bm,ETNK2,-26.85208107
tAge,Bm,EXOC2,0.732712772
tAge,Bm,EXOG,1.470723308
tAge,Bm,F2RL2,4.526587228
tAge,Bm,FABP3,57.01322646
tAge,Bm,FAM117B,-0.143985134
tAge,Bm,FAM151B,4.814476327
tAge,Bm,FAM167A-AS1,-2.315169798
tAge,Bm,FAM171B,-25.98676813
tAge,Bm,FAM178B,4.532828409
tAge,Bm,FAM228B,-0.001438291
tAge,Bm,FAM47E,1.946775595
tAge,Bm,FAM66C,-0.166470121
tAge,Bm,FAM83B,76.33644304
tAge,Bm,FAM83D,2.521924807
tAge,Bm,FAS,1.633620902
tAge,Bm,FCGR3A,1.472068872
tAge,Bm,FCRL1,-0.181281111
tAge,Bm,FDXACB1,24.04413665
tAge,Bm,FECH,2.763603209
tAge,Bm,FHAD1,22.47429897
tAge,Bm,FHL1,1.689758664
tAge,Bm,FMO5,-0.813731096
tAge,Bm,FRY,0.838030441
tAge,Bm,FRYL,0.760378567
tAge,Bm,FRZB,-3.471899064
tAge,Bm,FTO,0.265960346
tAge,Bm,FUT3,-180.2259947
tAge,Bm,GABARAPL1,-1.215755054
tAge,Bm,GABPB1-AS1,-0.377171532
tAge,Bm,GBP5,0.188483268
tAge,Bm,GCH1,0.531666971
tAge,Bm,GCNT4,5.133677397
tAge,Bm,GCNT7,-8.095490368
tAge,Bm,GDF5,-29.45960827
tAge,Bm,GEMIN8,-0.602578881
tAge,Bm,gender,0.024288641
tAge,Bm,GFPT2,-8.286902189
tAge,Bm,GGACT,1.274475819
tAge,Bm,GLT1D1,8.697065163
tAge,Bm,GLYAT,-18.12060667
tAge,Bm,GNA12,-0.787118878
tAge,Bm,GNLY,0.096741499
tAge,Bm,GOLGA4,0.06908571
tAge,Bm,GOLGB1,0.656877073
tAge,Bm,GPR160,-2.128148218
tAge,Bm,GPR183,-1.018611697
tAge,Bm,GPRASP1,0.490971266
tAge,Bm,GRAMD1B,0.142965282
tAge,Bm,GREM2,0.019911486
tAge,Bm,GRID2,-13.14377877
tAge,Bm,GRIK2,-7.991732576
tAge,Bm,GRIN2B,1.819237569
tAge,Bm,GRK3,-1.271609437
tAge,Bm,GSAP,-0.082044547
tAge,Bm,GSDMA,-26.92147068
tAge,Bm,GSG1L,27.02632205
tAge,Bm,GUCY1A1,1.455897359
tAge,Bm,HCG24,-4.053082004
tAge,Bm,HDAC4,0.117435626
tAge,Bm,HDGFL2,5.023503216
tAge,Bm,HEATR5B,-0.086399698
tAge,Bm,HEATR9,10.26953569
tAge,Bm,HIST1H4B,-1.88817082
tAge,Bm,HIVEP3,0.002685592
tAge,Bm,HLX,-13.68396126
tAge,Bm,HNRNPLL,0.084454515
tAge,Bm,HPCAL4,-10.1299754
tAge,Bm,HSF5,-0.802639694
tAge,Bm,HSPA12A,-1.902164295
tAge,Bm,HTR2C,7.937986419
tAge,Bm,ICAM2,0.32688858
tAge,Bm,IDE,-0.079712075
tAge,Bm,IFT140,-0.327301229
tAge,Bm,IGFBP3,5.424367022
tAge,Bm,IGHE,10.38224589
tAge,Bm,IGHV2-5,-1.82811581
tAge,Bm,IGHV4-31,0.092254632
tAge,Bm,IGHV7-34-1,-74.85695003
tAge,Bm,IGKV1OR2-108,-7.461277873
tAge,Bm,IGKV2OR22-4,18.80890292
tAge,Bm,IGLJ2,-34.72406087
tAge,Bm,IGLV2-33,-59.46742976
tAge,Bm,IGLV4-60,0.144311704
tAge,Bm,IGLV7-46,-0.317014454
tAge,Bm,IGSF9B,0.82922859
tAge,Bm,IKZF2,-0.036305064
tAge,Bm,IL2RB,2.111960568
tAge,Bm,INA,38.07098356
tAge,Bm,INKA1,-4.57926595
tAge,Bm,INPP1,0.104597504
tAge,Bm,INPP5A,-1.159164349
tAge,Bm,IRF8,0.00563702
tAge,Bm,ITFG1-AS1,7.069357782
tAge,Bm,ITGA10,2.520963239
tAge,Bm,KANK1,0.668703832
tAge,Bm,KAZN,3.2213268
tAge,Bm,KBTBD4,-2.919309515
tAge,Bm,KCNJ3,2.391212312
tAge,Bm,KCNQ5,-0.850277297
tAge,Bm,KCNQ5-AS1,-38.89407223
tAge,Bm,KCTD11,-3.048868276
tAge,Bm,KDM4D,-11.25624959
tAge,Bm,KIF20A,-76.14074539
tAge,Bm,KIF21A,0.104782031
tAge,Bm,KIRREL3-AS1,57.68460382
tAge,Bm,KLF15,49.09242707
tAge,Bm,KLF4,-4.307984301
tAge,Bm,KLHL10,0.046138742
tAge,Bm,KLHL4,0.370705154
tAge,Bm,KLRF1,0.336056077
tAge,Bm,KRTAP5-10,-236.1597753
tAge,Bm,LAMA3,3.70401838
tAge,Bm,LCN8,-4.537806932
tAge,Bm,LCORL,-1.221328426
tAge,Bm,LDB2,5.062347198
tAge,Bm,LDLRAD4-AS1,79.61658808
tAge,Bm,LEF1,-0.054343647
tAge,Bm,LGALS3,3.737966719
tAge,Bm,LGALS8-AS1,-14.85548026
tAge,Bm,LIN7A,19.08595594
tAge,Bm,LINC00158,-8.996364865
tAge,Bm,LINC00299,1.273152054
tAge,Bm,LINC00313,-147.5134769
tAge,Bm,LINC00494,-0.880062913
tAge,Bm,LINC00582,34.56277919
tAge,Bm,LINC00881,-11.28052422
tAge,Bm,LINC00910,-0.254727644
tAge,Bm,LINC01099,-7.126688087
tAge,Bm,LINC01219,-21.34691732
tAge,Bm,LINC01361,-16.58831145
tAge,Bm,LINC01483,3.335126582
tAge,Bm,LINC01507,-1.196470279
tAge,Bm,LINC01524,1.152085819
tAge,Bm,LINC01550,-0.625191096
tAge,Bm,LINC01579,-15.42737516
tAge,Bm,LINC01629,-19.45200337
tAge,Bm,LINC01675,4.021775607
tAge,Bm,LINC01684,1.13045204
tAge,Bm,LINC01727,-1.815226872
tAge,Bm,LINC01871,5.55331252
tAge,Bm,LINC01934,0.40702975
tAge,Bm,LINC01946,-22.8073615
tAge,Bm,LINC02022,-8.851025116
tAge,Bm,LINC02208,23.24443822
tAge,Bm,LINC02210-CRHR1,-0.667961875
tAge,Bm,LINC02220,-20.08311066
tAge,Bm,LINC02228,-5.54544304
tAge,Bm,LINC02316,-15.80823896
tAge,Bm,LINC02520,0.145573206
tAge,Bm,LINC02536,20.61283143
tAge,Bm,LINC02569,-11.76681411
tAge,Bm,LINGO2,0.996348242
tAge,Bm,LRCH1,-0.164519748
tAge,Bm,LRIG1,0.999372278
tAge,Bm,LRP1B,1.983798242
tAge,Bm,LRP5,-1.576050614
tAge,Bm,LRRC4C,1.116289179
tAge,Bm,LSM5,0.813371697
tAge,Bm,LSM8,-0.747348993
tAge,Bm,LYN,-0.154536111
tAge,Bm,LYNX1-SLURP2,72.61558272
tAge,Bm,LZTR1,3.271289048
tAge,Bm,MACC1-AS1,-12.90462475
tAge,Bm,MACF1,0.026766981
tAge,Bm,MAGED1,-0.368383593
tAge,Bm,MAN2B1,-0.26252789
tAge,Bm,MANBA,-0.384522993
tAge,Bm,MAP3K20,-2.813953003
tAge,Bm,MAPK15,18.25582022
tAge,Bm,MATN2,7.883798044
tAge,Bm,MBIP,0.258397816
tAge,Bm,MBOAT1,1.856502139
tAge,Bm,MCTP1,1.694911185
tAge,Bm,MEIG1,-4.48246426
tAge,Bm,MELTF,-18.30803989
tAge,Bm,METTL5,-2.023157341
tAge,Bm,MGAT5,-1.401151833
tAge,Bm,MGRN1,0.872204695
tAge,Bm,MIDN,-0.095553047
tAge,Bm,MIR29B2CHG,0.274112834
tAge,Bm,MIR4435-2HG,0.017141369
tAge,Bm,MIS18A-AS1,0.984660059
tAge,Bm,MKS1,-2.236609802
tAge,Bm,MMADHC,-0.549403252
tAge,Bm,MORN4,-4.689961623
tAge,Bm,MOSPD3,5.645692498
tAge,Bm,MPZL3,0.394187839
tAge,Bm,MRAP,-5.354534159
tAge,Bm,MRPL11,-0.82343934
tAge,Bm,MRPL55,-1.613867043
tAge,Bm,MS4A6A,19.69243789
tAge,Bm,MSH5-SAPCD1,-6.592621116
tAge,Bm,MT-ND4,-0.239781748
tAge,Bm,MUC12,-94.63256528
tAge,Bm,MYLK3,10.58922827
tAge,Bm,MYO16,0.132305282
tAge,Bm,MYO1E,-0.653805878
tAge,Bm,MYO3B,0.960514515
tAge,Bm,NAA25,-0.336572919
tAge,Bm,NAA40,-0.264420872
tAge,Bm,NAV2,1.155763177
tAge,Bm,NBPF14,0.013993799
tAge,Bm,NCAM1,0.107319922
tAge,Bm,NCF1,0.553008948
tAge,Bm,NDRG4,-2.388690554
tAge,Bm,NDUFB10,-2.412086589
tAge,Bm,NDUFB8,1.134633788
tAge,Bm,NECAB2,57.09577703
tAge,Bm,NEXN-AS1,21.74904121
tAge,Bm,NFATC1,-0.18643618
tAge,Bm,NFATC2,0.321893622
tAge,Bm,NFIL3,4.450584963
tAge,Bm,NHSL1,3.075051402
tAge,Bm,NKAPL,-12.29171809
tAge,Bm,NLRP9,-9.580518515
tAge,Bm,NOL3,3.920812444
tAge,Bm,NOP53-AS1,-23.82198957
tAge,Bm,NOP9,-4.307970997
tAge,Bm,NORAD,0.578506011
tAge,Bm,NPHP4,2.410622325
tAge,Bm,NPL,2.332510016
tAge,Bm,NTHL1,4.370602759
tAge,Bm,NTRK3,0.314749241
tAge,Bm,NTSR1,9.682094165
tAge,Bm,NUAK1,6.520328813
tAge,Bm,NUTM2G,-36.75535561
tAge,Bm,OAF,-27.94838013
tAge,Bm,OIP5,3.531574051
tAge,Bm,OLFML3,13.25374724
tAge,Bm,OPA1,0.969322004
tAge,Bm,OPN1SW,161.1263455
tAge,Bm,OPRM1,1.924283948
tAge,Bm,OR4F15,-52.80809499
tAge,Bm,ORAI3,-6.840539248
tAge,Bm,OSTM1-AS1,76.59127115
tAge,Bm,OTUD7B,0.267108237
tAge,Bm,OTX2-AS1,-12.6360713
tAge,Bm,OXNAD1,-0.512581375
tAge,Bm,PALD1,-5.04839805
tAge,Bm,PALLD,2.920046335
tAge,Bm,PAM,1.053316976
tAge,Bm,PARD3B,2.191417655
tAge,Bm,PARD6A,-8.51743069
tAge,Bm,PAXIP1,-0.676759379
tAge,Bm,PCDH1,-29.34160756
tAge,Bm,PCDH9,0.092317928
tAge,Bm,PCDHA5,68.61561026
tAge,Bm,PCNT,-1.818883549
tAge,Bm,PDGFD,0.639599382
tAge,Bm,PDZRN3,-45.55565234
tAge,Bm,PEX5,-2.70059399
tAge,Bm,PHETA1,-3.202876057
tAge,Bm,PHF23,-1.626856389
tAge,Bm,PIPOX,-3.48196836
tAge,Bm,PITPNM2,-0.982033342
tAge,Bm,PKD1L1,-6.40642763
tAge,Bm,PLAC4,-18.58441746
tAge,Bm,PLAC8,-0.666386922
tAge,Bm,PLCB1,-0.005654865
tAge,Bm,PLEKHA2,-0.652655015
tAge,Bm,PLIN1,-8.153083081
tAge,Bm,PLPP1,-1.648695645
tAge,Bm,PNPLA3,-18.04926746
tAge,Bm,POMC,-1.464413311
tAge,Bm,PON1,10.30820148
tAge,Bm,POTEG,21.38568086
tAge,Bm,PPM1L,0.908208313
tAge,Bm,PPP2R2B,0.108169891
tAge,Bm,PPP2R2D,1.782526627
tAge,Bm,PPP3R1,0.379618446
tAge,Bm,PRAME,41.42104514
tAge,Bm,PRDM1,0.232608638
tAge,Bm,PRELID3A,-11.56343189
tAge,Bm,PRF1,0.704970694
tAge,Bm,PRG4,38.91133686
tAge,Bm,PRMT1,-0.970380993
tAge,Bm,PROB1,-13.1129511
tAge,Bm,PROK2,5.685806446
tAge,Bm,PRR16,3.018839854
tAge,Bm,PRR29,59.34606299
tAge,Bm,PRSS23,2.14234429
tAge,Bm,PRSS27,17.05923747
tAge,Bm,PRSS38,70.61550899
tAge,Bm,PRTFDC1,-0.11756991
tAge,Bm,PRUNE2,3.652735935
tAge,Bm,PSMB7,-1.058684674
tAge,Bm,PSME4,-0.916561742
tAge,Bm,PTCHD1,-0.19761053
tAge,Bm,PTCHD1-AS,-0.015476786
tAge,Bm,PTGDR,0.07075081
tAge,Bm,PTPN1,-0.87821384
tAge,Bm,PTPN4,-0.251787634
tAge,Bm,PUM3,-1.036501645
tAge,Bm,PXMP2,1.709211646
tAge,Bm,PZP,-0.789259799
tAge,Bm,QRSL1,0.334484044
tAge,Bm,RAB25,4.852135227
tAge,Bm,RAB30,-0.01389002
tAge,Bm,RAB4B-EGLN2,-7.621580174
tAge,Bm,RAD17,-0.044067652
tAge,Bm,RAD21-AS1,81.82022414
tAge,Bm,RALGPS2,-0.210229994
tAge,Bm,RANBP17,-26.71790343
tAge,Bm,RAP1GAP2,0.732087559
tAge,Bm,RAPGEF4-AS1,-22.85599871
tAge,Bm,RASGRF2,-0.007997474
tAge,Bm,RBFOX3,1.928265633
tAge,Bm,RBM47,-0.475989065
tAge,Bm,RDH10,4.998182826
tAge,Bm,RFLNA,2.306470929
tAge,Bm,RFWD3,-0.188620642
tAge,Bm,RFX7,-0.138378368
tAge,Bm,RGS3,4.330858616
tAge,Bm,RIC1,-0.281334773
tAge,Bm,RNASEL,-0.807903033
tAge,Bm,RNF125,0.305915932
tAge,Bm,RNF150,-12.82909027
tAge,Bm,RNF157,-0.735936412
tAge,Bm,ROBO1,-0.057499391
tAge,Bm,RPL17-C18orf32,-8.247297857
tAge,Bm,RPUSD4,-1.452339533
tAge,Bm,RRAD,-31.87113963
tAge,Bm,RSBN1L,-0.061627121
tAge,Bm,RSU1,0.347932537
tAge,Bm,RTF2,-0.162481998
tAge,Bm,RUFY3,-0.194037628
tAge,Bm,RUNX2,0.187160002
tAge,Bm,RUSC1-AS1,1.413466734
tAge,Bm,S100A13,2.796551378
tAge,Bm,SCN5A,2.579664138
tAge,Bm,SCO1,0.004071201
tAge,Bm,SCOC,-2.08114333
tAge,Bm,SDCBP2,-7.93019651
tAge,Bm,SEC23A-AS1,4.842986383
tAge,Bm,SFRP2,124.8898797
tAge,Bm,SGCA,16.01027359
tAge,Bm,SGCD,0.489785572
tAge,Bm,SGSH,-9.807572308
tAge,Bm,SH3BGRL2,1.901993939
tAge,Bm,SHC2,6.957447916
tAge,Bm,SHOX,-60.07048228
tAge,Bm,SLC16A1-AS1,-0.279259327
tAge,Bm,SLC16A11,-20.16168142
tAge,Bm,SLC16A6,2.084119417
tAge,Bm,SLC25A13,-0.580670434
tAge,Bm,SLC25A16,2.149347483
tAge,Bm,SLC25A42,-0.235503975
tAge,Bm,SLC25A46,0.512219099
tAge,Bm,SLC26A5,6.567813679
tAge,Bm,SLC35B1,1.216381613
tAge,Bm,SLC39A12,-40.33900134
tAge,Bm,SLC39A4,-9.43968592
tAge,Bm,SLC39A5,-49.40711306
tAge,Bm,SLC39A8,0.948200202
tAge,Bm,SLC40A1,6.747288058
tAge,Bm,SLC43A2,-0.146462505
tAge,Bm,SLC44A5,0.726272242
tAge,Bm,SLC46A2,31.86278868
tAge,Bm,SLC4A4,1.938991488
tAge,Bm,SLC6A13,0.266554103
tAge,Bm,SLC8A3,-7.530952129
tAge,Bm,SLC9A7,-0.212889869
tAge,Bm,SLCO4C1,0.074950735
tAge,Bm,SMAD6,84.11504824
tAge,Bm,SMC2,-1.781713238
tAge,Bm,SMCO1,-12.59533084
tAge,Bm,SMIM1,2.460594199
tAge,Bm,SNX10,-0.158444814
tAge,Bm,SOCS1,5.72544669
tAge,Bm,SOCS2,0.379047406
tAge,Bm,SORCS3,1.529710779
tAge,Bm,SOX4,-2.726270864
tAge,Bm,SOX6,-2.427673266
tAge,Bm,SP110,-0.375386469
tAge,Bm,SP140,-0.200513295
tAge,Bm,SPATA2,3.893414216
tAge,Bm,SPATA2L,5.015538411
tAge,Bm,SPCS1,-0.449354836
tAge,Bm,SPDL1,-1.077702393
tAge,Bm,SPDYE16,2.752290329
tAge,Bm,SPEF2,-0.900954278
tAge,Bm,SPINK2,-6.480960076
tAge,Bm,SPRED1,-2.120756429
tAge,Bm,SPRYD7,-1.290122451
tAge,Bm,SRRM5,3.466974643
tAge,Bm,STARD4-AS1,0.552123055
tAge,Bm,STEAP2,-17.07451111
tAge,Bm,STPG2-AS1,-52.47614302
tAge,Bm,STRBP,-0.241757226
tAge,Bm,STXBP5,-0.033095539
tAge,Bm,SUCLG1,1.485674364
tAge,Bm,SUGCT,-1.321248592
tAge,Bm,SULT6B1,22.00857428
tAge,Bm,SUSD1,0.330102526
tAge,Bm,SUSD6,-0.849050267
tAge,Bm,SWAP70,0.048968796
tAge,Bm,SYNPO,-0.772407742
tAge,Bm,SYT1,0.743207584
tAge,Bm,TAB2,0.419658501
tAge,Bm,TAS1R1,-17.51239381
tAge,Bm,TBC1D10B,0.291812542
tAge,Bm,TCL1A,1.56215212
tAge,Bm,TDG,-0.363690002
tAge,Bm,TDRD9,-2.684103266
tAge,Bm,TERF2IP,-0.308535874
tAge,Bm,TET3,-0.409422184
tAge,Bm,TGFBR3,0.002773911
tAge,Bm,THOC3,0.764099818
tAge,Bm,THOC7-AS1,-21.16530875
tAge,Bm,TIPARP,1.144326629
tAge,Bm,TK2,6.271030956
tAge,Bm,TLE1,-0.406287481
tAge,Bm,TLK1,-0.838385567
tAge,Bm,TMC2,-71.96142755
tAge,Bm,TMEM107,-0.208569084
tAge,Bm,TMEM132C,13.65107898
tAge,Bm,TMEM156,-0.029585415
tAge,Bm,TMEM171,-26.03795782
tAge,Bm,TMEM178B,0.572522466
tAge,Bm,TMEM238L,-48.61116211
tAge,Bm,TMEM45B,-0.54282546
tAge,Bm,TMEM63C,8.440210853
tAge,Bm,TMEM74,-8.258583335
tAge,Bm,TNFRSF9,35.89949712
tAge,Bm,TNFSF8,-0.473187003
tAge,Bm,TP53INP1,-0.023419093
tAge,Bm,TRAF1,0.375885475
tAge,Bm,TRAJ14,1.441168512
tAge,Bm,TRAJ22,9.795442075
tAge,Bm,TRAJ33,6.616749425
tAge,Bm,TRAJ39,67.80715079
tAge,Bm,TRAJ45,9.744612403
tAge,Bm,TRAV17,3.994588038
tAge,Bm,TRAV6,1.753151883
tAge,Bm,TRAV9-2,-10.18384545
tAge,Bm,TRBV4-1,18.66869952
tAge,Bm,TRBV7-7,47.82447277
tAge,Bm,TRERF1,0.090759232
tAge,Bm,TRGC2,2.397635215
tAge,Bm,TRIM44,-0.539125632
tAge,Bm,TRIM55,18.65186393
tAge,Bm,TRIM59,-0.235117885
tAge,Bm,TRIM6,-4.12064085
tAge,Bm,TRPV4,100.4877997
tAge,Bm,TSEN54,1.411057508
tAge,Bm,TSPAN8,3.994670025
tAge,Bm,TTLL12,-2.297281141
tAge,Bm,TTLL7,19.65294946
tAge,Bm,TUBA4A,0.395108632
tAge,Bm,TUBGCP6,-0.663019172
tAge,Bm,TYK2,-0.521356641
tAge,Bm,UBE2F-SCLY,5.559567165
tAge,Bm,UBE2V1,-0.459675292
tAge,Bm,UBE2V2,-1.141526081
tAge,Bm,UBIAD1,-2.115559224
tAge,Bm,UBQLN4,-1.256656869
tAge,Bm,UBTD2,-0.982345913
tAge,Bm,UCK2,-4.595402419
tAge,Bm,UFSP2,0.318032026
tAge,Bm,ULBP3,40.64623431
tAge,Bm,ULK4,0.60867908
tAge,Bm,UMODL1,-0.416576777
tAge,Bm,UPF2,-0.023088088
tAge,Bm,UPK2,2.366511119
tAge,Bm,UTP25,-1.237263756
tAge,Bm,UTY,0.001004369
tAge,Bm,VAPA,-0.543097856
tAge,Bm,VAV3,-1.273093985
tAge,Bm,VAV3-AS1,-2.027689655
tAge,Bm,VIPR1,11.83256383
tAge,Bm,VIRMA,0.350100915
tAge,Bm,VWA5A,-2.630932668
tAge,Bm,WASIR2,-3.081187871
tAge,Bm,WDR43,-1.809435411
tAge,Bm,WDR5,-0.550227685
tAge,Bm,WDR88,-7.562877979
tAge,Bm,WDR93,-16.69515421
tAge,Bm,WNT2B,-2.948663793
tAge,Bm,XACT,-0.839959222
tAge,Bm,XKR6,-0.265486712
tAge,Bm,YARS2,0.450172688
tAge,Bm,YME1L1,0.063125363
tAge,Bm,YWHAG,-0.558970373
tAge,Bm,ZBED4,-0.140636316
tAge,Bm,ZCCHC2,-0.50274533
tAge,Bm,ZFP30,-1.953890004
tAge,Bm,ZFP64,-0.129607083
tAge,Bm,ZMYM4,-0.430766297
tAge,Bm,ZNF221,-2.174525266
tAge,Bm,ZNF300,1.179986256
tAge,Bm,ZNF346,-0.335754637
tAge,Bm,ZNF48,3.044172876
tAge,Bm,ZNF521,-9.000586187
tAge,Bm,ZNF579,-0.30423482
tAge,Bm,ZNF669,2.998165973
tAge,Bm,ZNF837,23.76913377
tAge,Bm,ZNF860,-0.539008581
tAge,Bm,ZNF92,-1.105104749
tAge,Treg,(Intercept),69.26914946
tAge,Treg,AAK1,-0.541951429
tAge,Treg,ABHD17A,-0.211710211
tAge,Treg,ABI1,-0.127969042
tAge,Treg,ABLIM1,-0.066430695
tAge,Treg,ABRAXAS1,-0.140716357
tAge,Treg,ACSF3,-0.576188915
tAge,Treg,ACVR1,0.037547872
tAge,Treg,ADAM19,1.146134171
tAge,Treg,AFF2,-0.840689389
tAge,Treg,AFF3,-0.28200381
tAge,Treg,AHNAK,0.028956466
tAge,Treg,AK5,-0.365109786
tAge,Treg,AKR1C3,2.770606006
tAge,Treg,AKR1D1,-4.60775592
tAge,Treg,ALB,-9.801543426
tAge,Treg,ALKBH3-AS1,-30.50246185
tAge,Treg,AMMECR1L,-1.512169121
tAge,Treg,ANK3,0.044449069
tAge,Treg,ANKH,-0.321113231
tAge,Treg,ANKRA2,-0.019979126
tAge,Treg,ANKRD31,0.475456768
tAge,Treg,ANKRD33B,0.947376709
tAge,Treg,ANP32B,-0.168597338
tAge,Treg,ANTXRL,-0.868085361
tAge,Treg,ANXA1,0.578912778
tAge,Treg,ANXA2,0.206239862
tAge,Treg,AP3S1,-0.311176409
tAge,Treg,APBA2,-0.166516339
tAge,Treg,APEX2,-1.52893232
tAge,Treg,ARHGAP32,-0.168487973
tAge,Treg,ARL2,-1.691170662
tAge,Treg,ASB2,1.941190407
tAge,Treg,ATM,-0.740776629
tAge,Treg,ATP1B1,-0.143415236
tAge,Treg,ATP23,-3.115213593
tAge,Treg,ATP2B4,0.033037554
tAge,Treg,ATP6V0D1,-0.41194682
tAge,Treg,ATP8A2,-1.72741721
tAge,Treg,ATXN1,0.169779071
tAge,Treg,B4GALT4-AS1,7.010105537
tAge,Treg,BACH2,-0.755706895
tAge,Treg,BASP1,-1.0826189
tAge,Treg,BCDIN3D,-1.304992355
tAge,Treg,BFSP2-AS1,0.677050628
tAge,Treg,BIRC2,0.021242041
tAge,Treg,BRD1,-0.414868237
tAge,Treg,C11orf68,-0.680589731
tAge,Treg,C11orf98,-0.422815856
tAge,Treg,C14orf93,-0.04402471
tAge,Treg,C16orf74,-0.840361706
tAge,Treg,C18orf32,-0.911756947
tAge,Treg,C21orf91-OT1,0.70188658
tAge,Treg,C6orf52,-2.091740662
tAge,Treg,C9orf153,-0.062630227
tAge,Treg,CA8,75.11257634
tAge,Treg,CACHD1,-0.704442325
tAge,Treg,CACNA2D2,-0.761445349
tAge,Treg,CACNA2D4,-0.016962817
tAge,Treg,CACTIN,-1.915901659
tAge,Treg,CAHM,-2.487346818
tAge,Treg,CAMK4,-0.40515472
tAge,Treg,CAMTA1-DT,-0.814025216
tAge,Treg,CASK,1.038281898
tAge,Treg,CASP10,-0.12700357
tAge,Treg,CBLB,0.891572587
tAge,Treg,CBX5,-0.023107021
tAge,Treg,CCDC174,-0.312548163
tAge,Treg,CCDC191,-0.246347464
tAge,Treg,CCDC57,-0.175006376
tAge,Treg,CCL4,-0.074021805
tAge,Treg,CCNF,-7.55865615
tAge,Treg,CCNK,-0.260403514
tAge,Treg,CCR4,1.291978156
tAge,Treg,CCR6,0.226502068
tAge,Treg,CCSER1,2.30373836
tAge,Treg,CD226,0.584296511
tAge,Treg,CD247,-0.718551273
tAge,Treg,CDCA7L,-0.742381243
tAge,Treg,CDHR2,-0.207579906
tAge,Treg,CDK11B,-0.169680501
tAge,Treg,CDKN2AIP,-0.096177097
tAge,Treg,CELF2,-0.50955277
tAge,Treg,CEMIP2,-0.16480786
tAge,Treg,CENPQ,-1.877447834
tAge,Treg,CEP41,-1.097353542
tAge,Treg,CERS6,-0.683924315
tAge,Treg,CFAP53,-2.048432118
tAge,Treg,CHCHD6,-0.294505239
tAge,Treg,CHERP,-0.417184745
tAge,Treg,CHKA,-0.333638917
tAge,Treg,CHRM3-AS2,-0.366727124
tAge,Treg,CHST2,-0.692291614
tAge,Treg,CIP2A,-0.695410989
tAge,Treg,CISH,2.986592014
tAge,Treg,CKMT2-AS1,-0.434195056
tAge,Treg,CLDND1,0.076283346
tAge,Treg,CNKSR2,0.030503817
tAge,Treg,CNST,-0.323268221
tAge,Treg,COBL,2.388996197
tAge,Treg,COMMD3-BMI1,0.086966261
tAge,Treg,COMMD7,-3.431583326
tAge,Treg,CPLANE1,-0.669364199
tAge,Treg,CPNE7,8.032408174
tAge,Treg,CREBRF,-0.477620996
tAge,Treg,CRELD1,-0.916332209
tAge,Treg,CSKMT,0.84123117
tAge,Treg,CTNNA1,0.085254702
tAge,Treg,CTNND2,6.315608001
tAge,Treg,CTSD,-4.911901691
tAge,Treg,CXCR5,0.096928686
tAge,Treg,CXorf38,-0.090090973
tAge,Treg,CYP2U1,0.004738659
tAge,Treg,CYP39A1,-13.92221921
tAge,Treg,DAD1,-0.393962542
tAge,Treg,DCAF11,-0.150862328
tAge,Treg,DCAF16,-0.471201676
tAge,Treg,DCHS1,-1.856144039
tAge,Treg,DDTL,-5.739429173
tAge,Treg,DDX20,-0.923390456
tAge,Treg,DDX3Y,0.063446336
tAge,Treg,DEAF1,-0.207211163
tAge,Treg,DENND1A,-0.048232141
tAge,Treg,DEPDC7,-1.555117211
tAge,Treg,DET1,0.070224839
tAge,Treg,DGCR6L,-1.108992007
tAge,Treg,DHRS3,-0.367017139
tAge,Treg,DLGAP1,0.158108116
tAge,Treg,DNAAF4,-1.364097739
tAge,Treg,DNAL4,-0.39260944
tAge,Treg,DNASE1L2,3.277663497
tAge,Treg,DNMBP,-1.476828732
tAge,Treg,DPEP2,-0.179677437
tAge,Treg,DRAM2,-0.305005687
tAge,Treg,DUS1L,-1.622294474
tAge,Treg,DYRK3,-0.686471329
tAge,Treg,E2F1,-7.676519543
tAge,Treg,EDA,0.685677846
tAge,Treg,EEFSEC,-0.042669038
tAge,Treg,EGLN3,1.777954516
tAge,Treg,EIF2B5,-0.093813142
tAge,Treg,EIF3L,-0.078485195
tAge,Treg,ELF3,-13.98922516
tAge,Treg,EMB,0.145829209
tAge,Treg,ENTPD1,0.467401335
tAge,Treg,ERBB3,-6.31792872
tAge,Treg,ESCO2,3.220234767
tAge,Treg,ESPNL,20.22196518
tAge,Treg,ESR1,-0.531933424
tAge,Treg,ESR2,1.544623734
tAge,Treg,EVL,-0.248262799
tAge,Treg,EXO1,19.46480351
tAge,Treg,EXOC6,-0.089382145
tAge,Treg,EXOC6B,-0.078378307
tAge,Treg,EXTL1,4.776768953
tAge,Treg,EYA1,2.466145531
tAge,Treg,EZR-AS1,-0.937577571
tAge,Treg,F5,0.225716542
tAge,Treg,FAAP100,-1.292406764
tAge,Treg,FAM110A,-2.971915257
tAge,Treg,FAM13A-AS1,-0.148715684
tAge,Treg,FAM200A,-0.037603016
tAge,Treg,FAM66E,1.256052802
tAge,Treg,FAN1,-0.006423827
tAge,Treg,FANCC,-0.354817685
tAge,Treg,FANCL,0.747704578
tAge,Treg,FASTKD3,0.274912314
tAge,Treg,FAT4,-37.51240732
tAge,Treg,FBXL8,-1.421312756
tAge,Treg,FDX2,-18.01214161
tAge,Treg,FGF12,0.067083161
tAge,Treg,FGGY,-0.140989502
tAge,Treg,FIZ1,-2.605319655
tAge,Treg,FMO5,-1.732835355
tAge,Treg,FOXN3,-0.353388472
tAge,Treg,FOXO6,-12.67497609
tAge,Treg,FOXP1,-0.674321059
tAge,Treg,GALNT14,6.160069867
tAge,Treg,GALNT4,1.060680081
tAge,Treg,GAP43,11.29113993
tAge,Treg,GBP5,0.491106308
tAge,Treg,GCC2-AS1,-1.742583364
tAge,Treg,GCNT1,0.067180193
tAge,Treg,GDF5,-9.24977997
tAge,Treg,GDPD4,3.596145977
tAge,Treg,gender,0.313202217
tAge,Treg,GIMAP7,-0.450971528
tAge,Treg,GLIS3,0.77030336
tAge,Treg,GLUL,-1.547946558
tAge,Treg,GMEB2,-0.322305315
tAge,Treg,GMPPA,-2.913661344
tAge,Treg,GNA14,-3.73114896
tAge,Treg,GNAI1,-2.293821797
tAge,Treg,GNG5,0.785366331
tAge,Treg,GNL3L,-0.336453008
tAge,Treg,GOLGA6L9,-0.752838076
tAge,Treg,GOLT1A,-25.90223589
tAge,Treg,GPC6,-3.502393075
tAge,Treg,GPHN,0.635559364
tAge,Treg,GPR155,0.12822935
tAge,Treg,GPR173,-25.34864525
tAge,Treg,GPR18,-0.975197874
tAge,Treg,GPR183,0.17046793
tAge,Treg,GPRASP2,-1.256455334
tAge,Treg,GPSM3,-0.212477824
tAge,Treg,GPX2,1.935569183
tAge,Treg,GRAP2,-0.172904435
tAge,Treg,GRM5,-3.359839723
tAge,Treg,GTF2E1,-0.831685251
tAge,Treg,GUCY1A2,-3.52251763
tAge,Treg,GUCY1B1,-9.490961596
tAge,Treg,GYPC,-0.083575419
tAge,Treg,GZF1,-0.08331832
tAge,Treg,HACD1,0.885352121
tAge,Treg,HAVCR1,-0.035536064
tAge,Treg,HGH1,-5.596913351
tAge,Treg,HHAT,0.554331563
tAge,Treg,HIST1H3B,-7.462624763
tAge,Treg,HIST3H2BB,-2.937012408
tAge,Treg,HIST4H4,-0.568816713
tAge,Treg,HIVEP2,0.395840047
tAge,Treg,HLA-DMA,-0.118857167
tAge,Treg,HLTF,-0.506955975
tAge,Treg,HMCES,0.297811338
tAge,Treg,HNRNPK,-0.072890173
tAge,Treg,HOOK2,-0.128012493
tAge,Treg,HPCAL1,-0.558448601
tAge,Treg,HSP90AA1,-0.001461254
tAge,Treg,HSPE1-MOB4,-4.193939531
tAge,Treg,HSPG2,-1.652109701
tAge,Treg,HYKK,-0.684168772
tAge,Treg,IFT172,-0.623037147
tAge,Treg,IFT80,0.433478848
tAge,Treg,IGHV4-4,4.391064473
tAge,Treg,IGHV5-51,-7.041347413
tAge,Treg,IGLV1-36,7.052365153
tAge,Treg,IKZF1,-0.517487091
tAge,Treg,IL15,0.39108729
tAge,Treg,IL15RA,0.287123184
tAge,Treg,IL6ST,-0.595659085
tAge,Treg,ILF3,-0.04144393
tAge,Treg,IMMT,-0.081852032
tAge,Treg,IMPA2,-0.611179127
tAge,Treg,INPP4B,1.727994774
tAge,Treg,INTS4,-0.239199051
tAge,Treg,IPMK,-0.247726267
tAge,Treg,IRS1,-1.16715094
tAge,Treg,ISG20,0.26910104
tAge,Treg,ITGB1,0.172584374
tAge,Treg,ITGB7,0.438735618
tAge,Treg,ITM2C,-1.497374863
tAge,Treg,ITPRIP,-0.239517551
tAge,Treg,JADE3,-0.188349908
tAge,Treg,JARID2-AS1,-4.46988198
tAge,Treg,KANSL1L,-0.192021382
tAge,Treg,KATNBL1,-0.294663233
tAge,Treg,KCNK13,0.051161355
tAge,Treg,KCNQ5,-0.240506787
tAge,Treg,KCNV2,-9.249990147
tAge,Treg,KIFC2,0.526091392
tAge,Treg,KLF6,0.228292438
tAge,Treg,KLF7,-0.279153402
tAge,Treg,KLHL23,-0.764508008
tAge,Treg,KLHL24,-0.165856882
tAge,Treg,KLHL33,-7.819716073
tAge,Treg,KRT18,-0.909087941
tAge,Treg,LCLAT1,-0.160694179
tAge,Treg,LGALS3,4.245963641
tAge,Treg,LINC00470,-1.109532441
tAge,Treg,LINC00659,-1.144201209
tAge,Treg,LINC00847,-0.398873931
tAge,Treg,LINC00944,1.06668952
tAge,Treg,LINC00992,-4.333000257
tAge,Treg,LINC01132,-0.570781922
tAge,Treg,LINC01266,-3.333744696
tAge,Treg,LINC01281,-0.324383051
tAge,Treg,LINC01355,-1.392090391
tAge,Treg,LINC01388,-13.24511292
tAge,Treg,LINC01456,1.883956178
tAge,Treg,LINC01483,-0.459782299
tAge,Treg,LINC01505,-1.464048056
tAge,Treg,LINC01727,0.406682745
tAge,Treg,LINC01796,18.15065025
tAge,Treg,LINC01924,-5.275680334
tAge,Treg,LINC02267,-7.518840772
tAge,Treg,LINC02301,-1.521083496
tAge,Treg,LINC02313,-7.55370101
tAge,Treg,LINC02444,-7.970173579
tAge,Treg,LMNTD1,9.440644667
tAge,Treg,LPP,0.248841153
tAge,Treg,LRRC66,-2.011658861
tAge,Treg,LRRFIP2,-0.431439218
tAge,Treg,LRRIQ1,7.297065974
tAge,Treg,LRRN1,-3.009288476
tAge,Treg,MACF1,0.359065686
tAge,Treg,MAF,2.194279565
tAge,Treg,MAML2,-0.294987803
tAge,Treg,MAML3,-0.358266532
tAge,Treg,MAN1C1,-0.2462824
tAge,Treg,MAOB,-25.24388871
tAge,Treg,MAP1B,16.38678338
tAge,Treg,MBNL1,0.707125487
tAge,Treg,MCF2L2,0.077853785
tAge,Treg,MDH2,0.054144819
tAge,Treg,MED18,-0.583150645
tAge,Treg,MEDAG,10.27391291
tAge,Treg,MIAT,0.270764053
tAge,Treg,MIR181A1HG,-0.056983603
tAge,Treg,MIR4435-2HG,0.587207976
tAge,Treg,MLLT3,-0.449326537
tAge,Treg,MOB1A,-0.005368872
tAge,Treg,MPP1,-0.934370372
tAge,Treg,MSH6,-0.581133739
tAge,Treg,MTMR4,-0.253853375
tAge,Treg,MTOR,0.311360697
tAge,Treg,MYO10,-3.474717779
tAge,Treg,MYO15B,-0.24911221
tAge,Treg,MYO16,1.161645361
tAge,Treg,MYO1F,0.533069517
tAge,Treg,MYO5A,0.217418285
tAge,Treg,NAA10,-0.731959477
tAge,Treg,NAALADL2,-0.312278712
tAge,Treg,NABP1,0.269533783
tAge,Treg,NBEA,-0.684700472
tAge,Treg,NCALD,-0.730254816
tAge,Treg,NCF4,1.033253103
tAge,Treg,NCL,-0.225759024
tAge,Treg,NDFIP2,-1.081047664
tAge,Treg,NDRG3,-0.54863021
tAge,Treg,NEBL,-0.338743274
tAge,Treg,NECTIN2,-11.43542752
tAge,Treg,NET1,-1.021349093
tAge,Treg,NEXMIF,0.505856881
tAge,Treg,NEXN,0.191606463
tAge,Treg,NFE2L3,0.886370175
tAge,Treg,NIFK,-0.136151785
tAge,Treg,NIT1,-0.141910778
tAge,Treg,NLGN2,-6.173414541
tAge,Treg,NLGN4Y,1.007104366
tAge,Treg,NLRP2,-2.788416678
tAge,Treg,NOP9,-0.339231913
tAge,Treg,NPAS3,-3.409231995
tAge,Treg,NR1H3,0.47438356
tAge,Treg,NRCAM,-0.13132981
tAge,Treg,NRIP1,-0.107329624
tAge,Treg,NSMCE1,-0.219285129
tAge,Treg,NTNG2,0.362910951
tAge,Treg,NUCB2,-0.337626955
tAge,Treg,NUCKS1,-0.03478358
tAge,Treg,NUDT17,-1.375678473
tAge,Treg,NUP160,-0.347800231
tAge,Treg,NUTF2,-0.91233994
tAge,Treg,OLFML3,2.525561062
tAge,Treg,OMG,1.891842555
tAge,Treg,OR2A42,-35.70383963
tAge,Treg,OR9Q1,-2.644647048
tAge,Treg,OSBPL3,0.341361342
tAge,Treg,OTOGL,-1.42161226
tAge,Treg,OTOR,-15.31432702
tAge,Treg,OXNAD1,-0.118101849
tAge,Treg,P4HA2-AS1,-13.4941847
tAge,Treg,P4HA3,4.047824905
tAge,Treg,PADI4,-2.090666675
tAge,Treg,PAF1,-0.246774969
tAge,Treg,PANO1,-3.563330556
tAge,Treg,PAX6,-35.12483952
tAge,Treg,PCDH9,-0.254649521
tAge,Treg,PCLAF,6.443199287
tAge,Treg,PCNX1,0.633008913
tAge,Treg,PCNX2,0.480003148
tAge,Treg,PDE7A,-0.407304392
tAge,Treg,PDZD2,-0.655746926
tAge,Treg,PECAM1,-0.640945412
tAge,Treg,PEF1,-0.268596729
tAge,Treg,PELO,-0.814803342
tAge,Treg,PFKFB2,-0.051757072
tAge,Treg,PHACTR2,0.175762254
tAge,Treg,PHKB,-0.032408463
tAge,Treg,PHKG1,-0.340675671
tAge,Treg,PHLDB2,0.444082415
tAge,Treg,PIDD1,-1.642819724
tAge,Treg,PIGK,-0.071192079
tAge,Treg,PIK3IP1,-0.35514398
tAge,Treg,PITPNM2,-0.356731929
tAge,Treg,PLEKHA1,-0.008740916
tAge,Treg,PLEKHD1,1.093835671
tAge,Treg,PLEKHM1,-0.111528575
tAge,Treg,PLXDC2,2.382600549
tAge,Treg,PNN,-0.022077564
tAge,Treg,POLDIP3,-0.016613121
tAge,Treg,POLR1A,-0.011428121
tAge,Treg,POLR2J,-0.567739982
tAge,Treg,PP2D1,-0.372082548
tAge,Treg,PPP2R2B,0.485514628
tAge,Treg,PRH1,-0.429238088
tAge,Treg,PRMT9,-0.279756511
tAge,Treg,PRSS3,-4.511876377
tAge,Treg,PSMA2,2.243135959
tAge,Treg,PSMB5,0.357374034
tAge,Treg,PSMB7,-0.085337585
tAge,Treg,PSMC6,-0.168076934
tAge,Treg,PTK2,-0.173968347
tAge,Treg,PTPDC1,-0.622860797
tAge,Treg,PTPN20,-0.134859529
tAge,Treg,PVT1,0.077796718
tAge,Treg,QSER1,-0.275711432
tAge,Treg,RAB11FIP5,-2.388141658
tAge,Treg,RAI1-AS1,7.174981311
tAge,Treg,RALGPS2,-0.838904078
tAge,Treg,RANBP9,0.754755358
tAge,Treg,RAP1B,-0.093863002
tAge,Treg,RAP1GAP2,0.462063407
tAge,Treg,RAP1GDS1,0.407031939
tAge,Treg,RARA-AS1,-0.076026705
tAge,Treg,RASA2,-0.519602691
tAge,Treg,RASL11A,2.412922594
tAge,Treg,RBM3,-0.342800522
tAge,Treg,RBM38,-0.048667094
tAge,Treg,RBMS3,-0.203869219
tAge,Treg,RENBP,2.614847696
tAge,Treg,RHOBTB2,-2.534342076
tAge,Treg,RHOD,1.593889362
tAge,Treg,RHOT2,-0.046296102
tAge,Treg,RIOX2,-0.709043852
tAge,Treg,RIPOR2,-0.210455094
tAge,Treg,RMDN2,-0.177097128
tAge,Treg,RNASEK-C17orf49,-6.791238375
tAge,Treg,RNF19A,0.497775144
tAge,Treg,RNF222,-13.78497807
tAge,Treg,RORA,0.532839358
tAge,Treg,RPH3A,-0.566639895
tAge,Treg,RPIA,-0.098358309
tAge,Treg,RPL5,-0.061180957
tAge,Treg,RPL8,0.196517231
tAge,Treg,RPS2,0.00046782
tAge,Treg,RPS4Y1,0.135893929
tAge,Treg,RRAGA,0.96608726
tAge,Treg,RSL1D1,-0.026371698
tAge,Treg,RUFY3,0.244674608
tAge,Treg,RUNX2,0.293860916
tAge,Treg,RWDD4,-0.339563325
tAge,Treg,RXFP1,0.143613832
tAge,Treg,SATB1,-0.137421012
tAge,Treg,SAV1,0.040767597
tAge,Treg,SAXO2,-0.03412813
tAge,Treg,SCML1,-0.270587056
tAge,Treg,SCNN1A,-2.3534903
tAge,Treg,SDCBP2,3.207292128
tAge,Treg,SDK1,-0.12474932
tAge,Treg,SDK2,-0.004226681
tAge,Treg,SELENOW,1.27084406
tAge,Treg,SERPINB6,-0.638877717
tAge,Treg,SERPINB9P1,0.446064253
tAge,Treg,SESN1,-0.267533402
tAge,Treg,SETMAR,-1.120296169
tAge,Treg,SGPP2,0.265180391
tAge,Treg,SH2D1A,-0.240801825
tAge,Treg,SH3PXD2A,0.213226724
tAge,Treg,SH3RF3,-0.116607884
tAge,Treg,SIRPD,4.578338604
tAge,Treg,SIRT4,-0.83881994
tAge,Treg,SLC12A7,-0.133603063
tAge,Treg,SLC24A1,-0.211479653
tAge,Treg,SLC25A1,0.881472549
tAge,Treg,SLC28A2,-20.82522359
tAge,Treg,SLC29A1,-17.36622647
tAge,Treg,SLC29A3,-0.656308662
tAge,Treg,SLC2A13,-0.516119236
tAge,Treg,SLC2A2,-29.09219115
tAge,Treg,SLC2A4RG,-0.032925423
tAge,Treg,SLC2A9,-0.167041064
tAge,Treg,SLC38A1,-0.034958225
tAge,Treg,SLC41A3,-0.897663541
tAge,Treg,SLC47A1,-0.745667183
tAge,Treg,SLFN12L,0.03224244
tAge,Treg,SMAP2,-0.086786614
tAge,Treg,SMARCA1,-0.31160773
tAge,Treg,SMIM8,-0.373075006
tAge,Treg,SMS,-0.513087566
tAge,Treg,SNHG7,0.250007833
tAge,Treg,SNRPE,-0.412099824
tAge,Treg,SON,-0.233233538
tAge,Treg,SORCS3,0.820267788
tAge,Treg,SOS1,0.227348783
tAge,Treg,SPATA2L,-3.223486654
tAge,Treg,SPINK9,1.513287662
tAge,Treg,SPNS3,-1.910232277
tAge,Treg,SPTBN5,-19.59525304
tAge,Treg,SRCIN1,7.165102916
tAge,Treg,SRGAP2C,0.083402251
tAge,Treg,SRPK2,-0.457057171
tAge,Treg,SRSF12,-0.186720473
tAge,Treg,SSH2,-0.65773637
tAge,Treg,ST13,-0.082323526
tAge,Treg,ST6GALNAC3,-0.642600252
tAge,Treg,ST8SIA1,0.573451625
tAge,Treg,STAM,0.239192394
tAge,Treg,STARD3NL,1.122704548
tAge,Treg,STAT4,0.224840937
tAge,Treg,STAT5A,-0.021184989
tAge,Treg,STIMATE,1.246673528
tAge,Treg,STK26,-0.279321712
tAge,Treg,STK4,-0.072032528
tAge,Treg,STON1,-2.116395207
tAge,Treg,STX12,-0.390966513
tAge,Treg,STXBP3,0.144882994
tAge,Treg,SUGCT,-0.042462186
tAge,Treg,SUSD1,0.845931029
tAge,Treg,SVOPL,-2.326911405
tAge,Treg,SYNE2,0.513676422
tAge,Treg,SYT2,17.95351052
tAge,Treg,SYTL3,0.489385193
tAge,Treg,TAGAP,-0.182062042
tAge,Treg,TANC2,-0.361973043
tAge,Treg,TAS2R50,10.03211798
tAge,Treg,TBX10,3.586946799
tAge,Treg,TCEA2,-4.523569087
tAge,Treg,TCF7,-0.081510389
tAge,Treg,TCP1,-0.277906347
tAge,Treg,TDRKH-AS1,-2.014939071
tAge,Treg,TECPR1,-0.109969376
tAge,Treg,TENM3,-6.128400091
tAge,Treg,TERB1,2.072334538
tAge,Treg,TEX28,7.210147375
tAge,Treg,TGFBR2,-0.518865218
tAge,Treg,THAP6,-0.89600355
tAge,Treg,THEMIS,-0.108859505
tAge,Treg,THNSL1,-0.759764524
tAge,Treg,TIGD2,-2.437220087
tAge,Treg,TIGIT,0.204702448
tAge,Treg,TIMELESS,-2.024536788
tAge,Treg,TJP2,-1.079415593
tAge,Treg,TKT,-1.101715122
tAge,Treg,TLCD1,-1.390140439
tAge,Treg,TMEM108,5.764527171
tAge,Treg,TMEM116,0.1598784
tAge,Treg,TMEM140,-0.137460493
tAge,Treg,TMEM220-AS1,-1.597155957
tAge,Treg,TMEM244,0.014058988
tAge,Treg,TMEM255B,-15.77496389
tAge,Treg,TMEM263,-0.349044048
tAge,Treg,TMEM42,2.513023611
tAge,Treg,TMEM71,-1.157607575
tAge,Treg,TMEM91,-0.374193748
tAge,Treg,TMPRSS9,-2.068214681
tAge,Treg,TMTC2,0.259180804
tAge,Treg,TNFRSF19,3.347189772
tAge,Treg,TNS3,-2.312065474
tAge,Treg,TOMM20,-0.108949217
tAge,Treg,TOMM22,-0.544734987
tAge,Treg,TOP3A,-0.576555838
tAge,Treg,TPST2,-0.320172178
tAge,Treg,TRAJ24,-5.425253995
tAge,Treg,TRAJ30,-6.099788121
tAge,Treg,TRAJ34,-1.285736342
tAge,Treg,TRAV1-1,-0.407803019
tAge,Treg,TRAV15,20.47174447
tAge,Treg,TRAV26-1,-2.185759981
tAge,Treg,TRBV14,-2.15550923
tAge,Treg,TRGV3,-0.622516894
tAge,Treg,TRGV5P,-1.019765268
tAge,Treg,TRIM13,0.283669463
tAge,Treg,TRIO,-0.528290659
tAge,Treg,TRIP10,16.22393795
tAge,Treg,TRUB1,0.121331937
tAge,Treg,TSPAN14,-0.01557515
tAge,Treg,TSPAN15,1.140266207
tAge,Treg,TSPAN9,-0.549270701
tAge,Treg,TTC23,-6.300279398
tAge,Treg,TTC28,-1.075667661
tAge,Treg,TTC3,-0.060230889
tAge,Treg,TTC3-AS1,-11.47174339
tAge,Treg,TTC39B,-0.180807302
tAge,Treg,TTC39C,0.58953364
tAge,Treg,TTC39C-AS1,2.30722585
tAge,Treg,TTC9C,-0.613146164
tAge,Treg,UBASH3B,-0.049433936
tAge,Treg,UBE2E2,-0.759986288
tAge,Treg,UNC93B1,0.452769021
tAge,Treg,UQCRB,-0.110345154
tAge,Treg,UQCRC1,-1.549598242
tAge,Treg,UQCRC2,-0.4574246
tAge,Treg,USP40,-0.124604856
tAge,Treg,UST,0.294000696
tAge,Treg,UTP23,-0.51612059
tAge,Treg,UXT,-0.1523714
tAge,Treg,VAV3,0.180692378
tAge,Treg,VDR,-1.373421835
tAge,Treg,VPS39,-0.067645559
tAge,Treg,WDCP,-1.755801502
tAge,Treg,WDR27,-0.338088132
tAge,Treg,WDR33,-0.491297541
tAge,Treg,WNT11,-1.143097717
tAge,Treg,XPO7,-0.504841371
tAge,Treg,YIPF6,-0.081518818
tAge,Treg,ZACN,-9.175740219
tAge,Treg,ZBTB20-AS5,-0.413338869
tAge,Treg,ZC4H2,-0.383733751
tAge,Treg,ZEB1-AS1,-1.260591501
tAge,Treg,ZFYVE28,0.464779086
tAge,Treg,ZNF14,-0.473241148
tAge,Treg,ZNF174,-0.103631366
tAge,Treg,ZNF2,0.005514749
tAge,Treg,ZNF208,0.085679108
tAge,Treg,ZNF229,-0.769230038
tAge,Treg,ZNF232,-0.285299292
tAge,Treg,ZNF239,-2.170476807
tAge,Treg,ZNF280D,-0.328843783
tAge,Treg,ZNF283,-1.822254977
tAge,Treg,ZNF326,-0.481958745
tAge,Treg,ZNF331,-0.230346878
tAge,Treg,ZNF426-DT,-2.304269229
tAge,Treg,ZNF468,-0.011704895
tAge,Treg,ZNF518B,-0.391591766
tAge,Treg,ZNF57,-0.968418197
tAge,Treg,ZNF580,0.168112061
tAge,Treg,ZNF595,-0.70157234
tAge,Treg,ZNF611,-0.608370063
tAge,Treg,ZNF670,-6.083182916
tAge,Treg,ZNF684,-0.380118746
tAge,Treg,ZNF69,-0.958279438
tAge,Treg,ZNF703,-6.487909201
tAge,Treg,ZNF708,0.092113934
tAge,Treg,ZNF711,-2.477101221
tAge,Treg,ZNF781,-1.440618865
tAge,Tex_CD8,(Intercept),91.97873517
tAge,Tex_CD8,AASS,1.331612583
tAge,Tex_CD8,ACBD6,0.648858211
tAge,Tex_CD8,ACTN2,-19.89762501
tAge,Tex_CD8,ACTR1B,1.814450713
tAge,Tex_CD8,ADAM21,44.64101669
tAge,Tex_CD8,ADAM29,-1.002958475
tAge,Tex_CD8,ADAMTS6,1.528939244
tAge,Tex_CD8,ADARB1,-0.308954163
tAge,Tex_CD8,ADGRG2,12.16581494
tAge,Tex_CD8,ADGRL3,2.458663332
tAge,Tex_CD8,AGAP1,-0.127177327
tAge,Tex_CD8,AGAP2,0.09229344
tAge,Tex_CD8,AGFG2,0.105518759
tAge,Tex_CD8,AKAP13,-0.414183734
tAge,Tex_CD8,AKAP3,-0.915263865
tAge,Tex_CD8,ALOX5AP,1.241201075
tAge,Tex_CD8,AMFR,-0.950866646
tAge,Tex_CD8,AMMECR1,-0.190782012
tAge,Tex_CD8,AMMECR1L,1.756917382
tAge,Tex_CD8,AMOT,-1.494177083
tAge,Tex_CD8,ANGEL1,1.176213416
tAge,Tex_CD8,ANKIB1,0.498711765
tAge,Tex_CD8,ANKRA2,0.429391967
tAge,Tex_CD8,ANKRD10,-1.777519607
tAge,Tex_CD8,ANKRD18B,-40.42368208
tAge,Tex_CD8,ANKRD28,-1.058419684
tAge,Tex_CD8,ANKRD29,0.478195313
tAge,Tex_CD8,ANKRD60,30.20234738
tAge,Tex_CD8,ANO4,-37.57449808
tAge,Tex_CD8,AP3S2,1.697990973
tAge,Tex_CD8,AP5M1,0.001750285
tAge,Tex_CD8,ARFGAP3,0.474301693
tAge,Tex_CD8,ARHGAP12,-1.03250019
tAge,Tex_CD8,ARHGAP19-SLIT1,-8.081739856
tAge,Tex_CD8,ARHGAP26,-1.109686975
tAge,Tex_CD8,ARHGAP31-AS1,-37.02113708
tAge,Tex_CD8,ARHGEF35,-10.28640214
tAge,Tex_CD8,ARID5A,0.545484913
tAge,Tex_CD8,ARL6,0.600544585
tAge,Tex_CD8,ARNT2,103.6913422
tAge,Tex_CD8,ARRDC3,0.447739455
tAge,Tex_CD8,ASAP1,-0.201086664
tAge,Tex_CD8,ATAD2B,0.099745734
tAge,Tex_CD8,ATF6,0.536491517
tAge,Tex_CD8,ATG9B,-13.46242191
tAge,Tex_CD8,ATL1,0.921697665
tAge,Tex_CD8,ATM,-1.365601153
tAge,Tex_CD8,ATP10A,-0.787415201
tAge,Tex_CD8,ATP2B1-AS1,-1.385524485
tAge,Tex_CD8,ATP2C1,0.40504573
tAge,Tex_CD8,ATP5MF-PTCD1,18.53685326
tAge,Tex_CD8,ATP5PD,0.144523157
tAge,Tex_CD8,ATP6V0E2-AS1,-9.468467812
tAge,Tex_CD8,ATP8A1,0.874569501
tAge,Tex_CD8,AUTS2,0.297497092
tAge,Tex_CD8,BAIAP2-DT,22.4357348
tAge,Tex_CD8,BANK1,-0.710151527
tAge,Tex_CD8,BBS9,0.317501005
tAge,Tex_CD8,BCL2L14,21.38448808
tAge,Tex_CD8,BLOC1S3,4.668394935
tAge,Tex_CD8,BMPER,1.43956474
tAge,Tex_CD8,BNC2,-0.493780795
tAge,Tex_CD8,BSN,-7.240068332
tAge,Tex_CD8,BUD23,0.100552627
tAge,Tex_CD8,C1QA,3.014333244
tAge,Tex_CD8,C2CD3,1.155085641
tAge,Tex_CD8,C4orf33,1.386261196
tAge,Tex_CD8,C6orf226,-1.899037323
tAge,Tex_CD8,C6orf47-AS1,132.9315193
tAge,Tex_CD8,C8orf33,0.54282121
tAge,Tex_CD8,C8orf82,5.989562664
tAge,Tex_CD8,CAB39L,-1.428907244
tAge,Tex_CD8,CALCB,0.499720258
tAge,Tex_CD8,CAPZA2,0.699832629
tAge,Tex_CD8,CASD1,0.518530573
tAge,Tex_CD8,CATIP-AS2,75.6717743
tAge,Tex_CD8,CBFA2T3,5.998422464
tAge,Tex_CD8,CCDC148-AS1,40.73449794
tAge,Tex_CD8,CCDC154,-14.3324601
tAge,Tex_CD8,CCDC47,0.737608797
tAge,Tex_CD8,CCDC50,-1.069308683
tAge,Tex_CD8,CCL14,160.8994926
tAge,Tex_CD8,CCND2,0.501092635
tAge,Tex_CD8,CCND3,-0.325040108
tAge,Tex_CD8,CD226,-0.464290577
tAge,Tex_CD8,CD33,21.49767173
tAge,Tex_CD8,CD40LG,-3.328996449
tAge,Tex_CD8,CD82,-0.382915762
tAge,Tex_CD8,CDA,14.53542183
tAge,Tex_CD8,CDC20B,96.27946693
tAge,Tex_CD8,CDC25C,-10.27453164
tAge,Tex_CD8,CDCA8,0.077560184
tAge,Tex_CD8,CDK2AP1,-10.27805009
tAge,Tex_CD8,CDKN2B-AS1,2.452965711
tAge,Tex_CD8,CDRT4,0.511491906
tAge,Tex_CD8,CDYL2,-1.02271298
tAge,Tex_CD8,CELF2-AS1,-141.0960544
tAge,Tex_CD8,CENPB,-8.959952587
tAge,Tex_CD8,CEP126,-0.25505671
tAge,Tex_CD8,CES4A,0.908658484
tAge,Tex_CD8,CFAP157,17.54513721
tAge,Tex_CD8,CFAP74,78.04918225
tAge,Tex_CD8,CFH,0.93408037
tAge,Tex_CD8,CHD7,-0.310139983
tAge,Tex_CD8,CHD9,-0.625665053
tAge,Tex_CD8,CHN2,-3.027373055
tAge,Tex_CD8,CHST1,99.10071211
tAge,Tex_CD8,CKAP5,0.446317597
tAge,Tex_CD8,CKB,34.17711298
tAge,Tex_CD8,CLC,31.10328289
tAge,Tex_CD8,CLDN14,5.557021771
tAge,Tex_CD8,CLDN15,-0.589817653
tAge,Tex_CD8,CLSTN1,-0.286550513
tAge,Tex_CD8,CLUAP1,-0.027337715
tAge,Tex_CD8,CMAS,-1.723168166
tAge,Tex_CD8,CMKLR1,-0.131016218
tAge,Tex_CD8,CNST,0.02877485
tAge,Tex_CD8,CNTN4-AS1,0.24030434
tAge,Tex_CD8,COL18A1,-3.911666394
tAge,Tex_CD8,COL5A3,2.521180893
tAge,Tex_CD8,COMMD10,-1.442303857
tAge,Tex_CD8,CPSF7,0.265552269
tAge,Tex_CD8,CRIM1,-0.728566758
tAge,Tex_CD8,CTDSP2,0.637325644
tAge,Tex_CD8,CTSL,19.24935875
tAge,Tex_CD8,CUBN,-1.401215564
tAge,Tex_CD8,CWC22,0.759688684
tAge,Tex_CD8,CYBC1,0.193412009
tAge,Tex_CD8,CYP26C1,-24.80730771
tAge,Tex_CD8,CYP3A5,2.92997629
tAge,Tex_CD8,CYP3A7,46.51965631
tAge,Tex_CD8,CYTH3,0.284793054
tAge,Tex_CD8,DAB2,-1.185966233
tAge,Tex_CD8,DAO,20.29004948
tAge,Tex_CD8,DCLK1,5.791237749
tAge,Tex_CD8,DDX50,0.021059114
tAge,Tex_CD8,DENND1A,1.23433913
tAge,Tex_CD8,DENND3,0.171101557
tAge,Tex_CD8,DERL2,0.30181213
tAge,Tex_CD8,DGKH,-0.85944983
tAge,Tex_CD8,DIABLO,12.16348561
tAge,Tex_CD8,DIDO1,-0.360728876
tAge,Tex_CD8,DLEC1,0.294750461
tAge,Tex_CD8,DMAC2,1.333403706
tAge,Tex_CD8,DNAJC27,0.515688495
tAge,Tex_CD8,DNASE1L2,10.2028823
tAge,Tex_CD8,DOCK10,-2.289907707
tAge,Tex_CD8,DOK6,-0.488651349
tAge,Tex_CD8,DPF3,-0.067537049
tAge,Tex_CD8,DSCR9,0.612619925
tAge,Tex_CD8,DTHD1,0.176149842
tAge,Tex_CD8,DUT,0.498512413
tAge,Tex_CD8,DYNC2LI1,4.137227565
tAge,Tex_CD8,DZANK1,0.402721298
tAge,Tex_CD8,EAF1-AS1,10.44926431
tAge,Tex_CD8,ECHDC2,-0.916495263
tAge,Tex_CD8,EDEM3,-0.501812042
tAge,Tex_CD8,EDF1,0.769713887
tAge,Tex_CD8,EEA1,-0.042731534
tAge,Tex_CD8,EEF1A2,6.856008417
tAge,Tex_CD8,EIF2AK4,-0.020010148
tAge,Tex_CD8,EIF3A,0.256586552
tAge,Tex_CD8,ELOVL6,-0.69819051
tAge,Tex_CD8,EMC4,0.757123456
tAge,Tex_CD8,EMX2OS,309.8555203
tAge,Tex_CD8,ENDOD1,1.331111514
tAge,Tex_CD8,ENO3,-3.712752952
tAge,Tex_CD8,EPB41,-1.31130035
tAge,Tex_CD8,EPB41L4A,0.832245502
tAge,Tex_CD8,EPO,91.03333073
tAge,Tex_CD8,ERICH6,5.06836542
tAge,Tex_CD8,ERMAP,0.012182053
tAge,Tex_CD8,ESF1,-0.034266214
tAge,Tex_CD8,ESYT2,-1.050638508
tAge,Tex_CD8,F11-AS1,-13.80621433
tAge,Tex_CD8,F13B,53.3473638
tAge,Tex_CD8,FAM224B,4.539693758
tAge,Tex_CD8,FAM241A,1.070944484
tAge,Tex_CD8,FAM30A,4.227780725
tAge,Tex_CD8,FANCD2,0.532423522
tAge,Tex_CD8,FANCI,0.193321177
tAge,Tex_CD8,FBP1,-0.672873345
tAge,Tex_CD8,FBXW10,49.54842146
tAge,Tex_CD8,FBXW12,-57.4043995
tAge,Tex_CD8,FKBP10,8.899743468
tAge,Tex_CD8,FKBP1B,-12.9178079
tAge,Tex_CD8,FRMD4B,-1.02354713
tAge,Tex_CD8,FRMPD3,-0.224614211
tAge,Tex_CD8,FUT10,1.0089604
tAge,Tex_CD8,GABRB2,20.63740368
tAge,Tex_CD8,GABRG3,22.96337883
tAge,Tex_CD8,GALNT9,18.86171701
tAge,Tex_CD8,GAS7,-0.542694379
tAge,Tex_CD8,GATA6,6.12286684
tAge,Tex_CD8,GBP6,8.015329445
tAge,Tex_CD8,GCC1,2.304534897
tAge,Tex_CD8,GCC2,0.171263594
tAge,Tex_CD8,gender,0.03960177
tAge,Tex_CD8,GET4,-0.410902693
tAge,Tex_CD8,GGCT,-3.464336964
tAge,Tex_CD8,GHRHR,44.89823968
tAge,Tex_CD8,GINS4,-2.101705253
tAge,Tex_CD8,GLIS1,14.16792462
tAge,Tex_CD8,GLIS2,6.614073956
tAge,Tex_CD8,GLIS3,1.361191762
tAge,Tex_CD8,GNAI2,-0.057691574
tAge,Tex_CD8,GNG2,0.024664431
tAge,Tex_CD8,GPBP1L1,0.786285282
tAge,Tex_CD8,GPCPD1,0.150417068
tAge,Tex_CD8,GPR151,-27.02572213
tAge,Tex_CD8,GPR183,-0.838883848
tAge,Tex_CD8,GPR55,3.939341291
tAge,Tex_CD8,GPR75,6.61069516
tAge,Tex_CD8,GPSM3,0.015842401
tAge,Tex_CD8,GRIA2,3.275625666
tAge,Tex_CD8,GRPEL2-AS1,-0.776793276
tAge,Tex_CD8,GSDMD,0.646118082
tAge,Tex_CD8,GSKIP,0.059538527
tAge,Tex_CD8,GTF2IRD2B,1.275874443
tAge,Tex_CD8,GTF3C3,0.367538215
tAge,Tex_CD8,GTF3C4,1.866727145
tAge,Tex_CD8,GTSF1,3.129919187
tAge,Tex_CD8,GYG1,2.527230664
tAge,Tex_CD8,GZMB,0.290605444
tAge,Tex_CD8,HAUS8,1.369930272
tAge,Tex_CD8,HCFC2,0.654007241
tAge,Tex_CD8,HDAC2,-0.370176529
tAge,Tex_CD8,HDAC9,-0.381992796
tAge,Tex_CD8,HEMK1,-0.023503801
tAge,Tex_CD8,HEPACAM,132.8208106
tAge,Tex_CD8,HIST1H2AC,0.030146963
tAge,Tex_CD8,HIST1H2AJ,6.249391026
tAge,Tex_CD8,HIST2H2BF,2.15871372
tAge,Tex_CD8,HLA-DQA2,0.492724271
tAge,Tex_CD8,HMGN2,0.788235457
tAge,Tex_CD8,HORMAD1,0.287309685
tAge,Tex_CD8,HOXC4,0.803986717
tAge,Tex_CD8,HPDL,-5.603332809
tAge,Tex_CD8,HPX,19.13439378
tAge,Tex_CD8,HS6ST1,-1.019676896
tAge,Tex_CD8,HSD17B8,-1.048598626
tAge,Tex_CD8,HSPA4,-0.706869013
tAge,Tex_CD8,IFITM10,7.717263656
tAge,Tex_CD8,IFNG-AS1,-0.257765086
tAge,Tex_CD8,IFT74-AS1,16.18025868
tAge,Tex_CD8,IGF1,33.11310569
tAge,Tex_CD8,IGFBP3,6.633854161
tAge,Tex_CD8,IGHV5-78,4.14729345
tAge,Tex_CD8,IGKV5-2,-204.1381289
tAge,Tex_CD8,IGLC2,0.715693767
tAge,Tex_CD8,IGLV3-27,6.115755521
tAge,Tex_CD8,IGLV8-61,3.685247689
tAge,Tex_CD8,IL15,0.282611256
tAge,Tex_CD8,IL15RA,0.267320999
tAge,Tex_CD8,IL4,144.6926065
tAge,Tex_CD8,IL4I1,-15.78271744
tAge,Tex_CD8,ILK,0.976713128
tAge,Tex_CD8,INF2,-1.065237254
tAge,Tex_CD8,IPO4,2.803289739
tAge,Tex_CD8,ITGA1,0.279256082
tAge,Tex_CD8,ITGAM,-0.501234004
tAge,Tex_CD8,ITGB1,-0.493420081
tAge,Tex_CD8,ITGB4,7.58283599
tAge,Tex_CD8,ITIH4,5.673541302
tAge,Tex_CD8,JAK1,-0.889350972
tAge,Tex_CD8,JAK3,1.104829444
tAge,Tex_CD8,JAKMIP1,0.238068744
tAge,Tex_CD8,JAKMIP2,0.729645478
tAge,Tex_CD8,JAML,-0.304589965
tAge,Tex_CD8,JAZF1,-0.574149465
tAge,Tex_CD8,KATNA1,-0.050331716
tAge,Tex_CD8,KBTBD12,80.39002282
tAge,Tex_CD8,KCNQ5,-0.645216239
tAge,Tex_CD8,KCTD11,-6.02286906
tAge,Tex_CD8,KCTD5,-1.672180884
tAge,Tex_CD8,KDM2B,0.129214658
tAge,Tex_CD8,KEL,23.09348151
tAge,Tex_CD8,KIAA0825,-1.132523234
tAge,Tex_CD8,KIF1A,0.122949997
tAge,Tex_CD8,KLHDC4,-0.07812244
tAge,Tex_CD8,KLRC2,-0.348990997
tAge,Tex_CD8,KLRC3,-0.735826992
tAge,Tex_CD8,KLRC4-KLRK1,-1.465220649
tAge,Tex_CD8,KPNA5,0.197841981
tAge,Tex_CD8,KRAS,0.853414153
tAge,Tex_CD8,KRTAP16-1,-12.39666306
tAge,Tex_CD8,KRTAP5-1,94.51634559
tAge,Tex_CD8,KYAT3,0.877044867
tAge,Tex_CD8,L3MBTL1,-1.542201103
tAge,Tex_CD8,LAGE3,4.969853507
tAge,Tex_CD8,LCN8,-70.71984356
tAge,Tex_CD8,LDLRAD4,-0.683872028
tAge,Tex_CD8,LGALS1,1.048182898
tAge,Tex_CD8,LGALS8-AS1,-2.747076948
tAge,Tex_CD8,LGR4,-2.208243434
tAge,Tex_CD8,LIN54,1.206009077
tAge,Tex_CD8,LINC00106,-2.799422884
tAge,Tex_CD8,LINC00427,-11.94174097
tAge,Tex_CD8,LINC00501,4.873073829
tAge,Tex_CD8,LINC00613,-36.25990211
tAge,Tex_CD8,LINC00665,-0.39850274
tAge,Tex_CD8,LINC00839,51.12653916
tAge,Tex_CD8,LINC00868,3.305157334
tAge,Tex_CD8,LINC00937,-5.62453632
tAge,Tex_CD8,LINC00968,15.58130626
tAge,Tex_CD8,LINC01111,-81.26491929
tAge,Tex_CD8,LINC01127,6.950879719
tAge,Tex_CD8,LINC01194,-0.772263597
tAge,Tex_CD8,LINC01206,123.6128993
tAge,Tex_CD8,LINC01426,2.330733816
tAge,Tex_CD8,LINC01511,-21.69000559
tAge,Tex_CD8,LINC01635,-10.07297445
tAge,Tex_CD8,LINC01727,27.06029407
tAge,Tex_CD8,LINC01812,126.7724448
tAge,Tex_CD8,LINC01822,140.953536
tAge,Tex_CD8,LINC01865,-9.116393483
tAge,Tex_CD8,LINC01902,110.6057479
tAge,Tex_CD8,LINC02015,-19.02156427
tAge,Tex_CD8,LINC02161,-33.96046828
tAge,Tex_CD8,LINC02208,144.1073134
tAge,Tex_CD8,LINC02270,107.4739521
tAge,Tex_CD8,LINC02362,0.328288397
tAge,Tex_CD8,LINC02373,29.15495224
tAge,Tex_CD8,LINC02391,-1.282748811
tAge,Tex_CD8,LINC02446,1.150876372
tAge,Tex_CD8,LINC02499,141.9952612
tAge,Tex_CD8,LINC02541,118.3326666
tAge,Tex_CD8,LMBR1,0.024729395
tAge,Tex_CD8,LPP,-1.578912145
tAge,Tex_CD8,LRCH4,-0.540785955
tAge,Tex_CD8,LRPPRC,-0.76595254
tAge,Tex_CD8,LSM10,0.746480077
tAge,Tex_CD8,LSM14A,0.913201472
tAge,Tex_CD8,LSP1,0.081541995
tAge,Tex_CD8,LYAR,-1.528281904
tAge,Tex_CD8,MAB21L2,-1.92859275
tAge,Tex_CD8,MAF,0.695641003
tAge,Tex_CD8,MAML2,-1.163496133
tAge,Tex_CD8,MAMLD1,-0.453295222
tAge,Tex_CD8,MASTL,0.706678022
tAge,Tex_CD8,MBLAC1,2.452206501
tAge,Tex_CD8,MCOLN2,0.04797026
tAge,Tex_CD8,MEAF6,-0.465852843
tAge,Tex_CD8,MECR,1.19539801
tAge,Tex_CD8,MED8,1.537486261
tAge,Tex_CD8,MED9,-2.77158229
tAge,Tex_CD8,MET,-14.71244721
tAge,Tex_CD8,MIA2,0.538255014
tAge,Tex_CD8,MICB,0.526670846
tAge,Tex_CD8,MID1,11.88515185
tAge,Tex_CD8,MIR4435-2HG,-0.564245209
tAge,Tex_CD8,MLLT6,-0.25481254
tAge,Tex_CD8,MNAT1,0.440576258
tAge,Tex_CD8,MNS1,38.09816586
tAge,Tex_CD8,MRM2,0.06336
tAge,Tex_CD8,MRPL12,0.378245813
tAge,Tex_CD8,MRPL23,2.449753755
tAge,Tex_CD8,MRPL28,3.051415357
tAge,Tex_CD8,MRPS15,0.725924856
tAge,Tex_CD8,MSH4,1.556224611
tAge,Tex_CD8,MVB12B,0.20538745
tAge,Tex_CD8,MXD4,2.717394663
tAge,Tex_CD8,MYBL1,0.027765106
tAge,Tex_CD8,MYO3B,-0.627553871
tAge,Tex_CD8,MYOC,-26.84304736
tAge,Tex_CD8,MYSM1,0.37605656
tAge,Tex_CD8,NAAA,0.404869339
tAge,Tex_CD8,NCALD,-1.901992711
tAge,Tex_CD8,NCOA5,0.279354004
tAge,Tex_CD8,NDUFA11,1.199264079
tAge,Tex_CD8,NEK1,0.247761983
tAge,Tex_CD8,NFRKB,1.566802413
tAge,Tex_CD8,NGEF,137.4257921
tAge,Tex_CD8,NKAPL,-33.35029601
tAge,Tex_CD8,NLGN3,2.915456894
tAge,Tex_CD8,NLRP6,2.535260806
tAge,Tex_CD8,NOL10,1.508704513
tAge,Tex_CD8,NOL11,0.144748341
tAge,Tex_CD8,NPIPB3,-0.956468836
tAge,Tex_CD8,NPTN,-0.76207261
tAge,Tex_CD8,NPW,7.944500507
tAge,Tex_CD8,NSD3,0.615234926
tAge,Tex_CD8,NUCKS1,-0.376280337
tAge,Tex_CD8,NUTM2E,-17.29144742
tAge,Tex_CD8,OGFOD1,0.482742729
tAge,Tex_CD8,OLFM3,44.38187908
tAge,Tex_CD8,OMG,0.386307597
tAge,Tex_CD8,OPA3,0.401288072
tAge,Tex_CD8,OR6N1,15.43935283
tAge,Tex_CD8,P2RY11,0.483614011
tAge,Tex_CD8,PABPC1L,0.061787193
tAge,Tex_CD8,PAK1IP1,0.304163381
tAge,Tex_CD8,PAM,-0.409032647
tAge,Tex_CD8,PARN,-0.681674502
tAge,Tex_CD8,PAXBP1,0.098940357
tAge,Tex_CD8,PBXIP1,0.294849933
tAge,Tex_CD8,PCDH9,-0.170318592
tAge,Tex_CD8,PCDHGA10,6.647539933
tAge,Tex_CD8,PCDHGA6,2.723333696
tAge,Tex_CD8,PCED1B,-0.101487305
tAge,Tex_CD8,PCNT,1.194519794
tAge,Tex_CD8,PCNX1,-0.013150199
tAge,Tex_CD8,PCSK5,1.252977404
tAge,Tex_CD8,PDGFD,-0.63702639
tAge,Tex_CD8,PDGFRB,0.766671453
tAge,Tex_CD8,PEX12,8.09858591
tAge,Tex_CD8,PGBD5,96.61653024
tAge,Tex_CD8,PGGT1B,0.114827557
tAge,Tex_CD8,PID1,0.399624311
tAge,Tex_CD8,PIGZ,-0.819945762
tAge,Tex_CD8,PIK3AP1,-0.924161909
tAge,Tex_CD8,PIK3R5,-0.095811122
tAge,Tex_CD8,PKIA,-2.507922236
tAge,Tex_CD8,PKP3,106.6284189
tAge,Tex_CD8,PLA2G1B,108.3312694
tAge,Tex_CD8,PLAC8,-0.456241975
tAge,Tex_CD8,PLAG1,3.391765048
tAge,Tex_CD8,PLAGL1,0.511620655
tAge,Tex_CD8,PLCB1,-0.911629327
tAge,Tex_CD8,PLEKHO1,-1.49250465
tAge,Tex_CD8,PLK1,2.646565426
tAge,Tex_CD8,PLXNB2,-3.455626045
tAge,Tex_CD8,PM20D2,-0.4269467
tAge,Tex_CD8,PODNL1,18.65439232
tAge,Tex_CD8,PODXL2,-2.655961976
tAge,Tex_CD8,POMK,-0.275856204
tAge,Tex_CD8,POU3F1,-8.340656382
tAge,Tex_CD8,PPAN,1.827377109
tAge,Tex_CD8,PPFIBP2,0.298922034
tAge,Tex_CD8,PPM1L,-0.393612073
tAge,Tex_CD8,PPP1R18,0.537941228
tAge,Tex_CD8,PPP2R2B,-0.911632182
tAge,Tex_CD8,PPP2R2C,144.3219995
tAge,Tex_CD8,PPP2R5D,0.02580424
tAge,Tex_CD8,PPP4R2,1.18001703
tAge,Tex_CD8,PPRC1,-2.015276152
tAge,Tex_CD8,PRB4,0.648245226
tAge,Tex_CD8,PRKACA,0.933412237
tAge,Tex_CD8,PRKN,1.198316935
tAge,Tex_CD8,PRR34,17.09051773
tAge,Tex_CD8,PRSS41,94.33781763
tAge,Tex_CD8,PSMA4,0.725691515
tAge,Tex_CD8,PTPRR,-7.759204027
tAge,Tex_CD8,PTTG1IP,0.45831784
tAge,Tex_CD8,PVT1,0.176193998
tAge,Tex_CD8,PXDN,-4.838847175
tAge,Tex_CD8,RAB36,-25.89524004
tAge,Tex_CD8,RABEPK,0.195868785
tAge,Tex_CD8,RAC3,43.55926923
tAge,Tex_CD8,RAD21L1,23.51690711
tAge,Tex_CD8,RAI14,-1.834805364
tAge,Tex_CD8,RALGAPA1,0.505682352
tAge,Tex_CD8,RANBP9,1.369103808
tAge,Tex_CD8,RAP1B,-0.22789482
tAge,Tex_CD8,RARB,24.01330247
tAge,Tex_CD8,RARRES1,0.358876441
tAge,Tex_CD8,RASA2,0.010009004
tAge,Tex_CD8,RASD2,40.10742003
tAge,Tex_CD8,RB1,1.739371735
tAge,Tex_CD8,RBM18,0.769832685
tAge,Tex_CD8,RCCD1,2.427947808
tAge,Tex_CD8,RCOR2,-2.920175409
tAge,Tex_CD8,RCVRN,-10.52695773
tAge,Tex_CD8,RDH10,0.538979896
tAge,Tex_CD8,RERE,-0.319933417
tAge,Tex_CD8,RFTN1,-0.855695043
tAge,Tex_CD8,RGS9,-0.553892687
tAge,Tex_CD8,RHOH,0.313406803
tAge,Tex_CD8,RIMKLA,-1.914394049
tAge,Tex_CD8,RIN2,12.26733853
tAge,Tex_CD8,RNF130,-1.113360283
tAge,Tex_CD8,RNF144A,-0.734410359
tAge,Tex_CD8,RNF169,-0.02760273
tAge,Tex_CD8,RNF19A,0.48544233
tAge,Tex_CD8,RRAD,-0.249164525
tAge,Tex_CD8,RRAS,1.571762376
tAge,Tex_CD8,RRAS2,-0.92894191
tAge,Tex_CD8,RSPH1,-36.22397837
tAge,Tex_CD8,RTCA,-0.301555809
tAge,Tex_CD8,RTF2,1.962570316
tAge,Tex_CD8,RUBCNL,5.218852775
tAge,Tex_CD8,RUSC1,0.949748128
tAge,Tex_CD8,S100A8,2.821197809
tAge,Tex_CD8,S1PR2,2.214582595
tAge,Tex_CD8,SACM1L,0.235766713
tAge,Tex_CD8,SARS2,-1.834549077
tAge,Tex_CD8,SCAPER,-0.140850817
tAge,Tex_CD8,SCGB3A2,-34.59498797
tAge,Tex_CD8,SCLT1,0.078616482
tAge,Tex_CD8,SCMH1,-0.279625034
tAge,Tex_CD8,SCML4,-0.856591363
tAge,Tex_CD8,SCN9A,11.48923363
tAge,Tex_CD8,SEC23A-AS1,-10.58732125
tAge,Tex_CD8,SELL,-0.906890942
tAge,Tex_CD8,SEMA3F,14.52182184
tAge,Tex_CD8,SERPINB6,0.628864092
tAge,Tex_CD8,SFMBT2,-0.107151626
tAge,Tex_CD8,SFPQ,-0.022867973
tAge,Tex_CD8,SGSM3,-3.562238155
tAge,Tex_CD8,SH2D3A,4.477061116
tAge,Tex_CD8,SH3KBP1,-0.4184165
tAge,Tex_CD8,SHBG,-4.052503662
tAge,Tex_CD8,SHISA9,43.19272302
tAge,Tex_CD8,SIDT1,0.454743509
tAge,Tex_CD8,SIRPB1,3.753370264
tAge,Tex_CD8,SKA1,-1.547760626
tAge,Tex_CD8,SKAP1,-1.178924916
tAge,Tex_CD8,SLC16A12,30.32132275
tAge,Tex_CD8,SLC25A20,1.301123714
tAge,Tex_CD8,SLC28A3,99.33372458
tAge,Tex_CD8,SLC2A12,78.51057835
tAge,Tex_CD8,SLC31A1,0.999685272
tAge,Tex_CD8,SLC35F2,-0.691087477
tAge,Tex_CD8,SLC5A5,-32.51962185
tAge,Tex_CD8,SLC6A16,-1.263923186
tAge,Tex_CD8,SMAD7,0.090436074
tAge,Tex_CD8,SMURF1,0.381291586
tAge,Tex_CD8,SNORC,6.548570898
tAge,Tex_CD8,SNTB1,-1.249063516
tAge,Tex_CD8,SOCS5,0.705130498
tAge,Tex_CD8,SOX12,-5.186106871
tAge,Tex_CD8,SP4,-0.152056508
tAge,Tex_CD8,SPACA3,22.75150474
tAge,Tex_CD8,SPATC1L,3.160857896
tAge,Tex_CD8,SPECC1,-1.05536522
tAge,Tex_CD8,SPEF2,0.242702443
tAge,Tex_CD8,SPOCK2,0.486231418
tAge,Tex_CD8,SREBF1,0.735129163
tAge,Tex_CD8,SRGAP2B,0.455879398
tAge,Tex_CD8,SSH2,-0.720162675
tAge,Tex_CD8,SSX2IP,0.92544949
tAge,Tex_CD8,ST6GAL1,-0.55877296
tAge,Tex_CD8,ST7-AS1,15.38848936
tAge,Tex_CD8,ST8SIA1,-0.505856003
tAge,Tex_CD8,STK32C,0.343920474
tAge,Tex_CD8,STOX2,-13.6630714
tAge,Tex_CD8,SWAP70,-0.537069131
tAge,Tex_CD8,SYNE3,-0.828544942
tAge,Tex_CD8,SYNGR4,112.5825983
tAge,Tex_CD8,SYNPO2L,12.60290325
tAge,Tex_CD8,SYT14,-24.73246853
tAge,Tex_CD8,SYTL3,0.427153284
tAge,Tex_CD8,TAC3,49.36903302
tAge,Tex_CD8,TBCD,-0.38496739
tAge,Tex_CD8,TCFL5,-1.217951412
tAge,Tex_CD8,TCHP,-0.898305472
tAge,Tex_CD8,TEDC2,45.87984426
tAge,Tex_CD8,TERC,3.486947696
tAge,Tex_CD8,TERT,129.7609582
tAge,Tex_CD8,TESK1,-9.770737547
tAge,Tex_CD8,TFCP2L1,-0.331086697
tAge,Tex_CD8,TGFB1,0.76147088
tAge,Tex_CD8,TGIF2-RAB5IF,3.204110718
tAge,Tex_CD8,THEMIS,0.427183561
tAge,Tex_CD8,TIMM10,0.105608412
tAge,Tex_CD8,TIMP1,-1.598078467
tAge,Tex_CD8,TLK1,0.930104877
tAge,Tex_CD8,TLR8,4.901734075
tAge,Tex_CD8,TM6SF1,-1.805207434
tAge,Tex_CD8,TMC1,-21.12265838
tAge,Tex_CD8,TMEM116,-0.554887126
tAge,Tex_CD8,TMEM132B,66.34624383
tAge,Tex_CD8,TMEM150C,15.45353006
tAge,Tex_CD8,TMEM163,-0.976540388
tAge,Tex_CD8,TMEM216,2.781464498
tAge,Tex_CD8,TMEM33,1.290991844
tAge,Tex_CD8,TMIGD2,2.559749632
tAge,Tex_CD8,TMPO-AS1,7.131375144
tAge,Tex_CD8,TMPRSS11A,47.75911902
tAge,Tex_CD8,TMPRSS12,43.35529461
tAge,Tex_CD8,TNFRSF14-AS1,-0.305526267
tAge,Tex_CD8,TNFRSF9,-2.849790668
tAge,Tex_CD8,TNFSF9,1.204673312
tAge,Tex_CD8,TNIP3,0.088732558
tAge,Tex_CD8,TNRC6C,-0.554965007
tAge,Tex_CD8,TP53TG1,0.351948411
tAge,Tex_CD8,TPM4,-0.345560361
tAge,Tex_CD8,TRABD2A,0.859390001
tAge,Tex_CD8,TRAV1-2,1.806753333
tAge,Tex_CD8,TRAV20,3.615762807
tAge,Tex_CD8,TRAV22,-0.896464028
tAge,Tex_CD8,TRAV25,0.386942013
tAge,Tex_CD8,TRAV36DV7,-2.425580441
tAge,Tex_CD8,TRBJ1-3,47.73502885
tAge,Tex_CD8,TRBV10-2,6.602371123
tAge,Tex_CD8,TRBV12-1,-34.14582077
tAge,Tex_CD8,TRBV7-9,1.007758475
tAge,Tex_CD8,TRIM24,0.736647652
tAge,Tex_CD8,TRNP1,21.35190627
tAge,Tex_CD8,TRPS1,0.00666795
tAge,Tex_CD8,TTC7B,-2.30491005
tAge,Tex_CD8,TTTY14,-0.011345227
tAge,Tex_CD8,TUFM,0.711486332
tAge,Tex_CD8,TXNDC15,0.195868473
tAge,Tex_CD8,TXNL1,1.869619016
tAge,Tex_CD8,UBASH3B,-0.963054782
tAge,Tex_CD8,UBE2D3,1.098592286
tAge,Tex_CD8,UBE2Q2,-1.570380408
tAge,Tex_CD8,UBE3B,0.940831928
tAge,Tex_CD8,UBOX5,0.476906756
tAge,Tex_CD8,UCK2,0.263160109
tAge,Tex_CD8,UPF3A,1.168816558
tAge,Tex_CD8,USP13,-2.506386618
tAge,Tex_CD8,USP44,4.156688982
tAge,Tex_CD8,UXS1,-1.849211841
tAge,Tex_CD8,VAV3,-1.686536777
tAge,Tex_CD8,VMP1,0.462197343
tAge,Tex_CD8,WDR48,0.023955447
tAge,Tex_CD8,WDR75,0.032659895
tAge,Tex_CD8,WFDC5,141.8624221
tAge,Tex_CD8,WIPF2,0.051469225
tAge,Tex_CD8,WNT16,-45.01991278
tAge,Tex_CD8,WRNIP1,0.472736093
tAge,Tex_CD8,XIAP,-0.20242516
tAge,Tex_CD8,XIST,-0.048104104
tAge,Tex_CD8,XRCC3,0.972144861
tAge,Tex_CD8,XYLT1,-2.001161361
tAge,Tex_CD8,YIPF6,2.351645159
tAge,Tex_CD8,ZBTB20-AS1,0.431436582
tAge,Tex_CD8,ZBTB38,0.075072467
tAge,Tex_CD8,ZC3H8,0.397226277
tAge,Tex_CD8,ZFAND2B,0.663111097
tAge,Tex_CD8,ZFP30,-0.347592611
tAge,Tex_CD8,ZNF154,-6.025700227
tAge,Tex_CD8,ZNF197,0.140937514
tAge,Tex_CD8,ZNF229,-32.9576764
tAge,Tex_CD8,ZNF267,0.987362292
tAge,Tex_CD8,ZNF280C,0.063770951
tAge,Tex_CD8,ZNF295-AS1,-1.307823085
tAge,Tex_CD8,ZNF302,-0.302034899
tAge,Tex_CD8,ZNF341-AS1,9.668685131
tAge,Tex_CD8,ZNF385B,3.457648927
tAge,Tex_CD8,ZNF429,-0.18370704
tAge,Tex_CD8,ZNF439,-1.613081844
tAge,Tex_CD8,ZNF440,-0.460174927
tAge,Tex_CD8,ZNF518B,-1.010554627
tAge,Tex_CD8,ZNF521,-4.471758039
tAge,Tex_CD8,ZNF563,-0.730368489
tAge,Tex_CD8,ZNF609,-0.583586519
tAge,Tex_CD8,ZNF626,-1.771475369
tAge,Tex_CD8,ZNF628,3.232672218
tAge,Tex_CD8,ZNF677,-3.94599824
tAge,Tex_CD8,ZNF683,-1.169840032
tAge,Tex_CD8,ZNF69,-0.330553581
tAge,Tex_CD8,ZNF746,1.003256091
tAge,Tex_CD8,ZNF813,-0.384883122
tAge,Tex_CD8,ZNF831,-1.426843349
tAge,Tex_CD8,ZSWIM1,-19.71074899
tAge,Tex_CD8,ZSWIM3,1.786990633
tAge,NK1,(Intercept),57.97476514
tAge,NK1,ABCA9,-0.356423731
tAge,NK1,ABHD15-AS1,1.619935658
tAge,NK1,ACIN1,-0.656076265
tAge,NK1,ACP6,-0.976105603
tAge,NK1,ACTR1B,1.780261263
tAge,NK1,ACY3,-0.782119659
tAge,NK1,ADARB1,-0.647961561
tAge,NK1,ADCY2,5.390378764
tAge,NK1,ADGRD1,-4.412671103
tAge,NK1,ADGRG3,0.788119016
tAge,NK1,ADGRL2,-0.083192157
tAge,NK1,ADPGK-AS1,6.267338841
tAge,NK1,AKIP1,-1.901555574
tAge,NK1,AKR7A3,5.538435323
tAge,NK1,ALDH8A1,2.072981126
tAge,NK1,ALG11,0.174352194
tAge,NK1,AMDHD1,-0.100048294
tAge,NK1,AMZ1,-17.08400522
tAge,NK1,AMZ2,1.143703859
tAge,NK1,ANK2,4.14123606
tAge,NK1,ANK3,-0.183984354
tAge,NK1,ANKRD53,92.82498138
tAge,NK1,APOBEC2,12.13315602
tAge,NK1,ARF5,-0.447523843
tAge,NK1,ARHGAP15,-0.842940392
tAge,NK1,ARHGAP4,0.546114048
tAge,NK1,ARL5C,16.49548036
tAge,NK1,ARL6IP5,0.1159785
tAge,NK1,ARMCX5,-0.03749804
tAge,NK1,ASB16,2.219842681
tAge,NK1,ASB6,-1.604554371
tAge,NK1,ASMTL-AS1,-4.742029183
tAge,NK1,ASTL,-0.927850316
tAge,NK1,ATCAY,13.94307811
tAge,NK1,ATP10B,-2.86631657
tAge,NK1,ATP1A3,10.15307527
tAge,NK1,ATP5F1D,1.734610522
tAge,NK1,AURKA,-2.037529105
tAge,NK1,AVIL,-3.01676503
tAge,NK1,B4GALNT4,-9.744663485
tAge,NK1,B4GALT2,11.0159822
tAge,NK1,B4GALT7,-6.353742948
tAge,NK1,BAG3,4.571725856
tAge,NK1,BBS12,-0.221814382
tAge,NK1,BCL2A1,0.221189859
tAge,NK1,BCL2L11,0.276170406
tAge,NK1,BCL3,-0.799444606
tAge,NK1,BCO2,0.002375268
tAge,NK1,BEGAIN,-11.98544103
tAge,NK1,BEST1,14.17437119
tAge,NK1,BEST4,46.56878611
tAge,NK1,BIVM,-0.10962551
tAge,NK1,BNIP1,-1.535404536
tAge,NK1,BRD7,0.263494323
tAge,NK1,BRINP1,36.02921719
tAge,NK1,C2,-0.196188114
tAge,NK1,C3orf33,0.663234271
tAge,NK1,C4orf50,2.298041857
tAge,NK1,C5AR2,2.001508767
tAge,NK1,CA1,41.51153736
tAge,NK1,CA3,2.253293094
tAge,NK1,CA5B,-0.703960773
tAge,NK1,CACTIN,-2.543223693
tAge,NK1,CANT1,-0.499395274
tAge,NK1,CAPN5,-8.12493071
tAge,NK1,CCBE1,9.1446649
tAge,NK1,CCDC192,-8.67933598
tAge,NK1,CCDC34,-1.073372735
tAge,NK1,CCDC74A,0.900936315
tAge,NK1,CCR2,-1.470289542
tAge,NK1,CD200R1,-0.642824132
tAge,NK1,CDKL5,-0.21887834
tAge,NK1,CDPF1,1.485616787
tAge,NK1,CEP19,-2.711462389
tAge,NK1,CFAP47,13.71339758
tAge,NK1,CFAP52,-0.976310445
tAge,NK1,CFAP69,3.782916104
tAge,NK1,CHD7,-0.127233873
tAge,NK1,CHDH,11.61540945
tAge,NK1,CHRDL1,-17.40242294
tAge,NK1,CISH,-2.372939765
tAge,NK1,CLNK,-0.037732178
tAge,NK1,CLPTM1L,-0.357075334
tAge,NK1,CNKSR3,-12.20924866
tAge,NK1,CNN3,-17.64665027
tAge,NK1,CNOT8,0.096856738
tAge,NK1,COL1A1,-24.27645779
tAge,NK1,COL28A1,-4.162974783
tAge,NK1,COL6A6,-6.060891743
tAge,NK1,COPS3,-0.770166633
tAge,NK1,COX7B,-0.583748332
tAge,NK1,CRTAP,-1.450929296
tAge,NK1,CSGALNACT1,-0.218098413
tAge,NK1,CSNK1D,-0.811907634
tAge,NK1,CSRNP2,0.695813086
tAge,NK1,CXorf58,3.627978837
tAge,NK1,CYP2D6,0.160589216
tAge,NK1,DBNDD2,-15.59377361
tAge,NK1,DCBLD1,1.353540273
tAge,NK1,DDX3Y,0.400332895
tAge,NK1,DDX6,-0.148249876
tAge,NK1,DENND6A,0.80143907
tAge,NK1,DHDH,-6.84046494
tAge,NK1,DHRS7,0.714567038
tAge,NK1,DLGAP5,-11.65070347
tAge,NK1,DNMBP,0.799134839
tAge,NK1,DNMT3B,-5.590914352
tAge,NK1,ECHS1,-1.527783118
tAge,NK1,EDA,-0.513816638
tAge,NK1,ELF3-AS1,12.14266861
tAge,NK1,ELMO1,-0.048246256
tAge,NK1,EMID1,-0.212942123
tAge,NK1,EML6,3.669191406
tAge,NK1,EPDR1,2.462464837
tAge,NK1,EPN2-AS1,19.7834561
tAge,NK1,EPOR,3.109580603
tAge,NK1,ERCC6L,-2.063323544
tAge,NK1,ERI3,-0.016502542
tAge,NK1,ESR2,1.162389824
tAge,NK1,ETFB,-0.526997154
tAge,NK1,ETS2,-11.298705
tAge,NK1,EXD3,-0.733825015
tAge,NK1,EXOC1,0.60573744
tAge,NK1,FAAH,3.869192689
tAge,NK1,FADS1,-6.040181942
tAge,NK1,FAM86B1,4.910000047
tAge,NK1,FAT3,4.273370972
tAge,NK1,FHAD1,7.731208623
tAge,NK1,FITM1,22.64942776
tAge,NK1,FLVCR1-DT,-10.45544823
tAge,NK1,FOSL1,3.96697436
tAge,NK1,FRY-AS1,6.923845084
tAge,NK1,FSIP2,-1.341663836
tAge,NK1,FXYD5,-0.193134024
tAge,NK1,GABPB1-AS1,-1.01882878
tAge,NK1,GADD45A,-2.536082831
tAge,NK1,GALNT1,-0.026578078
tAge,NK1,GCM1,-1.930479988
tAge,NK1,gender,0.892303602
tAge,NK1,GFPT1,-0.116138987
tAge,NK1,GGA1,0.436735935
tAge,NK1,GLIPR1L1,12.1521738
tAge,NK1,GLIPR2,-0.377601218
tAge,NK1,GMDS-DT,0.060889789
tAge,NK1,GNG12-AS1,47.85467964
tAge,NK1,GOLM1,-1.163685089
tAge,NK1,GPAA1,3.069265713
tAge,NK1,GPCPD1,0.100784097
tAge,NK1,GPR160,-0.568418779
tAge,NK1,GPS2,-0.536797464
tAge,NK1,GRAPL,-5.218318462
tAge,NK1,GREB1L,-7.451343667
tAge,NK1,GSN,-0.196564679
tAge,NK1,GSR,0.736885361
tAge,NK1,GSTM1,-5.741553414
tAge,NK1,GSTP1,0.944738705
tAge,NK1,GZMA,0.494480574
tAge,NK1,GZMB,0.806434414
tAge,NK1,GZMH,0.119211509
tAge,NK1,HDDC3,-2.88638086
tAge,NK1,HEXIM1,-0.379287556
tAge,NK1,HIPK4,1.49708718
tAge,NK1,HIST1H2AG,0.026971829
tAge,NK1,HIST1H4C,0.830696481
tAge,NK1,HIST3H2BB,-6.020401752
tAge,NK1,HLA-DRB5,1.792539069
tAge,NK1,HTT,0.460288828
tAge,NK1,ICA1,-0.589980715
tAge,NK1,ICE2,-0.087392526
tAge,NK1,ICOSLG,-11.290279
tAge,NK1,IFNG-AS1,-0.3371025
tAge,NK1,IGHA1,1.534103144
tAge,NK1,IGKV1-39,1.99348199
tAge,NK1,IGSF3,29.21685133
tAge,NK1,IL1R2,-20.06967622
tAge,NK1,IL2RA,-0.637759247
tAge,NK1,IRAK3,-0.080584418
tAge,NK1,IRF4,0.907566465
tAge,NK1,ISCA2,0.105364849
tAge,NK1,JOSD2,-6.353695482
tAge,NK1,JSRP1,-18.28365213
tAge,NK1,KCNK9,3.587241853
tAge,NK1,KCP,-8.025532021
tAge,NK1,KIF3A,0.087102369
tAge,NK1,KIT,-0.352888572
tAge,NK1,KLHL13,-0.699639435
tAge,NK1,KLHL31,-1.060446061
tAge,NK1,KRAS,-0.249611692
tAge,NK1,LACC1,1.673221335
tAge,NK1,LAIR2,0.667031765
tAge,NK1,LAMC1,-22.98900488
tAge,NK1,LCNL1,22.35512325
tAge,NK1,LDLRAP1,0.778633653
tAge,NK1,LGALS8-AS1,-19.05422901
tAge,NK1,LHFPL2,5.939928844
tAge,NK1,LIM2,-3.01466524
tAge,NK1,LINC-ROR,11.92879558
tAge,NK1,LINC00299,-0.82242073
tAge,NK1,LINC00352,85.39445257
tAge,NK1,LINC00520,14.27978094
tAge,NK1,LINC00607,21.28098478
tAge,NK1,LINC01606,-26.99102817
tAge,NK1,LINC01725,-1.172810972
tAge,NK1,LINC01871,0.596543501
tAge,NK1,LINC01887,17.20428296
tAge,NK1,LINC01924,30.13155098
tAge,NK1,LINC02035,1.094416598
tAge,NK1,LINC02068,6.627905119
tAge,NK1,LINC02373,-49.31416673
tAge,NK1,LINC02404,-4.781900614
tAge,NK1,LINC02413,-1.899879249
tAge,NK1,LINC02444,0.202065093
tAge,NK1,LMTK3,27.81192779
tAge,NK1,LPA,7.105243327
tAge,NK1,LRP12,-0.449874831
tAge,NK1,LRP4,-10.36445303
tAge,NK1,LRPPRC,-0.60167576
tAge,NK1,LRRC37B,-0.223907061
tAge,NK1,LRRN1,-3.39624766
tAge,NK1,LRSAM1,0.425660871
tAge,NK1,LYST,0.360877162
tAge,NK1,MACF1,-0.371469649
tAge,NK1,MAFIP,-0.18922431
tAge,NK1,MANEA-DT,0.718278593
tAge,NK1,MAPKAPK2,-0.498360431
tAge,NK1,MCC,-1.286711477
tAge,NK1,MCMBP,-0.304173293
tAge,NK1,MCOLN2,0.128780912
tAge,NK1,MDC1-AS1,3.895279524
tAge,NK1,ME2,0.193079144
tAge,NK1,MEF2A,-0.214836884
tAge,NK1,MEN1,-0.044674778
tAge,NK1,METTL22,-0.325763033
tAge,NK1,MEX3A,6.329217396
tAge,NK1,MGAT5,-0.149465856
tAge,NK1,MID2,-0.22056825
tAge,NK1,MIF4GD,2.817375175
tAge,NK1,MIR200CHG,-6.702769638
tAge,NK1,MLH1,0.645185807
tAge,NK1,MLXIP,-0.567089999
tAge,NK1,MOGAT1,-12.3151573
tAge,NK1,MON1B,0.440492041
tAge,NK1,MORF4L2-AS1,1.473487948
tAge,NK1,MPRIP,-0.550587365
tAge,NK1,MROH8,2.144300684
tAge,NK1,MROH9,0.292865201
tAge,NK1,MRPL22,0.018381166
tAge,NK1,MRTO4,-2.088709793
tAge,NK1,MS4A4A,16.56930739
tAge,NK1,MS4A4E,14.35228624
tAge,NK1,MTAP,0.344116645
tAge,NK1,MTCH2,0.177268286
tAge,NK1,MTCP1,3.735599066
tAge,NK1,MTO1,1.142277836
tAge,NK1,NANP,5.858492897
tAge,NK1,NARS2,-0.363444213
tAge,NK1,NBPF15,-0.685859807
tAge,NK1,NBPF26,-0.110150555
tAge,NK1,NCDN,5.334936055
tAge,NK1,NCR1,0.281717669
tAge,NK1,NDUFA11,0.74865729
tAge,NK1,NEDD4L,-0.359652932
tAge,NK1,NEK1,0.481427626
tAge,NK1,NEK10,0.750004765
tAge,NK1,NEK5,2.568277524
tAge,NK1,NEK6,-0.739030519
tAge,NK1,NIPAL1,-1.668097525
tAge,NK1,NKILA,-9.214097298
tAge,NK1,NOS1AP,0.461195482
tAge,NK1,NOXRED1,1.167284467
tAge,NK1,NPIPB12,-0.399381067
tAge,NK1,NRG4,-1.94835732
tAge,NK1,NUS1,0.097452329
tAge,NK1,NYAP2,-0.936468406
tAge,NK1,OLFML3,-87.55079042
tAge,NK1,OR5B2,11.895108
tAge,NK1,ORM2,21.99366436
tAge,NK1,OTUD1,-0.466308348
tAge,NK1,P3H1,0.172619084
tAge,NK1,P4HB,-0.722800443
tAge,NK1,PADI4,7.623277249
tAge,NK1,PAGE2B,-20.71298899
tAge,NK1,PARP4,-0.490798137
tAge,NK1,PBX1,-0.700560609
tAge,NK1,PCBD1,-2.141428743
tAge,NK1,PDZK1IP1,4.097826662
tAge,NK1,PEAK1,-0.268926629
tAge,NK1,PELI1,0.538191414
tAge,NK1,PFKFB4,4.994427396
tAge,NK1,PGBD2,0.12613779
tAge,NK1,PHACTR2-AS1,21.27720351
tAge,NK1,PHF10,0.329830563
tAge,NK1,PINCR,20.01121285
tAge,NK1,PKIA-AS1,-7.602581089
tAge,NK1,PLA2G10,-2.426514844
tAge,NK1,PLA2R1,-10.96738989
tAge,NK1,PLAG1,-1.13782548
tAge,NK1,PLCL2,-0.06816677
tAge,NK1,PLEKHA5,-0.113932451
tAge,NK1,PLK1,1.022123401
tAge,NK1,PLSCR4,1.943205874
tAge,NK1,PLXNA1,11.07469596
tAge,NK1,POLR2C,-0.872079454
tAge,NK1,POT1,-0.437615184
tAge,NK1,POU1F1,2.698400605
tAge,NK1,PPM1F,0.104224926
tAge,NK1,PRKG1,-0.07765261
tAge,NK1,PRKN,-0.337222576
tAge,NK1,PROM2,9.184143919
tAge,NK1,PRR5L,0.259887137
tAge,NK1,PRRC2A,-0.68367192
tAge,NK1,PRRT2,-2.793748032
tAge,NK1,PSEN2,-0.657381801
tAge,NK1,PSME1,-0.144339653
tAge,NK1,PTK6,-13.69278584
tAge,NK1,PTPRM,-0.577816965
tAge,NK1,PUS1,0.803291232
tAge,NK1,RAB11FIP5,-1.888971468
tAge,NK1,RAD1,1.153644721
tAge,NK1,RALGPS2,-0.103228784
tAge,NK1,RAPGEF5,0.564986664
tAge,NK1,RASL11A,-10.44031934
tAge,NK1,RBPMS,-0.827453695
tAge,NK1,RCAN3,-0.65200575
tAge,NK1,RGS2,0.872940242
tAge,NK1,RIOX2,-0.710540514
tAge,NK1,RIPK2,1.093386883
tAge,NK1,RMND5A,-0.093257189
tAge,NK1,RNF19A,0.093304807
tAge,NK1,RNF212B,-2.558510749
tAge,NK1,RNF7,-0.185420023
tAge,NK1,RPL36,0.69612305
tAge,NK1,RPP25L,-7.257924547
tAge,NK1,RPS6KA3,-0.459332255
tAge,NK1,RRAGC,0.598177058
tAge,NK1,RRH,-7.899254073
tAge,NK1,SAC3D1,1.671668801
tAge,NK1,SAMM50,-0.226831686
tAge,NK1,SCART1,-0.588288443
tAge,NK1,SCD,10.25397244
tAge,NK1,SCMH1,-0.879952242
tAge,NK1,SCUBE3,-5.559736671
tAge,NK1,SEC22B,0.087852245
tAge,NK1,SEC23A-AS1,-0.496589149
tAge,NK1,SEC61A2,0.398520236
tAge,NK1,SEMA6A-AS2,13.51972397
tAge,NK1,SERBP1,-0.05148718
tAge,NK1,SERINC3,0.009557572
tAge,NK1,SERPINB9,1.241384387
tAge,NK1,SHROOM4,-3.062937537
tAge,NK1,SHTN1,-2.617244062
tAge,NK1,SIL1,0.149794759
tAge,NK1,SLC13A3,1.034483177
tAge,NK1,SLC16A11,-12.6943359
tAge,NK1,SLC23A2,-0.584150272
tAge,NK1,SLC27A1,-1.761891292
tAge,NK1,SLC2A4RG,-0.937175152
tAge,NK1,SLC30A4,-0.318331477
tAge,NK1,SLC35G1,2.326773344
tAge,NK1,SLC38A5,-2.980895756
tAge,NK1,SLC39A8,-0.130607442
tAge,NK1,SLC45A4,-0.286785514
tAge,NK1,SLC4A9,0.864726426
tAge,NK1,SLC8A1,-0.30166732
tAge,NK1,SLC8A1-AS1,-8.087531344
tAge,NK1,SMARCD1,0.940400932
tAge,NK1,SMURF2,-0.197438772
tAge,NK1,SNAP25-AS1,-7.488656802
tAge,NK1,SNRNP25,-6.979234523
tAge,NK1,SOCS4,0.12186782
tAge,NK1,SORD,-2.413552123
tAge,NK1,SOX4,-1.378977914
tAge,NK1,SP2-AS1,22.27274676
tAge,NK1,SPATA13-AS1,17.60598285
tAge,NK1,SPDEF,11.97657423
tAge,NK1,SPRYD4,0.115930586
tAge,NK1,SREK1IP1,0.218060473
tAge,NK1,SRGAP2C,-0.458309659
tAge,NK1,ST13,-0.1057519
tAge,NK1,ST20-MTHFS,-0.202557743
tAge,NK1,ST3GAL6,5.675329915
tAge,NK1,STK11IP,0.485654777
tAge,NK1,STK25,-1.078371205
tAge,NK1,STK38L,-0.239200609
tAge,NK1,STX11,0.61487034
tAge,NK1,SULF2,6.9040465
tAge,NK1,SVEP1,7.321063675
tAge,NK1,SVIL,-0.144633835
tAge,NK1,SYK,-0.44869932
tAge,NK1,TAS2R3,85.39907079
tAge,NK1,TEX14,-0.007874235
tAge,NK1,TEX35,-3.588861723
tAge,NK1,TH2LCRR,-4.565567199
tAge,NK1,THAP3,1.058953383
tAge,NK1,THBS1,-0.721876731
tAge,NK1,THBS4,-3.525270382
tAge,NK1,TIGAR,0.029476979
tAge,NK1,TKTL1,8.302393923
tAge,NK1,TMEM185A,-0.883478976
tAge,NK1,TMEM220-AS1,1.053286683
tAge,NK1,TMEM242,0.432775044
tAge,NK1,TMEM254-AS1,2.463351567
tAge,NK1,TNFRSF1B,0.394109838
tAge,NK1,TNFSF15,-32.96178349
tAge,NK1,TONSL,-3.788230917
tAge,NK1,TPK1,-0.347514462
tAge,NK1,TRAF1,1.32358618
tAge,NK1,TRAJ47,-0.612674637
tAge,NK1,TRAJ8,15.85919161
tAge,NK1,TRAPPC11,0.208534113
tAge,NK1,TRAV17,0.088639711
tAge,NK1,TRAV3,6.108851245
tAge,NK1,TRAV41,-10.27156092
tAge,NK1,TRBV23-1,-3.299437358
tAge,NK1,TREML2,-1.391512121
tAge,NK1,TRIM23,0.666797468
tAge,NK1,TRIM3,-1.033824572
tAge,NK1,TRIM41,2.868285375
tAge,NK1,TRIM52,-0.143673271
tAge,NK1,TRIM59,1.364726811
tAge,NK1,TRIP11,0.625525001
tAge,NK1,TRMT61A,-1.745178979
tAge,NK1,TRPM8,-0.401172197
tAge,NK1,TRPV3,3.747140271
tAge,NK1,TSC22D1-AS1,-2.793850016
tAge,NK1,TSC22D3,-0.207656947
tAge,NK1,TSHR,6.12265011
tAge,NK1,TSNAX-DISC1,-0.652040051
tAge,NK1,TTC16,3.342056787
tAge,NK1,TTC33,-0.062381704
tAge,NK1,TTL,1.671033517
tAge,NK1,TTPAL,0.56465015
tAge,NK1,TUBB,-2.035000994
tAge,NK1,TUBB1,0.991711562
tAge,NK1,UBAC2-AS1,4.017845065
tAge,NK1,UBE2L6,0.336291772
tAge,NK1,UBE2Q1,1.21717062
tAge,NK1,UQCC3,5.83099794
tAge,NK1,USP28,0.120645751
tAge,NK1,USP38,0.347544689
tAge,NK1,UTS2,0.303352387
tAge,NK1,VAPB,0.221111047
tAge,NK1,VLDLR-AS1,49.95747775
tAge,NK1,VPS13C,0.614688154
tAge,NK1,VPS26C,-0.653886817
tAge,NK1,WAPL,0.023244424
tAge,NK1,WDR17,-1.826230988
tAge,NK1,WDR88,-0.746606993
tAge,NK1,WWC2-AS2,-13.02703049
tAge,NK1,XKR9,3.63704247
tAge,NK1,XRCC2,-5.68231629
tAge,NK1,YARS2,1.157570854
tAge,NK1,ZAR1,-51.1462831
tAge,NK1,ZBTB20-AS1,1.26047616
tAge,NK1,ZDHHC6,0.508503534
tAge,NK1,ZEB2,0.088510473
tAge,NK1,ZFHX3,-0.522660833
tAge,NK1,ZFP36L2,0.075554955
tAge,NK1,ZNF135,-0.983594514
tAge,NK1,ZNF154,-0.953791695
tAge,NK1,ZNF25,1.659129834
tAge,NK1,ZNF324B,0.153122754
tAge,NK1,ZNF521,-0.204903726
tAge,NK1,ZNF541,-2.102129152
tAge,NK1,ZNF616,-0.879625875
tAge,NK1,ZNF707,0.735850716
tAge,NK1,ZNF789,0.417548209
tAge,NK1,ZNF790,-0.04943552
tAge,NK1,ZNRF2,-0.269763939
tAge,NK1,ZSCAN20,-2.219738469
tAge,NK1,ZW10,2.644514149
tAge,NK1,ZXDB,-1.064249075
tAge,Tem,(Intercept),53.78167617
tAge,Tem,A2M-AS1,-0.290421329
tAge,Tem,AASS,2.737804234
tAge,Tem,ABCA13,-12.69860223
tAge,Tem,ABCG1,1.987416069
tAge,Tem,ABHD2,1.166534692
tAge,Tem,ABLIM1,-0.735296299
tAge,Tem,ACP5,5.527562592
tAge,Tem,ACSL4,0.144234003
tAge,Tem,ACTA2,0.02410362
tAge,Tem,ADAM12,-0.247341835
tAge,Tem,ADAMTS10,-2.50502949
tAge,Tem,ADCY9,-0.44910614
tAge,Tem,ADGRA3,-2.583812232
tAge,Tem,ADGRG5,-0.750670703
tAge,Tem,ADPGK,-0.839875731
tAge,Tem,AFAP1,-1.12677694
tAge,Tem,AGAP1,-0.580624268
tAge,Tem,AGBL4,0.280566744
tAge,Tem,AGR2,50.21428895
tAge,Tem,AIFM2,1.1384766
tAge,Tem,ALCAM,0.625315014
tAge,Tem,ALG10,-1.3303497
tAge,Tem,ANAPC10,0.395953791
tAge,Tem,ANAPC4,0.345032742
tAge,Tem,ANGEL1,-0.273085021
tAge,Tem,ANGEL2,1.192478332
tAge,Tem,ANK1,-0.487869379
tAge,Tem,ANK3,0.429874749
tAge,Tem,ANKRD10,-2.198918822
tAge,Tem,ANKRD28,-0.347558443
tAge,Tem,ANKRD61,3.355772181
tAge,Tem,ANO10,-2.980896685
tAge,Tem,ANTXR2,0.627402996
tAge,Tem,AP1S3,0.659681024
tAge,Tem,APOE,87.14944071
tAge,Tem,ARHGAP22,-1.70375153
tAge,Tem,ARHGEF10L,11.02471519
tAge,Tem,ARID5B,0.392960736
tAge,Tem,ARMCX1,-23.38562229
tAge,Tem,ARRDC3,0.30291599
tAge,Tem,ARRDC4,-9.800156874
tAge,Tem,ASAP2,-0.572528746
tAge,Tem,ASCC3,0.806996576
tAge,Tem,ATF7IP,0.685149619
tAge,Tem,ATF7IP2,-0.052708382
tAge,Tem,ATG9B,-1.023656347
tAge,Tem,ATP6V0A1,-1.018532673
tAge,Tem,ATP6V1A,0.124758262
tAge,Tem,ATP6V1G3,18.47004107
tAge,Tem,ATP8A1,0.437886847
tAge,Tem,ATP8A2,-5.541524112
tAge,Tem,ATXN1,0.798957878
tAge,Tem,AURKAIP1,-1.601162343
tAge,Tem,B3GNT2,0.279529967
tAge,Tem,B4GALNT4,-36.44854743
tAge,Tem,B4GALT7,-2.468289054
tAge,Tem,BANK1,-0.895311306
tAge,Tem,BBOX1,-173.7904409
tAge,Tem,BCAS4,0.048703189
tAge,Tem,BCAT2,-1.179003349
tAge,Tem,BDP1,0.392437196
tAge,Tem,BHMT,-32.89480367
tAge,Tem,BICRA-AS1,8.950073293
tAge,Tem,BLK,-0.129857281
tAge,Tem,BLVRA,0.983291536
tAge,Tem,BMP2K,1.333306498
tAge,Tem,BMPER,-0.806342898
tAge,Tem,BRCA2,2.020183802
tAge,Tem,BRINP1,5.954121037
tAge,Tem,BSN,-2.301694579
tAge,Tem,BTBD19,1.40420922
tAge,Tem,BTF3L4,-2.417058998
tAge,Tem,BTN3A1,1.0062349
tAge,Tem,C13orf46,1.383847269
tAge,Tem,C15orf62,-62.28539568
tAge,Tem,C17orf49,2.073676709
tAge,Tem,C20orf144,2.271082179
tAge,Tem,C2orf42,1.126700221
tAge,Tem,C5orf34,-3.321573102
tAge,Tem,C5orf58,3.767688583
tAge,Tem,C9orf163,32.04774578
tAge,Tem,CA13,1.190975871
tAge,Tem,CA3,0.524747704
tAge,Tem,CADM1,0.597568859
tAge,Tem,CALML4,-5.827723891
tAge,Tem,CAMK1D,-0.884800522
tAge,Tem,CARD8-AS1,-0.36590149
tAge,Tem,CASC8,-0.612899104
tAge,Tem,CASP7,0.566771139
tAge,Tem,CBLL1,-0.257628466
tAge,Tem,CCDC61,0.504284426
tAge,Tem,CCDC82,0.205227584
tAge,Tem,CCDC88A,-0.468207908
tAge,Tem,CCER2,-34.4831632
tAge,Tem,CCND3,-0.021234138
tAge,Tem,CCNJ,1.591586072
tAge,Tem,CCR1,0.943362731
tAge,Tem,CCR4,0.972507117
tAge,Tem,CD101,0.773247601
tAge,Tem,CD247,-1.285887481
tAge,Tem,CD33,-57.79479206
tAge,Tem,CD5,0.490954889
tAge,Tem,CD81,0.854058359
tAge,Tem,CD84,0.169008152
tAge,Tem,CD86,1.643666758
tAge,Tem,CDC14A,-0.474938527
tAge,Tem,CDCA7,2.218722212
tAge,Tem,CDH20,-7.114173553
tAge,Tem,CDHR3,0.212515628
tAge,Tem,CDK19,-0.125286744
tAge,Tem,CDKN2A,0.905788092
tAge,Tem,CDYL2,0.362468434
tAge,Tem,CEACAM19,16.61900911
tAge,Tem,CELF2,-0.316379814
tAge,Tem,CEMIP,0.00843549
tAge,Tem,CENPO,2.06779838
tAge,Tem,CENPV,-0.927660406
tAge,Tem,CEP112,0.126171273
tAge,Tem,CEP152,-0.247103717
tAge,Tem,CEP295,2.53833601
tAge,Tem,CEP68,0.081378473
tAge,Tem,CEP78,1.049119656
tAge,Tem,CERS6,-0.5911902
tAge,Tem,CFAP61,0.706704426
tAge,Tem,CHGB,7.140674857
tAge,Tem,CHN1,0.098323875
tAge,Tem,CHODL,-0.532087709
tAge,Tem,CHRM3-AS2,-0.938753062
tAge,Tem,CHRNB1,1.761311112
tAge,Tem,CHSY3,7.399506199
tAge,Tem,CLIC2,3.3472964
tAge,Tem,CLN5,2.332969324
tAge,Tem,CLSPN,1.735401354
tAge,Tem,CLTB,0.389688196
tAge,Tem,CLVS1,-1.812711799
tAge,Tem,CMC2,0.087227227
tAge,Tem,CMTM8,-0.873287882
tAge,Tem,CNGB1,3.754026702
tAge,Tem,COA6,1.655149147
tAge,Tem,COMMD6,1.403696138
tAge,Tem,COX6C,1.52584177
tAge,Tem,COX8A,0.110718229
tAge,Tem,CPNE2,-1.406374353
tAge,Tem,CPNE8,0.521300878
tAge,Tem,CRACR2A,-0.183405512
tAge,Tem,CRCP,-0.027291468
tAge,Tem,CREB3L2,-1.426161681
tAge,Tem,CRIP2,2.607864403
tAge,Tem,CROCC2,12.27459682
tAge,Tem,CSF1,9.938776549
tAge,Tem,CTIF,-0.082774426
tAge,Tem,CTNND2,-1.338726021
tAge,Tem,CTSW,-0.661831188
tAge,Tem,CUBN,-1.316291094
tAge,Tem,CUX1,-0.478922876
tAge,Tem,CXCL10,22.37774299
tAge,Tem,CXCL5,20.8130482
tAge,Tem,CXCR6,0.118288696
tAge,Tem,CYP2E1,0.493625156
tAge,Tem,CYP2W1,242.0550359
tAge,Tem,CYP7B1,0.919560169
tAge,Tem,CYTH2,-0.183956807
tAge,Tem,CYTOR,0.054242573
tAge,Tem,DAPK2,2.007510417
tAge,Tem,DCTN1,0.082629334
tAge,Tem,DDB2,1.282152755
tAge,Tem,DENND4C,-0.053350781
tAge,Tem,DEPDC1B,0.392376082
tAge,Tem,DGKE,0.467770734
tAge,Tem,DHX32,-2.255623715
tAge,Tem,DIAPH2,0.784221035
tAge,Tem,DIRC3,-0.306727307
tAge,Tem,DKK3,2.428857341
tAge,Tem,DLEU2,0.380231098
tAge,Tem,DLEU7,-1.607114503
tAge,Tem,DLG2,-0.21822371
tAge,Tem,DMAC1,-2.564016144
tAge,Tem,DMRTA2,-0.366413681
tAge,Tem,DMXL1,0.254320104
tAge,Tem,DNAJB8-AS1,-5.184018057
tAge,Tem,DNHD1,-0.788469938
tAge,Tem,DNMT3A,-1.108497604
tAge,Tem,DOCK1,-11.28802909
tAge,Tem,DOCK10,-0.185506961
tAge,Tem,DOCK5,0.59775293
tAge,Tem,DTX1,-9.444882588
tAge,Tem,DTYMK,-1.66392793
tAge,Tem,DUS4L,-0.616927215
tAge,Tem,DYNC1LI1,0.376787915
tAge,Tem,EBF1,1.598433835
tAge,Tem,ECE2,184.8973853
tAge,Tem,ECT2,1.246181557
tAge,Tem,EFHC2,-2.179015872
tAge,Tem,EHF,-80.3346593
tAge,Tem,EIF2A,-0.15740616
tAge,Tem,ELAVL4,3.641970409
tAge,Tem,EML5,-0.121037943
tAge,Tem,ENDOG,2.702488886
tAge,Tem,ENO3,-1.115890588
tAge,Tem,ENTPD1,3.84175532
tAge,Tem,EPAS1,3.710940741
tAge,Tem,EPB41L4A,0.681847201
tAge,Tem,EPB41L4A-DT,71.03597711
tAge,Tem,EPHB1,0.076111656
tAge,Tem,EPS15,1.682744598
tAge,Tem,ERICH4,-8.172373558
tAge,Tem,ERVH48-1,-5.623590431
tAge,Tem,ESYT2,-1.645787562
tAge,Tem,EVPLL,-126.4848789
tAge,Tem,EXD1,-38.60023991
tAge,Tem,F2R,0.183088493
tAge,Tem,F8A2,-50.7892556
tAge,Tem,FAM117B,-0.375462291
tAge,Tem,FAM149B1,0.503932426
tAge,Tem,FAM178B,4.624392872
tAge,Tem,FAM209B,-4.136181402
tAge,Tem,FAM25C,156.5583181
tAge,Tem,FAM3C,-1.054195168
tAge,Tem,FAM66C,-1.013036747
tAge,Tem,FANCB,-0.504637684
tAge,Tem,FARSB,0.099323918
tAge,Tem,FBXL12,-0.462344728
tAge,Tem,FBXL3,1.668349429
tAge,Tem,FBXO21,-0.136165782
tAge,Tem,FBXO30,1.779709508
tAge,Tem,FBXO4,0.113443763
tAge,Tem,FBXO45,2.545060896
tAge,Tem,FBXW8,-0.645911823
tAge,Tem,FEN1,-3.95670466
tAge,Tem,FER1L6-AS1,-8.394210119
tAge,Tem,FGFR1,-0.787096448
tAge,Tem,FMC1,-5.34981586
tAge,Tem,FNDC10,8.619550269
tAge,Tem,FOXM1,-2.378750522
tAge,Tem,FRY,-0.046801435
tAge,Tem,FSBP,-1.078888803
tAge,Tem,FSD1L,3.480589388
tAge,Tem,FUBP3,-0.762618661
tAge,Tem,FUT7,-6.378442552
tAge,Tem,GAB4,-64.76272146
tAge,Tem,GABPB1-AS1,-0.645394801
tAge,Tem,GABRR1,-13.09442258
tAge,Tem,GALNS,-1.097006743
tAge,Tem,GATAD2A,-0.015952323
tAge,Tem,GCK,-11.28999235
tAge,Tem,GCNT2,0.369860603
tAge,Tem,GCOM1,10.07999164
tAge,Tem,GFI1,0.089295325
tAge,Tem,GGA2,1.142468938
tAge,Tem,GKAP1,2.200283042
tAge,Tem,GNAI1,-5.789135648
tAge,Tem,GNAO1,1.165824202
tAge,Tem,GOLGA6B,-8.14033317
tAge,Tem,GPCPD1,0.665465621
tAge,Tem,GPR37L1,-38.44546964
tAge,Tem,GPR52,0.376813884
tAge,Tem,GPR55,1.451896025
tAge,Tem,GPR88,-25.36922161
tAge,Tem,GTF2I,-1.073458058
tAge,Tem,GZMB,0.91842822
tAge,Tem,HACD3,-0.783801259
tAge,Tem,HAR1B,-0.569781885
tAge,Tem,HCG11,-0.440714459
tAge,Tem,HDAC2,-1.211366259
tAge,Tem,HEATR6,1.402531647
tAge,Tem,HECW2,-5.50927304
tAge,Tem,HEMK1,-0.389568036
tAge,Tem,HERC6,-0.913064366
tAge,Tem,HIC2,-0.727147251
tAge,Tem,HIF3A,77.93245973
tAge,Tem,HIST1H4F,-1.012020641
tAge,Tem,HIST1H4I,0.258005197
tAge,Tem,HIST3H2BB,-20.2052867
tAge,Tem,HLA-DPA1,0.17933356
tAge,Tem,HLA-DPB1,0.778053701
tAge,Tem,HLA-DQB1,0.567751149
tAge,Tem,HLA-DRA,0.108255981
tAge,Tem,HMGB1,-0.035387275
tAge,Tem,HMGB2,1.340610558
tAge,Tem,HMGN3,-1.153652644
tAge,Tem,HMGN3-AS1,-0.779857399
tAge,Tem,HOXA3,-15.40135769
tAge,Tem,HPRT1,0.322683717
tAge,Tem,HRH4,1.455611411
tAge,Tem,HS3ST3B1,-0.746733951
tAge,Tem,HSPA14,-3.096223235
tAge,Tem,HSPA8,-0.198516662
tAge,Tem,HTR1F,50.0971438
tAge,Tem,IDI2,36.74446881
tAge,Tem,IFIT5,1.211114188
tAge,Tem,IFNAR2,-0.902323654
tAge,Tem,IFNG-AS1,-0.148612737
tAge,Tem,IGF2R,-1.333971778
tAge,Tem,IGFBP3,2.023040028
tAge,Tem,IGFL2,-125.4654396
tAge,Tem,IGHD,-15.03448315
tAge,Tem,IGLV2-5,28.67758256
tAge,Tem,IL17RB,3.478393541
tAge,Tem,IL17RC,-6.169737444
tAge,Tem,IL1R2,-109.3725971
tAge,Tem,IL23R,-0.241504606
tAge,Tem,IL26,-3.375874768
tAge,Tem,INAFM1,-31.30182149
tAge,Tem,ING3,0.810597363
tAge,Tem,IRAK4,-0.74946051
tAge,Tem,IRF4,0.065024795
tAge,Tem,IRF7,6.289786459
tAge,Tem,IRS2,-0.503639286
tAge,Tem,ITCH,-0.023502092
tAge,Tem,ITK,0.132256997
tAge,Tem,ITPK1-AS1,-11.27270786
tAge,Tem,ITPR1,1.929827845
tAge,Tem,JAKMIP1,0.066568041
tAge,Tem,JAKMIP2,0.697724053
tAge,Tem,JARID2,-0.010696385
tAge,Tem,KATNAL1,0.92936865
tAge,Tem,KCNA2,0.477013215
tAge,Tem,KCNE1,-0.979619261
tAge,Tem,KCNH5,5.689505152
tAge,Tem,KCNMB2,14.83959843
tAge,Tem,KCNQ4,-12.75663397
tAge,Tem,KCTD12,-7.866097222
tAge,Tem,KCTD2,-0.875589212
tAge,Tem,KDM2B,1.024942733
tAge,Tem,KIAA0825,-0.117519762
tAge,Tem,KIAA1217,-2.973376088
tAge,Tem,KIF13B,0.905999227
tAge,Tem,KIF1B,0.380955566
tAge,Tem,KIF21A,0.033223414
tAge,Tem,KLF4,-8.19755134
tAge,Tem,KLHL33,-2.110607665
tAge,Tem,KLRC1,-0.24813424
tAge,Tem,KLRD1,-0.670572502
tAge,Tem,KLRF2,-93.32209775
tAge,Tem,KRTCAP2,0.340032112
tAge,Tem,LACTB2-AS1,-3.127159265
tAge,Tem,LAMA2,-2.828893436
tAge,Tem,LAMC3,0.777510925
tAge,Tem,LAT2,4.365076538
tAge,Tem,LATS2-AS1,-2.696517316
tAge,Tem,LDLRAD4,-0.489555393
tAge,Tem,LEKR1,-1.194903279
tAge,Tem,LGALS1,1.077745597
tAge,Tem,LGALS4,-0.72646075
tAge,Tem,LGR6,1.123976872
tAge,Tem,LINC00092,13.22398447
tAge,Tem,LINC00278,0.007324136
tAge,Tem,LINC00304,22.01197444
tAge,Tem,LINC00862,-0.296661747
tAge,Tem,LINC00921,-0.714517082
tAge,Tem,LINC00992,34.21720653
tAge,Tem,LINC01111,-23.25043074
tAge,Tem,LINC01201,-17.85071849
tAge,Tem,LINC01291,-0.09058459
tAge,Tem,LINC01303,0.96414567
tAge,Tem,LINC01410,0.924319391
tAge,Tem,LINC01416,13.63263611
tAge,Tem,LINC01479,-7.175907967
tAge,Tem,LINC01506,-149.2506903
tAge,Tem,LINC01684,1.091414247
tAge,Tem,LINC01727,2.517906062
tAge,Tem,LINC01891,-3.496812423
tAge,Tem,LINC01934,0.049233355
tAge,Tem,LINC01948,-1.745325049
tAge,Tem,LINC01949,-24.51355478
tAge,Tem,LINC01981,-33.27267576
tAge,Tem,LINC02029,-5.017010858
tAge,Tem,LINC02088,191.4445035
tAge,Tem,LINC02195,13.0603655
tAge,Tem,LINC02249,-4.065245526
tAge,Tem,LINC02312,1.281195034
tAge,Tem,LINC02325,-0.265509448
tAge,Tem,LINC02446,0.469712367
tAge,Tem,LINC02476,89.84465269
tAge,Tem,LINC02580,0.242037591
tAge,Tem,LIX1L-AS1,-17.08405762
tAge,Tem,LNPK,0.383438574
tAge,Tem,LPCAT2,8.929703691
tAge,Tem,LPCAT3,0.450704129
tAge,Tem,LPGAT1,-0.176383791
tAge,Tem,LRRC63,3.030540781
tAge,Tem,LRRN2,62.84438457
tAge,Tem,LYRM2,-0.848053068
tAge,Tem,LZTS3,6.886416394
tAge,Tem,MACROD2,-3.606584178
tAge,Tem,MAN1A2,-0.285114962
tAge,Tem,MAP3K4,-0.399887463
tAge,Tem,MAPRE1,-0.4810599
tAge,Tem,MBP,0.176723522
tAge,Tem,MCOLN2,1.204274631
tAge,Tem,ME1,0.292345387
tAge,Tem,MECOM,-0.01960262
tAge,Tem,MED23,0.656592843
tAge,Tem,MEGF8,-1.351189857
tAge,Tem,MELK,2.493399219
tAge,Tem,METTL24,0.335645411
tAge,Tem,MGME1,-0.558863
tAge,Tem,MIRLET7BHG,0.759068189
tAge,Tem,MLX,-0.27722082
tAge,Tem,MMD2,9.90768668
tAge,Tem,MMP24OS,-0.095519486
tAge,Tem,MORC3,0.076558114
tAge,Tem,MPPED2,-1.482444076
tAge,Tem,MRFAP1L1,-0.742423659
tAge,Tem,MS4A1,1.382432969
tAge,Tem,MS4A13,-2.237675654
tAge,Tem,MSC-AS1,0.585944108
tAge,Tem,MT1X,1.824595572
tAge,Tem,MTIF3,-0.936796142
tAge,Tem,MUC20-OT1,-0.407863319
tAge,Tem,MUSK,0.651557206
tAge,Tem,MVB12B,1.683584648
tAge,Tem,MYC,-1.754019906
tAge,Tem,NAP1L4,0.608033362
tAge,Tem,NAV1,-4.544385115
tAge,Tem,NCALD,-1.617573616
tAge,Tem,NCK1,0.041549421
tAge,Tem,NCOA7,-0.018837119
tAge,Tem,NECTIN3,1.635820332
tAge,Tem,NEFH,-5.086779633
tAge,Tem,NEIL3,4.574841413
tAge,Tem,NEK1,0.447378639
tAge,Tem,NEXN,4.135894519
tAge,Tem,NF2,1.561339994
tAge,Tem,NIPSNAP3B,-1.132082357
tAge,Tem,NKAIN4,6.990746304
tAge,Tem,NLGN1,-4.37501735
tAge,Tem,NLGN4Y,0.686899728
tAge,Tem,NME1-NME2,18.13900992
tAge,Tem,NOL7,-0.153112282
tAge,Tem,NPM3,-4.553305038
tAge,Tem,NR3C1,0.82541404
tAge,Tem,NT5DC2,-8.792162931
tAge,Tem,NTN4,0.036582371
tAge,Tem,NUDT11,-8.944760233
tAge,Tem,NUMB,0.095617415
tAge,Tem,NUP62CL,0.567603091
tAge,Tem,OBSCN,-0.418422825
tAge,Tem,OCA2,-1.750111919
tAge,Tem,OPN1LW,-140.5686058
tAge,Tem,OR2L8,22.90369709
tAge,Tem,OSBPL7,0.910441718
tAge,Tem,OTULIN,0.311686655
tAge,Tem,PAICS,-0.675330626
tAge,Tem,PAK1,-0.907531667
tAge,Tem,PCBP4,-2.336926053
tAge,Tem,PCDH17,39.89188541
tAge,Tem,PCP4L1,-15.97031394
tAge,Tem,PCSK5,-0.009145103
tAge,Tem,PDE4B,0.143976749
tAge,Tem,PDF,-7.16752021
tAge,Tem,PDK2,2.06407511
tAge,Tem,PDLIM1,0.894866759
tAge,Tem,PGBD1,-0.840913612
tAge,Tem,PGGT1B,0.319581252
tAge,Tem,PID1,0.726999329
tAge,Tem,PKD1,0.025956799
tAge,Tem,PKIA,-2.310316285
tAge,Tem,PKIB,-1.303662087
tAge,Tem,PLAC8,-1.185977703
tAge,Tem,PLAC8L1,-3.251156268
tAge,Tem,PLCB1,-0.456233251
tAge,Tem,PLCG2,0.062981375
tAge,Tem,PLEKHG1,0.768598532
tAge,Tem,PLPP1,1.184186251
tAge,Tem,PLXDC2,-0.691407183
tAge,Tem,POC1B,-0.200811948
tAge,Tem,POC1B-GALNT4,0.461525349
tAge,Tem,PODXL,-1.507597581
tAge,Tem,POLD2,-0.893064799
tAge,Tem,POLK,0.524010302
tAge,Tem,POLR2B,1.344257397
tAge,Tem,PPA1,-0.288788397
tAge,Tem,PPARG,12.81294525
tAge,Tem,PPP1R26,-75.25687756
tAge,Tem,PPP1R3D,-1.690636769
tAge,Tem,PPP1R9B,0.877621552
tAge,Tem,PPP2R2C,81.63028593
tAge,Tem,PPP3CA,-0.147956456
tAge,Tem,PRKAR2B,0.062702022
tAge,Tem,PRKCA,-0.580796759
tAge,Tem,PRKCB,0.432854052
tAge,Tem,PRKCH,0.723135217
tAge,Tem,PRKG1-AS1,-4.884280265
tAge,Tem,PRNP,-0.037383572
tAge,Tem,PROCR,-0.784951677
tAge,Tem,PROSER2,-0.072866091
tAge,Tem,PRR5L,0.038073264
tAge,Tem,PRSS23,0.710723834
tAge,Tem,PRSS40A,23.2224187
tAge,Tem,PSMA1,-0.385135253
tAge,Tem,PSMB2,-1.01018963
tAge,Tem,PSMC4,-0.200517571
tAge,Tem,PSMD7,-1.307788854
tAge,Tem,PTPN23,-1.920614483
tAge,Tem,PTPN4,-0.714907258
tAge,Tem,PTPRD,-2.063798069
tAge,Tem,PVT1,0.903600078
tAge,Tem,QKI,-0.058592944
tAge,Tem,RAB18,-0.166380529
tAge,Tem,RAB27B,2.144729375
tAge,Tem,RAB30,0.15398931
tAge,Tem,RAB3GAP1,-1.383059907
tAge,Tem,RAB43,-4.083448041
tAge,Tem,RAB6D,58.52831399
tAge,Tem,RABGAP1L,1.909716326
tAge,Tem,RALGPS2,-0.440812624
tAge,Tem,RAP2C-AS1,-0.671786365
tAge,Tem,RARG,-0.04686403
tAge,Tem,RASA1,-0.942803571
tAge,Tem,RASA4B,1.077422818
tAge,Tem,RASGRF1,-30.76808781
tAge,Tem,RASGRF2,-0.095405405
tAge,Tem,RASSF2,-1.011780975
tAge,Tem,RAVER2,-0.473174925
tAge,Tem,RBBP4,-0.816726211
tAge,Tem,RBBP7,-0.295613049
tAge,Tem,RBBP8,0.50287202
tAge,Tem,RC3H2,0.724038677
tAge,Tem,RCAN2,0.306165388
tAge,Tem,REEP3,-0.256919287
tAge,Tem,RELA,-0.623245929
tAge,Tem,RERE,-0.049206784
tAge,Tem,RERGL,-38.38546436
tAge,Tem,RGPD8,-0.09611111
tAge,Tem,RGS12,0.05259239
tAge,Tem,RHD,3.386678371
tAge,Tem,RHOT1,1.128951096
tAge,Tem,RIOX2,-1.43793896
tAge,Tem,RNF144A,-0.039886383
tAge,Tem,RNF217,10.20121896
tAge,Tem,ROPN1L-AS1,-52.60983134
tAge,Tem,RPF2,-0.33089791
tAge,Tem,RPL36A-HNRNPH2,-0.377569821
tAge,Tem,RPL6,-0.126852997
tAge,Tem,RPS19BP1,1.978626142
tAge,Tem,RRAD,-24.47481039
tAge,Tem,RRAS2,-0.461506491
tAge,Tem,RRN3,0.146643799
tAge,Tem,RSAD1,-0.107884912
tAge,Tem,RTF2,0.217417452
tAge,Tem,RTN4,0.103305578
tAge,Tem,RTP5,-4.265605323
tAge,Tem,S100Z,-0.253214083
tAge,Tem,SAMD15,-35.47051303
tAge,Tem,SAMD3,-0.044288868
tAge,Tem,SAMMSON,-14.96113261
tAge,Tem,SAP130,-2.140205978
tAge,Tem,SAP30,3.411575844
tAge,Tem,SATB2,10.77547164
tAge,Tem,SCAF4,-0.008815533
tAge,Tem,SCAPER,-0.392070513
tAge,Tem,SCCPDH,-2.626407589
tAge,Tem,SCN8A,1.99373455
tAge,Tem,SCRN1,-0.241402047
tAge,Tem,SDCCAG8,0.199474541
tAge,Tem,SEC24C,-0.487391225
tAge,Tem,SELENOP,0.722495452
tAge,Tem,SEMA3F-AS1,2.187446832
tAge,Tem,SERPINF1,-10.17439902
tAge,Tem,SESN1,-0.144682262
tAge,Tem,SESN3,0.724175669
tAge,Tem,SETBP1,0.070195325
tAge,Tem,SEZ6L2,27.73075081
tAge,Tem,SF1,-0.114455083
tAge,Tem,SH3BP4,-30.0146268
tAge,Tem,SH3GLB1,-0.513125014
tAge,Tem,SH3PXD2B,-30.07933623
tAge,Tem,SIGLEC7,-12.34223411
tAge,Tem,SIPA1L1,-0.092347702
tAge,Tem,SKA2,0.772930767
tAge,Tem,SKAP1,-1.468191193
tAge,Tem,SLC14A1,1.126269929
tAge,Tem,SLC1A4,1.012059204
tAge,Tem,SLC25A22,-3.371910023
tAge,Tem,SLC31A1,-1.937132352
tAge,Tem,SLC35F2,-0.823707983
tAge,Tem,SLC35G2,1.015369859
tAge,Tem,SLC6A16,-0.062518993
tAge,Tem,SLC7A4,-111.1822082
tAge,Tem,SLC9A9,0.048633384
tAge,Tem,SLIT3,1.950647611
tAge,Tem,SMDT1,1.412814487
tAge,Tem,SMG1,0.012807382
tAge,Tem,SMUG1,0.496273545
tAge,Tem,SMYD1,73.7277634
tAge,Tem,SND1,-0.254877347
tAge,Tem,SNHG15,-0.014826711
tAge,Tem,SNPH,2.875537529
tAge,Tem,SNX9,-0.182181505
tAge,Tem,SOCS5,0.425250475
tAge,Tem,SOX13,-0.985683665
tAge,Tem,SP2-AS1,7.260878353
tAge,Tem,SPART,0.783187555
tAge,Tem,SPCS3,-0.48221836
tAge,Tem,SPDYE6,25.24546874
tAge,Tem,SPECC1L,-0.755156222
tAge,Tem,SPG7,-0.128778433
tAge,Tem,SPIDR,-0.780045474
tAge,Tem,SPSB1,0.216269453
tAge,Tem,SPTLC3,0.101318423
tAge,Tem,SRGAP2B,0.021589854
tAge,Tem,SRP68,0.060423867
tAge,Tem,SRP9,-0.321152416
tAge,Tem,SRPRB,-0.185701825
tAge,Tem,SSBP3,-0.244906369
tAge,Tem,ST3GAL2,0.850939913
tAge,Tem,ST6GALNAC6,4.48334346
tAge,Tem,ST8SIA1,0.106707744
tAge,Tem,ST8SIA4,0.131299353
tAge,Tem,ST8SIA6,0.290846033
tAge,Tem,ST8SIA6-AS1,17.91365583
tAge,Tem,STAG1,-0.522619565
tAge,Tem,STAMBPL1,0.028249389
tAge,Tem,STAT1,0.32520458
tAge,Tem,STX11,0.158221837
tAge,Tem,STXBP6,2.005490765
tAge,Tem,STYK1,0.922704294
tAge,Tem,SUN3,10.70336821
tAge,Tem,SUOX,-8.445113578
tAge,Tem,SUSD4,-0.154215153
tAge,Tem,SYNM,1.233798828
tAge,Tem,SYTL2,-0.125380641
tAge,Tem,SYTL3,0.815331991
tAge,Tem,TAGAP,-0.104069461
tAge,Tem,TBC1D16,-0.367847346
tAge,Tem,TBC1D19,0.085692473
tAge,Tem,TBC1D32,0.816557752
tAge,Tem,TCF24,-13.03843306
tAge,Tem,TDRD9,-0.664949336
tAge,Tem,TDRP,16.67881934
tAge,Tem,TEAD4,-105.6101897
tAge,Tem,TESC,1.821255722
tAge,Tem,THEMIS,1.211105369
tAge,Tem,TIAM1,-0.068707552
tAge,Tem,TIGAR,0.653328605
tAge,Tem,TM2D3,-0.289234706
tAge,Tem,TM7SF3,0.828048378
tAge,Tem,TMC4,-2.271048753
tAge,Tem,TMED10,-0.514886729
tAge,Tem,TMED2,-0.437683691
tAge,Tem,TMEM117,-0.125311115
tAge,Tem,TMEM123,-0.31916841
tAge,Tem,TMEM131L,-1.00514976
tAge,Tem,TMEM163,-0.71510798
tAge,Tem,TMEM186,-5.986831304
tAge,Tem,TMEM273,-0.044239286
tAge,Tem,TMEM80,-1.137113372
tAge,Tem,TMSB4X,0.287717189
tAge,Tem,TNFRSF10A-AS1,-0.54069478
tAge,Tem,TNFSF13B,-0.528767805
tAge,Tem,TOP1MT,1.030394641
tAge,Tem,TPRG1,0.960442277
tAge,Tem,TPTEP2-CSNK1E,-1.819384082
tAge,Tem,TRAV20,0.999855403
tAge,Tem,TRAV24,10.28621391
tAge,Tem,TRAV35,3.554649014
tAge,Tem,TRBV12-3,3.470929134
tAge,Tem,TRBV20-1,2.672838587
tAge,Tem,TRBV22-1,-110.1116313
tAge,Tem,TRBV7-2,1.431529205
tAge,Tem,TRBV7-3,1.990704121
tAge,Tem,TRDC,-0.309027538
tAge,Tem,TRDV2,-0.287554602
tAge,Tem,TREML2,-5.709254012
tAge,Tem,TRGC1,-1.380221611
tAge,Tem,TRGV9,-0.503118049
tAge,Tem,TRMT61B,-0.050361252
tAge,Tem,TRPA1,19.22606306
tAge,Tem,TRPM2,-5.232110382
tAge,Tem,TRPS1,0.285206721
tAge,Tem,TSHZ2,0.144245875
tAge,Tem,TSPAN6,-47.3637749
tAge,Tem,TTC3,-0.394642769
tAge,Tem,TTC39C,-1.064982852
tAge,Tem,TTC39C-AS1,-0.920840693
tAge,Tem,TTTY14,-0.311949577
tAge,Tem,TUT1,-0.527699462
tAge,Tem,TXK,-0.295976789
tAge,Tem,TXNDC12-AS1,-70.90143411
tAge,Tem,UACA,-2.168694701
tAge,Tem,UBAC2-AS1,-1.533392778
tAge,Tem,UBE2E1,-0.531984531
tAge,Tem,UBE2H,-0.100954165
tAge,Tem,UBIAD1,-1.063835342
tAge,Tem,UBN1,-0.737656131
tAge,Tem,UBOX5,1.131307046
tAge,Tem,UCK1,-2.493849692
tAge,Tem,ULK2,-2.169663831
tAge,Tem,USP54,-1.143582978
tAge,Tem,UST,-0.481962934
tAge,Tem,VCAN,3.100250581
tAge,Tem,VOPP1,1.230216537
tAge,Tem,VWDE,0.978933226
tAge,Tem,WDFY2,-0.049422492
tAge,Tem,WDR27,-0.545927942
tAge,Tem,WDR43,-0.299486053
tAge,Tem,WDR72,-21.55091667
tAge,Tem,WFDC10B,-39.03357839
tAge,Tem,WFDC2,9.367621723
tAge,Tem,WHRN,-0.969583172
tAge,Tem,WNK1,0.769977852
tAge,Tem,WWC2,-0.655337746
tAge,Tem,XBP1,-0.390628861
tAge,Tem,XPNPEP2,-15.55192331
tAge,Tem,YBEY,2.00073559
tAge,Tem,YES1,-0.66116974
tAge,Tem,ZBED4,-0.450535884
tAge,Tem,ZBTB20-AS1,0.131511031
tAge,Tem,ZCCHC14,-0.57951769
tAge,Tem,ZDBF2,-0.316439497
tAge,Tem,ZDHHC14,-0.369115923
tAge,Tem,ZDHHC7,1.600438577
tAge,Tem,ZMAT3,0.354021634
tAge,Tem,ZNF181,0.186812804
tAge,Tem,ZNF19,-6.152114342
tAge,Tem,ZNF208,-0.672920626
tAge,Tem,ZNF217,0.170863616
tAge,Tem,ZNF267,0.939922049
tAge,Tem,ZNF337,-1.294455311
tAge,Tem,ZNF354C,-0.048842724
tAge,Tem,ZNF436,4.983984107
tAge,Tem,ZNF513,-7.53625778
tAge,Tem,ZNF626,-1.343541398
tAge,Tem,ZNF677,-0.53193534
tAge,Tem,ZNF69,-2.287987754
tAge,Tem,ZNF717,-1.013729884
tAge,Tem,ZNF730,-10.03448135
tAge,Tem,ZNF770,-0.869650907
tAge,Tem,ZNF8,-2.274364572
tAge,Tem,ZNF816-ZNF321P,-0.612938206
tAge,Tem,ZRANB1,-0.277111667
tAge,cMC,(Intercept),43.6625597
tAge,cMC,ABCB10,-0.708807602
tAge,cMC,ABCG1,0.839275723
tAge,cMC,ABHD12B,7.038289687
tAge,cMC,ABLIM2,6.030940105
tAge,cMC,ACAD8,0.372139682
tAge,cMC,ACD,0.108878491
tAge,cMC,ACSM3,0.194085735
tAge,cMC,ADGRB1,1.382283755
tAge,cMC,AFF3,-0.079909519
tAge,cMC,AFG3L2,-0.299638966
tAge,cMC,AGAP2,0.409155132
tAge,cMC,AGPAT4,0.014312157
tAge,cMC,AIRE,9.465543346
tAge,cMC,AKAP12,6.571683548
tAge,cMC,AKAP7,0.03065096
tAge,cMC,ALDH4A1,-11.33824429
tAge,cMC,ALG13-AS1,3.5740554
tAge,cMC,AMER1,5.64868899
tAge,cMC,ANKRD20A1,10.03966916
tAge,cMC,ANKRD36C,-0.224387092
tAge,cMC,ANXA1,0.100368059
tAge,cMC,APC,0.23144214
tAge,cMC,APOL1,1.400877292
tAge,cMC,AQP9,0.027328716
tAge,cMC,ARFGAP3,-0.919789886
tAge,cMC,ARFRP1,-0.807122346
tAge,cMC,ARHGAP31,-0.05348828
tAge,cMC,ARHGEF3-AS1,24.04865721
tAge,cMC,ARPIN,-0.317036628
tAge,cMC,ARSI,13.34879359
tAge,cMC,ASF1A,0.943856889
tAge,cMC,ASIP,-1.395553589
tAge,cMC,ATP1A2,136.3574894
tAge,cMC,ATP6V0A1,0.405186268
tAge,cMC,B3GALT2,-6.665648118
tAge,cMC,BACE2,1.163460705
tAge,cMC,BAG6,0.989715516
tAge,cMC,BAIAP2-DT,4.707192705
tAge,cMC,BBS10,5.129027341
tAge,cMC,BCAS4,0.353444783
tAge,cMC,BCL3,0.243151718
tAge,cMC,BET1,0.275384544
tAge,cMC,BICC1,-0.937723079
tAge,cMC,BLOC1S2,0.608849001
tAge,cMC,BMP2,18.04778215
tAge,cMC,BOP1,2.870792075
tAge,cMC,BORA,-0.012343473
tAge,cMC,BORCS7-ASMT,1.07212084
tAge,cMC,BPHL,1.787099006
tAge,cMC,BRF2,0.177574223
tAge,cMC,BRSK2,6.241925416
tAge,cMC,BSDC1,0.324054395
tAge,cMC,BST1,0.130862962
tAge,cMC,BTBD7,0.030988907
tAge,cMC,BUB1B,-7.463591357
tAge,cMC,C1orf50,0.672537169
tAge,cMC,C1QTNF1,6.58485595
tAge,cMC,C1QTNF7,11.2382535
tAge,cMC,C20orf96,-0.2529701
tAge,cMC,C2CD2,-0.284128838
tAge,cMC,C3orf22,34.49416269
tAge,cMC,CACNA2D3,-0.211143949
tAge,cMC,CADPS,7.370912099
tAge,cMC,CASP4,0.064444583
tAge,cMC,CATSPER2,0.08824386
tAge,cMC,CC2D2A,0.866496778
tAge,cMC,CCDC148,5.558191136
tAge,cMC,CCT7,-0.492345636
tAge,cMC,CD14,0.706537371
tAge,cMC,CD1A,4.709903602
tAge,cMC,CD1B,-5.391736057
tAge,cMC,CD209,14.43265964
tAge,cMC,CD320,3.387157049
tAge,cMC,CD69,0.090351708
tAge,cMC,CD8B,0.81436484
tAge,cMC,CDC27,0.069921793
tAge,cMC,CDH3,6.931238083
tAge,cMC,CDH4,18.52798163
tAge,cMC,CDIP1,-0.234063792
tAge,cMC,CDK1,1.613047048
tAge,cMC,CDK6,-0.20545828
tAge,cMC,CDKAL1,-0.621836794
tAge,cMC,CEBPA-DT,6.624874273
tAge,cMC,CERKL,18.9499304
tAge,cMC,CFAP97D2,-3.64304929
tAge,cMC,CGRRF1,0.586053316
tAge,cMC,CHL1,13.3213828
tAge,cMC,CHMP4A,-1.506013482
tAge,cMC,CHRNA10,-7.248267223
tAge,cMC,CHST10,2.913384628
tAge,cMC,CHST15,0.034947374
tAge,cMC,CHST8,12.12139557
tAge,cMC,CLDN18,7.668918074
tAge,cMC,CLDN9,19.66857123
tAge,cMC,CLEC4G,4.336545993
tAge,cMC,CLMAT3,-16.01249167
tAge,cMC,CLSTN3,1.048975418
tAge,cMC,CNR2,-2.522194037
tAge,cMC,COA6,1.618355628
tAge,cMC,COL9A2,-0.296482873
tAge,cMC,CPM,0.538286613
tAge,cMC,CPT2,0.994164278
tAge,cMC,CR1,0.194675344
tAge,cMC,CRTC2,1.343966824
tAge,cMC,CRYBB2,13.72543719
tAge,cMC,CST7,-1.311287708
tAge,cMC,CTNND1,-0.541664243
tAge,cMC,CTRC,1.12554168
tAge,cMC,CYB5B,-0.976345266
tAge,cMC,CYP2E1,1.350015772
tAge,cMC,CYP3A43,8.220590278
tAge,cMC,CYP51A1-AS1,21.48792455
tAge,cMC,CYP7B1,0.377732546
tAge,cMC,DACT3-AS1,7.452925295
tAge,cMC,DCSTAMP,0.817805845
tAge,cMC,DDB2,0.316277827
tAge,cMC,DDI2,-0.590540512
tAge,cMC,DDX49,2.706180374
tAge,cMC,DENND2A,2.292390583
tAge,cMC,DGKI,-0.040378036
tAge,cMC,DHRS4-AS1,-3.546018589
tAge,cMC,DHX32,-0.061441789
tAge,cMC,DHX33,0.967855391
tAge,cMC,DHX58,0.790846357
tAge,cMC,DIP2B,0.057265439
tAge,cMC,DNAH10,-2.318893124
tAge,cMC,DNAH10OS,6.494217073
tAge,cMC,DNAJC10,-1.077315223
tAge,cMC,DNPH1,0.31442217
tAge,cMC,DTX2,-0.591672134
tAge,cMC,DUSP22,0.282214815
tAge,cMC,DZIP1L,2.461878204
tAge,cMC,EAF1,0.198479451
tAge,cMC,EARS2,-1.72236774
tAge,cMC,EDF1,0.228883438
tAge,cMC,EFCAB14,0.233292332
tAge,cMC,ENTPD7,0.532221868
tAge,cMC,EPAS1,3.244665548
tAge,cMC,ERICH1,0.106350197
tAge,cMC,ERRFI1,11.77071975
tAge,cMC,ESYT3,15.1236584
tAge,cMC,EXO5,-2.561305986
tAge,cMC,FAM114A2,0.4376183
tAge,cMC,FAM153A,-1.208266138
tAge,cMC,FAM76A,0.790314935
tAge,cMC,FAM86B1,4.516180592
tAge,cMC,FAM9B,-18.21361156
tAge,cMC,FANCB,0.546220166
tAge,cMC,FANCD2,0.690584962
tAge,cMC,FBXL22,-1.870356793
tAge,cMC,FCGR1A,2.69667112
tAge,cMC,FFAR3,0.750468119
tAge,cMC,FHL3,-1.329981061
tAge,cMC,FOXJ2,0.993577366
tAge,cMC,FRA10AC1,0.046131889
tAge,cMC,FRAT1,-1.019332497
tAge,cMC,FRMD6,9.865313303
tAge,cMC,FSTL4,12.95786322
tAge,cMC,GAN,0.88473933
tAge,cMC,GBP4,-1.7259665
tAge,cMC,GCH1,0.094677792
tAge,cMC,GDF9,-4.793087351
tAge,cMC,gender,0.028343841
tAge,cMC,GFPT2,3.887026953
tAge,cMC,GNB5,-2.348678344
tAge,cMC,GNG11,3.892589482
tAge,cMC,GNPDA1,0.337368613
tAge,cMC,GOLGA8O,1.055827861
tAge,cMC,GORASP1,0.891812528
tAge,cMC,GPAT4,0.05727179
tAge,cMC,GPR65,1.002526541
tAge,cMC,GPRC5D,4.136914392
tAge,cMC,GPX4,0.322883649
tAge,cMC,GRID1,-0.701129392
tAge,cMC,GRID2,-0.249086684
tAge,cMC,GRIN2D,-1.166084271
tAge,cMC,GRM2,55.6375981
tAge,cMC,GSAP,-0.103753807
tAge,cMC,GSDMB,-0.203579494
tAge,cMC,GTF2H1,0.103804838
tAge,cMC,GYG1,0.318349037
tAge,cMC,GZMM,-0.528813776
tAge,cMC,HAGHL,-4.806226221
tAge,cMC,HCG9,-142.3040169
tAge,cMC,HDAC9,-0.249871878
tAge,cMC,HDHD5-AS1,5.248208943
tAge,cMC,HDX,0.259851158
tAge,cMC,HEBP1,1.608279867
tAge,cMC,HIGD1B,0.720377513
tAge,cMC,HINFP,-0.164024901
tAge,cMC,HIST1H2AB,-0.924006151
tAge,cMC,HIVEP3,-0.528040034
tAge,cMC,HK2,0.470936777
tAge,cMC,HORMAD1,1.72520002
tAge,cMC,HOXB2,-0.029076325
tAge,cMC,HSPA1A,-0.308180596
tAge,cMC,HTATIP2,2.546471647
tAge,cMC,IFI44L,0.10418199
tAge,cMC,IFITM1,0.093281454
tAge,cMC,IFNK,12.23067976
tAge,cMC,IGFBP7-AS1,14.46306175
tAge,cMC,IGKC,-0.139292183
tAge,cMC,IGKV1-8,-28.42630615
tAge,cMC,IGKV1-9,5.426891845
tAge,cMC,IGKV2D-29,9.021634102
tAge,cMC,IGLV10-54,4.615409987
tAge,cMC,IGLV2-23,4.677743609
tAge,cMC,IGSF8,-3.312249558
tAge,cMC,IKBKG,-0.366961092
tAge,cMC,IL6R,-0.337137228
tAge,cMC,INA,9.023990276
tAge,cMC,INO80-AS1,5.839141712
tAge,cMC,IRF7,0.478105683
tAge,cMC,ISCU,0.898035316
tAge,cMC,KANK3,-4.64716203
tAge,cMC,KCNH3,-0.906204145
tAge,cMC,KCNJ1,-8.853189509
tAge,cMC,KCNK10,1.177264088
tAge,cMC,KCNQ1,-0.22927274
tAge,cMC,KCTD11,3.469791563
tAge,cMC,KCTD21-AS1,-4.735657588
tAge,cMC,KDM1A,-0.10798603
tAge,cMC,KDM2A,-0.278071596
tAge,cMC,KDM7A,-0.045648218
tAge,cMC,KHDRBS2,0.324636989
tAge,cMC,KIF23,1.625590458
tAge,cMC,KIF2C,1.984237579
tAge,cMC,KRTAP5-AS1,11.27768121
tAge,cMC,LAG3,-9.614381168
tAge,cMC,LAMB1,14.85910646
tAge,cMC,LAMP2,0.507222669
tAge,cMC,LCA5L,3.806316661
tAge,cMC,LEMD2,-0.979121733
tAge,cMC,LHPP,-0.005966797
tAge,cMC,LINC00240,24.74496008
tAge,cMC,LINC00276,26.38751264
tAge,cMC,LINC00471,1.238634197
tAge,cMC,LINC00487,41.3091723
tAge,cMC,LINC00609,112.5300453
tAge,cMC,LINC00624,-16.35319185
tAge,cMC,LINC00658,-8.26721837
tAge,cMC,LINC00862,0.537211634
tAge,cMC,LINC00871,44.35888579
tAge,cMC,LINC01252,-1.465803087
tAge,cMC,LINC01270,-0.412351568
tAge,cMC,LINC01410,0.034822507
tAge,cMC,LINC01474,11.83546055
tAge,cMC,LINC01521,-64.51435547
tAge,cMC,LINC01550,-0.003033337
tAge,cMC,LINC01579,28.6911607
tAge,cMC,LINC01588,0.620036695
tAge,cMC,LINC01736,20.31545278
tAge,cMC,LINC01842,-35.64134312
tAge,cMC,LINC02022,3.272543769
tAge,cMC,LINC02033,6.645557229
tAge,cMC,LINC02223,-6.288786145
tAge,cMC,LINC02274,8.05233131
tAge,cMC,LINC02288,3.939187713
tAge,cMC,LINC02361,-3.012647107
tAge,cMC,LINC02389,10.32936464
tAge,cMC,LINC02541,3.612187864
tAge,cMC,LMAN1L,-2.412198745
tAge,cMC,LMNB1,0.480754653
tAge,cMC,LMNB1-DT,0.826685572
tAge,cMC,LMNB2,0.845457725
tAge,cMC,LONRF3,0.125693572
tAge,cMC,LRPAP1,0.149275577
tAge,cMC,LRRC39,8.785737437
tAge,cMC,LRRC70,5.497629678
tAge,cMC,LRRC8A,1.993810452
tAge,cMC,LRRTM4,3.484310961
tAge,cMC,LTC4S,-2.105351133
tAge,cMC,LTN1,0.17355535
tAge,cMC,LZTS3,3.040137484
tAge,cMC,MAFG,0.862874969
tAge,cMC,MAGI3,-0.096570398
tAge,cMC,MAJIN,-20.06439488
tAge,cMC,MAK,0.807009073
tAge,cMC,MANBA,0.220597861
tAge,cMC,MAP3K20-AS1,4.032370257
tAge,cMC,MARCO,0.322985079
tAge,cMC,MAST2,-0.435510124
tAge,cMC,MBOAT2,0.743570192
tAge,cMC,MCFD2,0.563153662
tAge,cMC,MCHR2,14.56102634
tAge,cMC,MCOLN2,-0.136068287
tAge,cMC,MEIOC,0.891559519
tAge,cMC,METTL2B,1.04505757
tAge,cMC,MFNG,-0.662338693
tAge,cMC,MGAT3,6.623650377
tAge,cMC,MGME1,-0.616769862
tAge,cMC,MIEF1,-0.178218237
tAge,cMC,MIOS,-0.163641543
tAge,cMC,MIPOL1,-5.8394002
tAge,cMC,MITD1,0.81574216
tAge,cMC,MLH1,0.813459078
tAge,cMC,MMRN2,1.514729373
tAge,cMC,MOAP1,6.198878823
tAge,cMC,MRGBP,-0.713162455
tAge,cMC,MRPS21,0.351952942
tAge,cMC,MS4A5,10.12389105
tAge,cMC,MSH2,0.249035932
tAge,cMC,MSR1,0.212037882
tAge,cMC,MSRB1,-2.673526038
tAge,cMC,MT2A,0.320319795
tAge,cMC,MTHFD1,-1.545778043
tAge,cMC,MTMR9,0.065428917
tAge,cMC,MUC1,0.907971987
tAge,cMC,MYO16,12.28933976
tAge,cMC,MYRIP,6.938799712
tAge,cMC,MYT1L,1.378217975
tAge,cMC,N4BP2L1,0.371546421
tAge,cMC,NALT1,-42.40417581
tAge,cMC,NCF2,0.133005727
tAge,cMC,NCF4,0.062644813
tAge,cMC,NDUFAF6,0.598421289
tAge,cMC,NEB,-1.042811685
tAge,cMC,NELFB,-0.62161019
tAge,cMC,NLRP7,8.045362494
tAge,cMC,NME1-NME2,0.29129907
tAge,cMC,NNMT,5.775921534
tAge,cMC,NNT-AS1,-0.948839157
tAge,cMC,NOL12,0.370247442
tAge,cMC,NPIPA8,0.731625648
tAge,cMC,NPTN,0.041753145
tAge,cMC,NR5A1,-16.44096738
tAge,cMC,NRG4,4.280992743
tAge,cMC,NRIP2,8.195186916
tAge,cMC,NRSN2-AS1,-0.526926307
tAge,cMC,NUDT18,-4.162284544
tAge,cMC,NUP50,0.27435004
tAge,cMC,NVL,0.46831404
tAge,cMC,NXPH1,0.770356437
tAge,cMC,OBSCN,-1.181642281
tAge,cMC,ODF2-AS1,14.10648152
tAge,cMC,OLIG1,1.266674613
tAge,cMC,ORAI3,0.636730678
tAge,cMC,OSBPL10,0.522055638
tAge,cMC,OSTM1,-0.333272104
tAge,cMC,PALD1,-0.73265958
tAge,cMC,PAMR1,43.43182913
tAge,cMC,PAPPA2,-5.426863768
tAge,cMC,PARS2,20.29060235
tAge,cMC,PCDH12,12.79796103
tAge,cMC,PDLIM5,0.272533791
tAge,cMC,PDXP,102.9638323
tAge,cMC,PHTF1,0.592766795
tAge,cMC,PIGB,1.069363076
tAge,cMC,PIGC,0.936800535
tAge,cMC,PIGO,-1.76975977
tAge,cMC,PKD1L3,6.832086848
tAge,cMC,PLD1,0.356075309
tAge,cMC,PLD5,3.990763558
tAge,cMC,PLEKHA3,-0.253585407
tAge,cMC,POC1A,0.607642158
tAge,cMC,POU2AF1,0.229266425
tAge,cMC,PPP1R35,7.19064213
tAge,cMC,PRAG1,-0.445203602
tAge,cMC,PRMT5-AS1,6.552733016
tAge,cMC,PRMT6,5.110835612
tAge,cMC,PROSER1,-0.38302633
tAge,cMC,PROZ,54.0457589
tAge,cMC,PRR16,0.011360474
tAge,cMC,PRR34,10.0900995
tAge,cMC,PRRG4,1.311456921
tAge,cMC,PSD,1.896663403
tAge,cMC,PTPN4,0.336773439
tAge,cMC,PUF60,-0.665155124
tAge,cMC,PVRIG,13.26509226
tAge,cMC,PYGL,0.008387795
tAge,cMC,QPCT,1.134048903
tAge,cMC,RAB15,3.721375333
tAge,cMC,RAB24,0.398162384
tAge,cMC,RAB30,-0.303839982
tAge,cMC,RAB39A,1.03411455
tAge,cMC,RAB3A,-16.53328912
tAge,cMC,RAB40C,-0.987274129
tAge,cMC,RASSF1-AS1,2.806562772
tAge,cMC,RBM15B,0.102102144
tAge,cMC,RECQL,0.486499237
tAge,cMC,REELD1,7.029612233
tAge,cMC,RFC5,3.1235777
tAge,cMC,RFLNA,-51.62517316
tAge,cMC,RGMB,9.7359582
tAge,cMC,RGSL1,-9.909618635
tAge,cMC,RILP,1.340393982
tAge,cMC,RIN1,2.282311533
tAge,cMC,RIPK4,2.118717713
tAge,cMC,RIT1,0.265622285
tAge,cMC,RLIM,0.051507353
tAge,cMC,RMRP,1.046734471
tAge,cMC,RND1,-3.531030689
tAge,cMC,RNF185,0.372066264
tAge,cMC,RNLS,0.682483553
tAge,cMC,RPL17-C18orf32,133.6998399
tAge,cMC,RPL37A,0.061649175
tAge,cMC,RPL39,0.051843115
tAge,cMC,RPP25,22.49480466
tAge,cMC,RPP38,-0.493815222
tAge,cMC,RTTN,0.624498599
tAge,cMC,S100A8,0.019443498
tAge,cMC,SAP30,0.550243986
tAge,cMC,SCN1B,11.25875789
tAge,cMC,SCN3A,12.69030305
tAge,cMC,SCN8A,-3.878801492
tAge,cMC,SDCBP,0.000169507
tAge,cMC,SDSL,2.477624282
tAge,cMC,SEC11A,0.186783545
tAge,cMC,SEC24D,0.31456079
tAge,cMC,SEMA6A,-6.867643777
tAge,cMC,SEMA6B,5.061699288
tAge,cMC,SENP3-EIF4A1,-36.67774878
tAge,cMC,SERPINB7,-56.29896143
tAge,cMC,SERPINI2,0.109251298
tAge,cMC,SHISA8,158.7797303
tAge,cMC,SLC12A1,15.36052351
tAge,cMC,SLC16A13,-2.028144795
tAge,cMC,SLC23A3,13.89660573
tAge,cMC,SLC25A24,0.091979444
tAge,cMC,SLC25A25-AS1,-0.2787704
tAge,cMC,SLC2A11,-0.63926294
tAge,cMC,SLC41A2,-0.133951908
tAge,cMC,SLC6A8,-24.87409906
tAge,cMC,SLITRK4,-1.342955119
tAge,cMC,SMCO2,11.36594131
tAge,cMC,SMIM29,2.859507496
tAge,cMC,SMIM35,-1.929406634
tAge,cMC,SNAPC4,0.96817753
tAge,cMC,SND1,-0.176342708
tAge,cMC,SNRNP27,-1.158675602
tAge,cMC,SNX20,-0.192486609
tAge,cMC,SORCS2,0.734223116
tAge,cMC,SOX10,176.7973198
tAge,cMC,SOX15,-17.54722623
tAge,cMC,SOX4,-0.434970503
tAge,cMC,SPATA13-AS1,6.551133815
tAge,cMC,SPC24,2.420308066
tAge,cMC,SPTA1,30.60184708
tAge,cMC,SRF,1.266593825
tAge,cMC,SSBP3,-0.290407401
tAge,cMC,SSPN,8.99037657
tAge,cMC,ST7L,0.084517137
tAge,cMC,STAB2,7.75862702
tAge,cMC,STAP2,-18.88022258
tAge,cMC,STAT1,0.161169256
tAge,cMC,STBD1,14.3375571
tAge,cMC,STK32B,0.815414508
tAge,cMC,STX1A,3.079026686
tAge,cMC,SUV39H1,-7.609551165
tAge,cMC,SWAP70,0.261287703
tAge,cMC,SYNDIG1L,-2.251670085
tAge,cMC,SYP,-1.500543139
tAge,cMC,TAF12,0.077386001
tAge,cMC,TAS2R43,25.8140457
tAge,cMC,TBC1D22B,0.683043237
tAge,cMC,TBC1D3C,13.80201114
tAge,cMC,TCEAL1,12.86089486
tAge,cMC,TF,3.680825909
tAge,cMC,TFEC,0.345286917
tAge,cMC,TG,0.212066455
tAge,cMC,TGFB1I1,8.777405059
tAge,cMC,TGFBR2,0.110062061
tAge,cMC,THOC7,0.750679672
tAge,cMC,THRA,-1.430241128
tAge,cMC,TIFAB,-1.012814624
tAge,cMC,TIGD6,1.134975937
tAge,cMC,TLE3,0.228661623
tAge,cMC,TM4SF19-AS1,3.748116998
tAge,cMC,TMED5,-0.053858003
tAge,cMC,TMEM14A,0.666334282
tAge,cMC,TMEM17,-5.731988098
tAge,cMC,TMEM175,0.525248476
tAge,cMC,TMEM191C,3.551387166
tAge,cMC,TMEM234,1.006997359
tAge,cMC,TMEM45A,-1.22533659
tAge,cMC,TNR,7.64084346
tAge,cMC,TPTE2,6.499456616
tAge,cMC,TRAF7,0.453346244
tAge,cMC,TRAJ20,10.26194323
tAge,cMC,TRAV13-1,3.476648458
tAge,cMC,TRAV26-2,19.22271723
tAge,cMC,TRBV6-5,-4.914448163
tAge,cMC,TRBV7-3,6.695503348
tAge,cMC,TRH,15.17655763
tAge,cMC,TRIL,12.71656287
tAge,cMC,TRIO,-0.36389074
tAge,cMC,TRPC1,-0.418377884
tAge,cMC,TSGA10,-0.778409547
tAge,cMC,TTC17,-0.082649786
tAge,cMC,TTPAL,0.684600915
tAge,cMC,TYROBP,0.465971237
tAge,cMC,UBE2D1,0.399133037
tAge,cMC,UBE2F,0.990521261
tAge,cMC,UGT3A2,24.1829019
tAge,cMC,UPK2,-2.065474524
tAge,cMC,USP44,4.72395766
tAge,cMC,UTP4,-0.032949779
tAge,cMC,UXT-AS1,43.71430393
tAge,cMC,VARS2,1.655875764
tAge,cMC,VPS33B,3.563548902
tAge,cMC,VTI1B,0.38343782
tAge,cMC,WBP1,-3.982086675
tAge,cMC,WDR13,0.038719007
tAge,cMC,ZAR1L,1.647690386
tAge,cMC,ZBTB4,-0.21683532
tAge,cMC,ZBTB46,-0.125921322
tAge,cMC,ZC3H14,0.028447468
tAge,cMC,ZDHHC4,4.970377936
tAge,cMC,ZEB1,-0.565080987
tAge,cMC,ZEB2,0.056117277
tAge,cMC,ZGPAT,-0.777465751
tAge,cMC,ZKSCAN8,1.170930813
tAge,cMC,ZMYND19,0.39368926
tAge,cMC,ZNF184,-3.099445783
tAge,cMC,ZNF223,0.373023748
tAge,cMC,ZNF316,-0.651370853
tAge,cMC,ZNF385D-AS1,1.639731386
tAge,cMC,ZNF404,69.10239442
tAge,cMC,ZNF436-AS1,1.116745371
tAge,cMC,ZNF850,-1.226968639
tAge,Tn_CD8,(Intercept),98.1480671
tAge,Tn_CD8,A2M,0.811649471
tAge,Tn_CD8,A2M-AS1,0.757384198
tAge,Tn_CD8,ABCB5,-5.81562859
tAge,Tn_CD8,ABCG8,-4.632120913
tAge,Tn_CD8,ABLIM1,-0.780108552
tAge,Tn_CD8,ACAD9,-0.193070666
tAge,Tn_CD8,ACADS,-0.127443653
tAge,Tn_CD8,ACKR3,-1.495548336
tAge,Tn_CD8,ACP6,-1.119862984
tAge,Tn_CD8,ACTR8,-0.282397812
tAge,Tn_CD8,ACTRT3,-29.17668962
tAge,Tn_CD8,ACVR2B,-0.698105168
tAge,Tn_CD8,ADAD1,4.536268534
tAge,Tn_CD8,ADGRA3,-1.24351087
tAge,Tn_CD8,ADGRE5,0.298757612
tAge,Tn_CD8,ADGRG5,-1.302026006
tAge,Tn_CD8,ADGRG6,-1.563702408
tAge,Tn_CD8,ADM2,-2.523533247
tAge,Tn_CD8,ADNP,-0.211872248
tAge,Tn_CD8,AFAP1L1,-16.55369084
tAge,Tn_CD8,AFF2,-0.563445394
tAge,Tn_CD8,AGAP3,0.13264239
tAge,Tn_CD8,AGAP4,-0.105215111
tAge,Tn_CD8,AGBL4,-1.369602125
tAge,Tn_CD8,AHCYL1,-0.39210973
tAge,Tn_CD8,AHNAK,0.529194476
tAge,Tn_CD8,AHR,1.919644208
tAge,Tn_CD8,AIPL1,-77.97007899
tAge,Tn_CD8,AK5,-0.434070647
tAge,Tn_CD8,AKAP10,-0.070459729
tAge,Tn_CD8,AKNA,-0.179758453
tAge,Tn_CD8,AKR1C1,-3.713403979
tAge,Tn_CD8,AKR1E2,-0.805140492
tAge,Tn_CD8,AKT3,0.09598804
tAge,Tn_CD8,ALDOC,-2.906347489
tAge,Tn_CD8,AMOT,-0.606268627
tAge,Tn_CD8,AMOTL1,-36.22235053
tAge,Tn_CD8,ANAPC15,-0.03110402
tAge,Tn_CD8,ANK1,-0.699380688
tAge,Tn_CD8,ANKRD18A,0.632086587
tAge,Tn_CD8,ANO5,-9.948374413
tAge,Tn_CD8,ANXA1,0.247524048
tAge,Tn_CD8,ANXA2,1.038448165
tAge,Tn_CD8,AOAH,-0.407852744
tAge,Tn_CD8,APBA2,-0.328618497
tAge,Tn_CD8,ARHGAP12,-0.42907106
tAge,Tn_CD8,ARHGAP19-SLIT1,-1.307820511
tAge,Tn_CD8,ARHGAP26-AS1,-0.950125566
tAge,Tn_CD8,ARHGAP32,-0.583136039
tAge,Tn_CD8,ARHGEF7,-0.458997325
tAge,Tn_CD8,ARMC10,-0.313489504
tAge,Tn_CD8,ARMC6,-0.760800384
tAge,Tn_CD8,ASB11,4.659250885
tAge,Tn_CD8,ASB5,-7.618908344
tAge,Tn_CD8,ASCC1,-0.322695077
tAge,Tn_CD8,ASPH,-0.122922479
tAge,Tn_CD8,ATAD5,-0.57518103
tAge,Tn_CD8,ATF7IP2,-0.106263953
tAge,Tn_CD8,ATG4D,-0.858242828
tAge,Tn_CD8,ATIC,-1.14240714
tAge,Tn_CD8,ATP6V0E2,-0.112056873
tAge,Tn_CD8,ATP7B,-1.785833979
tAge,Tn_CD8,ATPAF2,-0.247261555
tAge,Tn_CD8,BACH1-AS1,-19.06484962
tAge,Tn_CD8,BAG5,-0.008866834
tAge,Tn_CD8,BASP1-AS1,-15.26591567
tAge,Tn_CD8,BBS7,-0.630199455
tAge,Tn_CD8,BCL2,0.399122058
tAge,Tn_CD8,BEND4,-4.421282564
tAge,Tn_CD8,BHLHA15,-9.650552754
tAge,Tn_CD8,BHLHE40-AS1,0.271621224
tAge,Tn_CD8,BICRA-AS1,-3.124704997
tAge,Tn_CD8,BMP2K,-0.876404897
tAge,Tn_CD8,BMPR1A,0.911271276
tAge,Tn_CD8,BOD1,-0.064705499
tAge,Tn_CD8,BOLA2,-0.342985487
tAge,Tn_CD8,BRD7,-0.230739963
tAge,Tn_CD8,BRIP1,0.285350435
tAge,Tn_CD8,BTN1A1,-16.37976006
tAge,Tn_CD8,BUB1B,-26.35027355
tAge,Tn_CD8,BYSL,-1.389448867
tAge,Tn_CD8,BZW1,-0.306941717
tAge,Tn_CD8,C11orf42,-4.370074007
tAge,Tn_CD8,C12orf42,-0.141160529
tAge,Tn_CD8,C17orf78,10.63361229
tAge,Tn_CD8,C1orf167,-72.09756557
tAge,Tn_CD8,C2orf68,-2.027476396
tAge,Tn_CD8,C2orf81,-1.40532162
tAge,Tn_CD8,C2orf92,-0.294755591
tAge,Tn_CD8,C4orf50,-43.65895901
tAge,Tn_CD8,C6orf163,-0.520215179
tAge,Tn_CD8,CABP1,-41.337685
tAge,Tn_CD8,CACHD1,-0.883973625
tAge,Tn_CD8,CACNG5,-18.08711906
tAge,Tn_CD8,CADPS2,-3.564517767
tAge,Tn_CD8,CAMK4,-2.157563785
tAge,Tn_CD8,CAMSAP2,-0.516541516
tAge,Tn_CD8,CAMSAP3,11.85354903
tAge,Tn_CD8,CAPN10,-0.718354729
tAge,Tn_CD8,CAPN14,-0.10772178
tAge,Tn_CD8,CASC15,-0.353930902
tAge,Tn_CD8,CASK,0.954903544
tAge,Tn_CD8,CASP3,-0.827871346
tAge,Tn_CD8,CASQ2,-2.653257217
tAge,Tn_CD8,CBY3,-3.488170503
tAge,Tn_CD8,CCDC144A,-0.271108996
tAge,Tn_CD8,CCDC179,-2.555745737
tAge,Tn_CD8,CCDC187,2.432350327
tAge,Tn_CD8,CCHCR1,-0.817752208
tAge,Tn_CD8,CCND3,-0.007340369
tAge,Tn_CD8,CCT8,-0.225540739
tAge,Tn_CD8,CD226,0.190325553
tAge,Tn_CD8,CD96,-0.141217824
tAge,Tn_CD8,CD99,0.601881136
tAge,Tn_CD8,CDC42,-0.022636328
tAge,Tn_CD8,CDCA7L,-0.108623607
tAge,Tn_CD8,CDYL2,0.46412478
tAge,Tn_CD8,CELF2,-0.513452114
tAge,Tn_CD8,CELSR1,-11.50810544
tAge,Tn_CD8,CENPM,2.070459787
tAge,Tn_CD8,CEP83,-0.556176305
tAge,Tn_CD8,CERS6,-1.034614212
tAge,Tn_CD8,CFAP99,1.741013556
tAge,Tn_CD8,CFDP1,-0.271781748
tAge,Tn_CD8,CHRNE,1.025546466
tAge,Tn_CD8,CHST3,-8.391127058
tAge,Tn_CD8,CHST7,-1.363441814
tAge,Tn_CD8,CIAPIN1,-0.911527818
tAge,Tn_CD8,CLDN20,-0.990683431
tAge,Tn_CD8,CLDN5,-13.36365206
tAge,Tn_CD8,CLEC11A,-0.142959921
tAge,Tn_CD8,CLEC18A,-5.169147721
tAge,Tn_CD8,CLEC1A,-9.226456223
tAge,Tn_CD8,CLEC1B,-1.300417609
tAge,Tn_CD8,CLMAT3,-12.33503855
tAge,Tn_CD8,CLP1,-6.335904169
tAge,Tn_CD8,CNTNAP2,-1.069625591
tAge,Tn_CD8,COBLL1,0.002510015
tAge,Tn_CD8,CPB2-AS1,-3.76626884
tAge,Tn_CD8,CPED1,-1.563307314
tAge,Tn_CD8,CPLX1,-10.86129177
tAge,Tn_CD8,CPXM1,-3.838969145
tAge,Tn_CD8,CR1,-0.649570924
tAge,Tn_CD8,CR2,-0.138994051
tAge,Tn_CD8,CRAT,-0.697630786
tAge,Tn_CD8,CRELD1,-0.96355932
tAge,Tn_CD8,CRTAM,-0.294630918
tAge,Tn_CD8,CRYBG1,0.417987321
tAge,Tn_CD8,CSGALNACT1,-0.012715964
tAge,Tn_CD8,CSMD2,-73.7999715
tAge,Tn_CD8,CTAGE4,-5.481304717
tAge,Tn_CD8,CTAGE8,-3.357175006
tAge,Tn_CD8,CTBP1-AS,-21.33515611
tAge,Tn_CD8,CTBP1-DT,-0.310173511
tAge,Tn_CD8,CTTN,-6.806910276
tAge,Tn_CD8,CXCL16,-0.924687149
tAge,Tn_CD8,CXCL5,-44.82861875
tAge,Tn_CD8,CYP39A1,-21.04980257
tAge,Tn_CD8,CYP4F22,-5.450564347
tAge,Tn_CD8,CYP8B1,-16.96332732
tAge,Tn_CD8,DACT1,-2.381276392
tAge,Tn_CD8,DBX1,-38.4041513
tAge,Tn_CD8,DCHS1,-0.024999479
tAge,Tn_CD8,DCTN6,-1.689823426
tAge,Tn_CD8,DCTPP1,-0.585412337
tAge,Tn_CD8,DGCR8,-0.229580461
tAge,Tn_CD8,DIP2C,-0.167674113
tAge,Tn_CD8,DIXDC1,-0.729504158
tAge,Tn_CD8,DLG2,-0.006101276
tAge,Tn_CD8,DNAH8,-10.62184936
tAge,Tn_CD8,DNAJA2,-0.067470015
tAge,Tn_CD8,DNAJB8-AS1,-14.10350237
tAge,Tn_CD8,DNAJC16,-0.030543396
tAge,Tn_CD8,DNAJC8,-0.345320492
tAge,Tn_CD8,DNTT,-66.72032454
tAge,Tn_CD8,DPP6,-0.151049237
tAge,Tn_CD8,DPPA4,-8.788130452
tAge,Tn_CD8,DPYD-AS2,-3.110638647
tAge,Tn_CD8,DSCAML1,1.295117944
tAge,Tn_CD8,DSG1,-2.36758635
tAge,Tn_CD8,DUOX2,-156.6932699
tAge,Tn_CD8,DUOXA1,-5.550917619
tAge,Tn_CD8,DUT,0.110325051
tAge,Tn_CD8,DYRK3,1.476608691
tAge,Tn_CD8,E2F1,-16.11315626
tAge,Tn_CD8,E2F3,-0.403752489
tAge,Tn_CD8,EAPP,-0.128689875
tAge,Tn_CD8,EDA,0.335248158
tAge,Tn_CD8,EEF1E1-BLOC1S5,-15.55546267
tAge,Tn_CD8,EFCAB11,-0.213502843
tAge,Tn_CD8,EFCAB3,-0.04117371
tAge,Tn_CD8,EIF2S2,-0.05825649
tAge,Tn_CD8,ELL3,-17.69622681
tAge,Tn_CD8,ELP4,-0.097556545
tAge,Tn_CD8,EPB41,-0.167784946
tAge,Tn_CD8,EPB41L4A,0.11567518
tAge,Tn_CD8,EPN2-AS1,-16.78677496
tAge,Tn_CD8,EPS15L1,-0.280747328
tAge,Tn_CD8,ERVK9-11,-30.24208922
tAge,Tn_CD8,ESF1,-0.248800071
tAge,Tn_CD8,ESR1,-2.309043451
tAge,Tn_CD8,EVL,-0.14810015
tAge,Tn_CD8,EXTL1,-7.206994526
tAge,Tn_CD8,F11,12.48784206
tAge,Tn_CD8,FAM136A,-0.748444392
tAge,Tn_CD8,FAM168A,-0.121345682
tAge,Tn_CD8,FAM32A,-0.70900326
tAge,Tn_CD8,FAM72C,-17.81325349
tAge,Tn_CD8,FAN1,-0.433046241
tAge,Tn_CD8,FANCC,-0.000871068
tAge,Tn_CD8,FBLN2,-1.831509655
tAge,Tn_CD8,FBXL14,1.098177861
tAge,Tn_CD8,FBXO15,-0.118678266
tAge,Tn_CD8,FBXO28,-0.083924197
tAge,Tn_CD8,FBXW9,-1.335230564
tAge,Tn_CD8,FCGBP,-0.793914066
tAge,Tn_CD8,FERMT1,-12.31477174
tAge,Tn_CD8,FITM2,-0.5915326
tAge,Tn_CD8,FKBPL,-2.194651149
tAge,Tn_CD8,FLT1,-2.352475661
tAge,Tn_CD8,FOCAD-AS1,-15.07519506
tAge,Tn_CD8,FOLR2,-24.53091454
tAge,Tn_CD8,FOXM1,3.355299099
tAge,Tn_CD8,FRAS1,-2.967473243
tAge,Tn_CD8,FXR1,0.556223497
tAge,Tn_CD8,FYB1,-0.68475869
tAge,Tn_CD8,GAB4,-1.282194691
tAge,Tn_CD8,GABPB1-AS1,-0.205227741
tAge,Tn_CD8,GABRR2,-3.268434438
tAge,Tn_CD8,GAPDHS,6.678177695
tAge,Tn_CD8,GBP5,0.281285006
tAge,Tn_CD8,GCAT,-8.678432081
tAge,Tn_CD8,GCC2-AS1,1.238277174
tAge,Tn_CD8,gender,0.026587056
tAge,Tn_CD8,GGT5,-31.39914344
tAge,Tn_CD8,GNG3,-38.36612487
tAge,Tn_CD8,GPA33,-1.953485707
tAge,Tn_CD8,GPR171,-0.08336858
tAge,Tn_CD8,GPR183,0.683245634
tAge,Tn_CD8,GPRASP2,-16.00594643
tAge,Tn_CD8,GRIK2,-10.24241871
tAge,Tn_CD8,GRIN2D,-49.85688116
tAge,Tn_CD8,GRIP1,-0.418485855
tAge,Tn_CD8,GRK1,1.248488794
tAge,Tn_CD8,GRK5,-0.330498926
tAge,Tn_CD8,GRM5,-3.529094544
tAge,Tn_CD8,GRPR,-4.028611741
tAge,Tn_CD8,GSPT2,-1.080074277
tAge,Tn_CD8,GTDC1,-0.754023072
tAge,Tn_CD8,GTF2H4,-1.017227971
tAge,Tn_CD8,GTF3A,-0.13702106
tAge,Tn_CD8,GTSCR1,0.019404243
tAge,Tn_CD8,GYPE,-0.670295457
tAge,Tn_CD8,HBA2,0.038266576
tAge,Tn_CD8,HCAR2,-12.26584109
tAge,Tn_CD8,HDGFL2,-0.667720224
tAge,Tn_CD8,HELLS,-0.272737973
tAge,Tn_CD8,HEXA,-0.547948482
tAge,Tn_CD8,HHLA2,-0.147539994
tAge,Tn_CD8,HIRA,-0.449438103
tAge,Tn_CD8,HIST1H1B,0.441898102
tAge,Tn_CD8,HIST1H2BN,-0.596655445
tAge,Tn_CD8,HIST1H4K,-6.658937691
tAge,Tn_CD8,HMSD,-15.12050816
tAge,Tn_CD8,HNF1A,-43.00501001
tAge,Tn_CD8,HNF4G,-6.353601974
tAge,Tn_CD8,HNRNPDL,-0.265033659
tAge,Tn_CD8,HOMER1,-0.453904438
tAge,Tn_CD8,HOXB-AS1,-0.603794098
tAge,Tn_CD8,HOXB3,-0.556106525
tAge,Tn_CD8,HPGD,-0.766023965
tAge,Tn_CD8,HS3ST3A1,-29.26534459
tAge,Tn_CD8,HS6ST2,-11.51809905
tAge,Tn_CD8,HSFX1,-8.72356306
tAge,Tn_CD8,HTR1E,-120.0838222
tAge,Tn_CD8,HYAL4,-40.59554657
tAge,Tn_CD8,IFT27,-0.602625163
tAge,Tn_CD8,IGFBP2,-33.82318292
tAge,Tn_CD8,IGFBP3,4.673445846
tAge,Tn_CD8,IGHV3-30,-19.2179867
tAge,Tn_CD8,IGLV2-5,-32.64116822
tAge,Tn_CD8,IGSF9,-54.11564042
tAge,Tn_CD8,IKZF2,-0.701958372
tAge,Tn_CD8,IL31RA,-5.133061885
tAge,Tn_CD8,IL36G,-58.19821746
tAge,Tn_CD8,IL7R,-0.388130378
tAge,Tn_CD8,ILDR1,-20.8078664
tAge,Tn_CD8,IMPA2,-0.475255628
tAge,Tn_CD8,INAFM2,-6.281942241
tAge,Tn_CD8,INPP4B,0.888220966
tAge,Tn_CD8,INTU,-6.488429434
tAge,Tn_CD8,IPCEF1,-0.143171739
tAge,Tn_CD8,IQCA1,-2.33483943
tAge,Tn_CD8,IQCE,-3.037147283
tAge,Tn_CD8,ITLN1,-6.1711021
tAge,Tn_CD8,ITPKC,-1.206631235
tAge,Tn_CD8,KALRN,1.71402085
tAge,Tn_CD8,KAT5,-0.036896514
tAge,Tn_CD8,KCNK2,-0.258621679
tAge,Tn_CD8,KIAA0825,-0.32630625
tAge,Tn_CD8,KIAA1549,-6.019835441
tAge,Tn_CD8,KIAA1549L,5.958055852
tAge,Tn_CD8,KIF21A,0.063917041
tAge,Tn_CD8,KIF25-AS1,-12.33903432
tAge,Tn_CD8,KIF4A,-0.297352468
tAge,Tn_CD8,KIR2DL4,-11.2030567
tAge,Tn_CD8,KIT,-7.990151369
tAge,Tn_CD8,KLF6,0.619561538
tAge,Tn_CD8,KLHDC8B,-2.148780576
tAge,Tn_CD8,KLHL13,-0.127393397
tAge,Tn_CD8,KLHL4,-3.708216509
tAge,Tn_CD8,KLHL41,-33.08948709
tAge,Tn_CD8,KLRD1,0.745448121
tAge,Tn_CD8,KMT5B,-0.194430327
tAge,Tn_CD8,KPNA6,-0.006361797
tAge,Tn_CD8,KPNB1,-0.038569749
tAge,Tn_CD8,KY,-33.77424068
tAge,Tn_CD8,LARGE1,0.234763224
tAge,Tn_CD8,LCAT,-12.65543478
tAge,Tn_CD8,LCLAT1,-0.317218734
tAge,Tn_CD8,LDHB,-0.217520387
tAge,Tn_CD8,LDLRAD4,-0.47774996
tAge,Tn_CD8,LEFTY2,-6.110906814
tAge,Tn_CD8,LILRA1,-13.33923602
tAge,Tn_CD8,LILRB4,-6.884713545
tAge,Tn_CD8,LIN7A,-3.255768641
tAge,Tn_CD8,LINC00106,-0.090878672
tAge,Tn_CD8,LINC00384,-19.57087859
tAge,Tn_CD8,LINC00390,-11.74751361
tAge,Tn_CD8,LINC00392,-26.58825855
tAge,Tn_CD8,LINC00513,0.8514564
tAge,Tn_CD8,LINC00620,-39.57737841
tAge,Tn_CD8,LINC00629,-18.59909324
tAge,Tn_CD8,LINC00649,-0.135468432
tAge,Tn_CD8,LINC00652,-0.604068972
tAge,Tn_CD8,LINC00671,-8.203529199
tAge,Tn_CD8,LINC01013,-5.725375944
tAge,Tn_CD8,LINC01116,-85.25133346
tAge,Tn_CD8,LINC01160,-69.83987571
tAge,Tn_CD8,LINC01205,11.42015778
tAge,Tn_CD8,LINC01227,-29.54648765
tAge,Tn_CD8,LINC01231,-0.147044634
tAge,Tn_CD8,LINC01259,-0.549192795
tAge,Tn_CD8,LINC01378,-97.76930794
tAge,Tn_CD8,LINC01478,-5.084687894
tAge,Tn_CD8,LINC01496,-20.84936093
tAge,Tn_CD8,LINC01516,-25.09305999
tAge,Tn_CD8,LINC01600,-21.35474515
tAge,Tn_CD8,LINC01611,-28.02056477
tAge,Tn_CD8,LINC01637,-52.57610684
tAge,Tn_CD8,LINC01725,-0.217992774
tAge,Tn_CD8,LINC01861,-0.447885648
tAge,Tn_CD8,LINC01872,-59.35221808
tAge,Tn_CD8,LINC01876,-0.377676251
tAge,Tn_CD8,LINC01919,-62.1653512
tAge,Tn_CD8,LINC01962,-6.670640133
tAge,Tn_CD8,LINC01982,-31.06280357
tAge,Tn_CD8,LINC02005,-75.30603828
tAge,Tn_CD8,LINC02035,-0.648389546
tAge,Tn_CD8,LINC02125,-0.336601135
tAge,Tn_CD8,LINC02128,-3.406790918
tAge,Tn_CD8,LINC02202,-28.53714622
tAge,Tn_CD8,LINC02204,-59.18507574
tAge,Tn_CD8,LINC02218,-6.909677176
tAge,Tn_CD8,LINC02354,-27.7636982
tAge,Tn_CD8,LINC02405,-50.85132247
tAge,Tn_CD8,LINC02519,-6.092252174
tAge,Tn_CD8,LINC02549,-17.33559192
tAge,Tn_CD8,LKAAEAR1,-29.2613601
tAge,Tn_CD8,LMTK2,-0.384116539
tAge,Tn_CD8,LRIG1,0.220149776
tAge,Tn_CD8,LRP2BP,-0.474327427
tAge,Tn_CD8,LRRC24,-2.026187703
tAge,Tn_CD8,LRRC8D,-0.098899237
tAge,Tn_CD8,LRRC8E,-47.48168819
tAge,Tn_CD8,LRRN3,-0.848558231
tAge,Tn_CD8,LTBP2,-1.812518298
tAge,Tn_CD8,LUC7L,-0.158080439
tAge,Tn_CD8,LUC7L2,-0.068709408
tAge,Tn_CD8,LZTS3,-0.107882204
tAge,Tn_CD8,MAFF,1.292059457
tAge,Tn_CD8,MAGI1,-6.902823784
tAge,Tn_CD8,MAGI2,0.751666964
tAge,Tn_CD8,MAML3,-0.954807462
tAge,Tn_CD8,MAN1C1,-0.612817397
tAge,Tn_CD8,MAN2C1,-0.545670653
tAge,Tn_CD8,MAP3K5,0.914376827
tAge,Tn_CD8,MAPK8,-0.039657238
tAge,Tn_CD8,MAVS,-0.052014117
tAge,Tn_CD8,MCOLN2,0.004351016
tAge,Tn_CD8,ME3,0.65391394
tAge,Tn_CD8,MEIOC,-8.482713046
tAge,Tn_CD8,MFAP1,0.018352024
tAge,Tn_CD8,MFAP5,-20.81188981
tAge,Tn_CD8,MFSD9,-1.233229109
tAge,Tn_CD8,MGST2,-4.127752066
tAge,Tn_CD8,MIP,-0.163624333
tAge,Tn_CD8,MIR9-3HG,-0.204109118
tAge,Tn_CD8,MIRLET7BHG,0.616498673
tAge,Tn_CD8,MIS18BP1,-0.456616103
tAge,Tn_CD8,MISP,-17.17677032
tAge,Tn_CD8,MLIP,-4.494421305
tAge,Tn_CD8,MMS19,-0.35702746
tAge,Tn_CD8,MOB1B,-0.086589888
tAge,Tn_CD8,MORF4L2-AS1,-0.006929701
tAge,Tn_CD8,MOXD1,-6.576641792
tAge,Tn_CD8,MPHOSPH10,-0.04759344
tAge,Tn_CD8,MPIG6B,-0.460909163
tAge,Tn_CD8,MRPL36,-3.633798928
tAge,Tn_CD8,MRPL42,-0.478642458
tAge,Tn_CD8,MS4A5,-9.170704487
tAge,Tn_CD8,MSR1,-2.192950469
tAge,Tn_CD8,MTMR9,-0.2126549
tAge,Tn_CD8,MTRR,0.069646134
tAge,Tn_CD8,MUC6,-8.505396119
tAge,Tn_CD8,MYO16-AS1,-36.47771205
tAge,Tn_CD8,MYO19,-0.432163686
tAge,Tn_CD8,NAALADL2,-0.058020317
tAge,Tn_CD8,NACA,-0.171045914
tAge,Tn_CD8,NAP1L4,-0.898229717
tAge,Tn_CD8,NAV2,0.884898669
tAge,Tn_CD8,NBAT1,-66.94310821
tAge,Tn_CD8,NBEA,-0.505183454
tAge,Tn_CD8,NBPF14,0.436079658
tAge,Tn_CD8,NCALD,-0.527623795
tAge,Tn_CD8,NCL,-0.142579895
tAge,Tn_CD8,NCOA3,-0.071730637
tAge,Tn_CD8,NDFIP1,-0.321980746
tAge,Tn_CD8,NDUFAF4,-0.101052005
tAge,Tn_CD8,NEAT1,0.049387352
tAge,Tn_CD8,NEFH,-0.893173492
tAge,Tn_CD8,NEFM,-11.60421141
tAge,Tn_CD8,NEK3,1.576909966
tAge,Tn_CD8,NEK5,-7.333793676
tAge,Tn_CD8,NEMP1,-0.128001698
tAge,Tn_CD8,NEURL1,-1.006362776
tAge,Tn_CD8,NEXMIF,0.058831273
tAge,Tn_CD8,NFASC,-56.42326428
tAge,Tn_CD8,NHS,4.955954283
tAge,Tn_CD8,NIFK,-0.152461534
tAge,Tn_CD8,NIPSNAP2,-0.011130802
tAge,Tn_CD8,NKX6-2,-14.35765426
tAge,Tn_CD8,NLRP14,-28.26311649
tAge,Tn_CD8,NLRP2,-1.646512138
tAge,Tn_CD8,NLRP7,-3.676709998
tAge,Tn_CD8,NME1,-0.298696573
tAge,Tn_CD8,NME1-NME2,-18.14369723
tAge,Tn_CD8,NNAT,-8.894311189
tAge,Tn_CD8,NOXO1,-8.232637603
tAge,Tn_CD8,NR1H3,3.104132467
tAge,Tn_CD8,NR1I3,-41.65984217
tAge,Tn_CD8,NR5A2,-47.62182481
tAge,Tn_CD8,NRN1L,-5.661223986
tAge,Tn_CD8,NT5E,-0.633751081
tAge,Tn_CD8,NTMT1,-0.584767135
tAge,Tn_CD8,NUCB2,-0.086870899
tAge,Tn_CD8,NUTM2B,-12.19590407
tAge,Tn_CD8,NXPE1,-20.63162586
tAge,Tn_CD8,NYX,-73.12592871
tAge,Tn_CD8,OBSCN,-0.059037444
tAge,Tn_CD8,OBSCN-AS1,-4.07373277
tAge,Tn_CD8,OBSL1,-17.30067295
tAge,Tn_CD8,OCA2,1.837411421
tAge,Tn_CD8,OCM2,-21.81463764
tAge,Tn_CD8,OLFML1,-1.302693524
tAge,Tn_CD8,OR1K1,-20.74490706
tAge,Tn_CD8,OR5B21,-6.430483582
tAge,Tn_CD8,OR5H14,-35.83422461
tAge,Tn_CD8,OSTC,-0.711337423
tAge,Tn_CD8,OVCH2,9.521253796
tAge,Tn_CD8,PAG1,-0.030913402
tAge,Tn_CD8,PAK1,-0.497448056
tAge,Tn_CD8,PAQR5,0.929718365
tAge,Tn_CD8,PATJ,0.694735991
tAge,Tn_CD8,PCDH11Y,-4.033789325
tAge,Tn_CD8,PCID2,-0.626030019
tAge,Tn_CD8,PCK2,1.817760055
tAge,Tn_CD8,PCNX1,0.627778622
tAge,Tn_CD8,PCNX2,0.519409353
tAge,Tn_CD8,PDCD1LG2,-12.81202783
tAge,Tn_CD8,PDCD2,-0.259845354
tAge,Tn_CD8,PDE10A,-2.172642252
tAge,Tn_CD8,PDE7B,-0.501683422
tAge,Tn_CD8,PDSS1,-0.058677253
tAge,Tn_CD8,PDZRN4,-24.94217785
tAge,Tn_CD8,PEAK1,-0.317279813
tAge,Tn_CD8,PEX12,0.238966258
tAge,Tn_CD8,PEX6,-0.803350947
tAge,Tn_CD8,PFN2,-1.344030117
tAge,Tn_CD8,PGAM2,-6.482804033
tAge,Tn_CD8,PIAS3,-1.034594421
tAge,Tn_CD8,PICK1,-0.253625812
tAge,Tn_CD8,PIK3CA,-0.170395868
tAge,Tn_CD8,PILRB,-0.158257514
tAge,Tn_CD8,PKD1L1,-5.909036269
tAge,Tn_CD8,PLA2G7,27.0300822
tAge,Tn_CD8,PLCB1,-0.755720949
tAge,Tn_CD8,PLCB2,-0.570994849
tAge,Tn_CD8,PLD1,5.153550555
tAge,Tn_CD8,PLEKHG4,0.61347377
tAge,Tn_CD8,PMS1,-0.456729912
tAge,Tn_CD8,PNPO,-0.453194082
tAge,Tn_CD8,PON3,-3.389875718
tAge,Tn_CD8,PPCS,-0.46438522
tAge,Tn_CD8,PPFIBP2,0.494735567
tAge,Tn_CD8,PPP1R2,-0.726106181
tAge,Tn_CD8,PPP1R9A,-0.490561549
tAge,Tn_CD8,PPP2R2B,0.621089184
tAge,Tn_CD8,PRAG1,-0.005226163
tAge,Tn_CD8,PRDM5,-0.244069844
tAge,Tn_CD8,PRKACB,-0.3530252
tAge,Tn_CD8,PRKAR1B,-0.390873919
tAge,Tn_CD8,PRKCH,-0.132836637
tAge,Tn_CD8,PRMT5,-2.175354693
tAge,Tn_CD8,PROS1,-10.57344121
tAge,Tn_CD8,PROX1,-42.42894831
tAge,Tn_CD8,PRRC2B,-0.257811749
tAge,Tn_CD8,PSKH1,-2.01367721
tAge,Tn_CD8,PSMA2,-0.477725405
tAge,Tn_CD8,PSMD10,-0.484928651
tAge,Tn_CD8,PSMD2,-0.108886937
tAge,Tn_CD8,PTGER2,0.633281964
tAge,Tn_CD8,PTK2,1.008981694
tAge,Tn_CD8,PTPRK,-0.125395761
tAge,Tn_CD8,PUDP,-0.217915393
tAge,Tn_CD8,PYCR1,-3.399150906
tAge,Tn_CD8,PYHIN1,1.132220229
tAge,Tn_CD8,PZP,1.678309805
tAge,Tn_CD8,R3HDM1,-1.319720843
tAge,Tn_CD8,RAB28,-0.138537277
tAge,Tn_CD8,RAD1,-0.616297513
tAge,Tn_CD8,RAD21-AS1,-57.42825879
tAge,Tn_CD8,RALA,-0.054461519
tAge,Tn_CD8,RANBP17,-2.447003039
tAge,Tn_CD8,RAP1B,-0.300954945
tAge,Tn_CD8,RAP1GAP2,0.538640963
tAge,Tn_CD8,RASA2,-0.224072138
tAge,Tn_CD8,RBMS3,-8.279952002
tAge,Tn_CD8,RETN,-1.727990323
tAge,Tn_CD8,RFPL2,-1.324226985
tAge,Tn_CD8,RFTN1,-0.340805934
tAge,Tn_CD8,RFXAP,-0.002455792
tAge,Tn_CD8,RGMB,0.150832276
tAge,Tn_CD8,RGPD6,-6.460623405
tAge,Tn_CD8,RHBDD1,-0.306756888
tAge,Tn_CD8,RHBDL3,-13.53575025
tAge,Tn_CD8,RHEX,2.043857398
tAge,Tn_CD8,RINT1,-0.149343034
tAge,Tn_CD8,RNF128,-27.31824697
tAge,Tn_CD8,RNF157,0.03511537
tAge,Tn_CD8,ROBO1,-1.17456001
tAge,Tn_CD8,ROPN1,-4.526227625
tAge,Tn_CD8,RORB,-23.94735977
tAge,Tn_CD8,RPAP2,-0.660340959
tAge,Tn_CD8,RPAP3,-0.403115497
tAge,Tn_CD8,RPF1,-0.44438881
tAge,Tn_CD8,RPL5,-0.123224909
tAge,Tn_CD8,RPS6KA2,-0.04917818
tAge,Tn_CD8,RPS6KL1,-2.180994816
tAge,Tn_CD8,RS1,-10.17657959
tAge,Tn_CD8,RUNX1,-0.099945181
tAge,Tn_CD8,SAE1,-0.605824061
tAge,Tn_CD8,SAMD15,-25.74771384
tAge,Tn_CD8,SAMD4A,0.845661089
tAge,Tn_CD8,SARAF,-0.512036279
tAge,Tn_CD8,SASH1,-14.26029436
tAge,Tn_CD8,SCRN1,-0.155394829
tAge,Tn_CD8,SDC4,-6.777795297
tAge,Tn_CD8,SELENOO,-0.223308813
tAge,Tn_CD8,SELENOV,-12.49294264
tAge,Tn_CD8,SEMA3E,-36.46212464
tAge,Tn_CD8,SEMA6C,-3.445446174
tAge,Tn_CD8,SERBP1,-0.205965139
tAge,Tn_CD8,SERPINE1,-5.278441826
tAge,Tn_CD8,SERTAD2,-0.061927569
tAge,Tn_CD8,SESN3,0.369462073
tAge,Tn_CD8,SESTD1,0.100366749
tAge,Tn_CD8,SFI1,-0.096002505
tAge,Tn_CD8,SFRP5,-3.900543917
tAge,Tn_CD8,SGCB,-2.879005908
tAge,Tn_CD8,SGF29,-0.183128431
tAge,Tn_CD8,SH2B2,1.396108279
tAge,Tn_CD8,SH3RF3,-0.393933062
tAge,Tn_CD8,SH3YL1,-0.049314509
tAge,Tn_CD8,SHBG,-4.004705687
tAge,Tn_CD8,SIAE,-1.114128261
tAge,Tn_CD8,SIGLEC15,-45.11302347
tAge,Tn_CD8,SIPA1L3,-0.111818753
tAge,Tn_CD8,SIRPB2,-8.084031772
tAge,Tn_CD8,SKA3,-18.501667
tAge,Tn_CD8,SLAMF1,0.403468036
tAge,Tn_CD8,SLC12A6,-0.267559927
tAge,Tn_CD8,SLC14A2-AS1,-2.259860847
tAge,Tn_CD8,SLC15A4,-0.259180202
tAge,Tn_CD8,SLC18A1,-35.24492998
tAge,Tn_CD8,SLC1A3,-22.99824395
tAge,Tn_CD8,SLC22A23,-0.596158474
tAge,Tn_CD8,SLC24A3,-4.325621799
tAge,Tn_CD8,SLC25A15,-0.494215628
tAge,Tn_CD8,SLC25A2,-20.71766747
tAge,Tn_CD8,SLC25A22,-4.145879614
tAge,Tn_CD8,SLC25A34,2.79019538
tAge,Tn_CD8,SLC35F4,-0.167261693
tAge,Tn_CD8,SLC39A6,-1.482975733
tAge,Tn_CD8,SLC47A1,-7.06963699
tAge,Tn_CD8,SLC4A11,-8.19916771
tAge,Tn_CD8,SLC5A2,-12.05073247
tAge,Tn_CD8,SLC6A3,-3.124170554
tAge,Tn_CD8,SLC7A3,-23.05189161
tAge,Tn_CD8,SLC9A9-AS1,-1.701760936
tAge,Tn_CD8,SLCO3A1,0.46453826
tAge,Tn_CD8,SLFN12L,0.9569739
tAge,Tn_CD8,SMAP1,1.092033181
tAge,Tn_CD8,SMARCA5-AS1,-3.927013644
tAge,Tn_CD8,SNHG4,-2.581047486
tAge,Tn_CD8,SNRNP40,-0.09596023
tAge,Tn_CD8,SNRPB2,0.420198068
tAge,Tn_CD8,SNTA1,-0.146225667
tAge,Tn_CD8,SNX29,-0.152976694
tAge,Tn_CD8,SORCS3,0.152415013
tAge,Tn_CD8,SOX4,-0.235887385
tAge,Tn_CD8,SP140,0.584003787
tAge,Tn_CD8,SPATA41,-14.69088013
tAge,Tn_CD8,SPC25,-3.975049231
tAge,Tn_CD8,SPECC1L-ADORA2A,-13.23252913
tAge,Tn_CD8,SPG7,-0.20411618
tAge,Tn_CD8,SPIN1,-0.634137153
tAge,Tn_CD8,SPINK9,-5.400185917
tAge,Tn_CD8,SPNS3,-1.694374391
tAge,Tn_CD8,SPON2,-0.634015958
tAge,Tn_CD8,SPX,-6.155890308
tAge,Tn_CD8,SRGAP2B,-0.078326124
tAge,Tn_CD8,SRP9,-0.344361785
tAge,Tn_CD8,SRSF8,-0.004047811
tAge,Tn_CD8,SSR3,-0.154302358
tAge,Tn_CD8,ST18,-10.81804474
tAge,Tn_CD8,ST20-AS1,-4.851386532
tAge,Tn_CD8,ST3GAL1,-0.099260799
tAge,Tn_CD8,STAMBPL1,0.690314024
tAge,Tn_CD8,STARD6,-1.573768641
tAge,Tn_CD8,STK38,-0.082584631
tAge,Tn_CD8,STMN1,-0.416003932
tAge,Tn_CD8,SULT1B1,-0.303220165
tAge,Tn_CD8,SYCP2,-0.020153345
tAge,Tn_CD8,SYDE1,-2.290045141
tAge,Tn_CD8,SYN2,-9.019828691
tAge,Tn_CD8,SYNE2,0.880067045
tAge,Tn_CD8,SYNJ2BP,-0.500448113
tAge,Tn_CD8,SYTL2,-0.035793503
tAge,Tn_CD8,TACO1,-1.121455905
tAge,Tn_CD8,TBC1D22A-AS1,-22.33477938
tAge,Tn_CD8,TBL1XR1-AS1,-3.699768362
tAge,Tn_CD8,TBL1Y,-0.74120601
tAge,Tn_CD8,TBPL2,-26.61322513
tAge,Tn_CD8,TCF4,-2.251812263
tAge,Tn_CD8,TCF7L2,-0.595405271
tAge,Tn_CD8,TEF,-1.782814768
tAge,Tn_CD8,TEFM,-2.046532194
tAge,Tn_CD8,TENM1,-0.566895121
tAge,Tn_CD8,TFAM,-0.16773455
tAge,Tn_CD8,TGFBR2,-1.22122131
tAge,Tn_CD8,TGFBR3,0.644870259
tAge,Tn_CD8,TGM4,-19.73904463
tAge,Tn_CD8,THRB,-1.708113717
tAge,Tn_CD8,TIMM17B,-0.169942215
tAge,Tn_CD8,TIMM23,-0.083020838
tAge,Tn_CD8,TLCD2,-38.05399966
tAge,Tn_CD8,TLR8,-34.90408648
tAge,Tn_CD8,TLR9,-12.47260502
tAge,Tn_CD8,TMC7,-3.140161421
tAge,Tn_CD8,TMEM106C,-0.002690281
tAge,Tn_CD8,TMEM123,-0.465169281
tAge,Tn_CD8,TMEM156,-0.049257131
tAge,Tn_CD8,TMEM167A,-0.014968488
tAge,Tn_CD8,TMEM169,-3.705527998
tAge,Tn_CD8,TMEM178A,-12.88066843
tAge,Tn_CD8,TMEM178B,-2.890971778
tAge,Tn_CD8,TMEM198,-79.45684898
tAge,Tn_CD8,TMSB15B,-1.167393302
tAge,Tn_CD8,TMTC3,0.35052329
tAge,Tn_CD8,TNFRSF21,-3.65349536
tAge,Tn_CD8,TNFRSF25,-0.041587173
tAge,Tn_CD8,TNR,-5.627132919
tAge,Tn_CD8,TONSL-AS1,-75.56087785
tAge,Tn_CD8,TOX,-0.39472799
tAge,Tn_CD8,TP53I13,0.464763785
tAge,Tn_CD8,TPCN1,0.190146588
tAge,Tn_CD8,TPD52L1,24.75584035
tAge,Tn_CD8,TPST1,-0.290498527
tAge,Tn_CD8,TPTE,-33.29049247
tAge,Tn_CD8,TRAJ12,-0.603225152
tAge,Tn_CD8,TRAJ30,-11.50854688
tAge,Tn_CD8,TRAJ40,-21.2044641
tAge,Tn_CD8,TRAPPC2,-0.234592772
tAge,Tn_CD8,TRAPPC3,-0.025856594
tAge,Tn_CD8,TRAV25,-0.676683908
tAge,Tn_CD8,TRAV31,-32.23499483
tAge,Tn_CD8,TRAV39,-2.070112143
tAge,Tn_CD8,TRAV9-2,1.074639772
tAge,Tn_CD8,TRBJ1-5,-65.54254529
tAge,Tn_CD8,TRBV11-1,-3.823746857
tAge,Tn_CD8,TRBV17,-1.825470962
tAge,Tn_CD8,TRERF1,-0.074357349
tAge,Tn_CD8,TRHR,-48.82240781
tAge,Tn_CD8,TRIM2,1.548744729
tAge,Tn_CD8,TRPC7,5.21131104
tAge,Tn_CD8,TRPT1,-0.061320487
tAge,Tn_CD8,TSGA10IP,-8.371474856
tAge,Tn_CD8,TSHZ2,0.042977641
tAge,Tn_CD8,TSPAN14,-0.264585176
tAge,Tn_CD8,TSPAN18,0.733869184
tAge,Tn_CD8,TTC14,-0.285166726
tAge,Tn_CD8,TTC39B,-0.452791991
tAge,Tn_CD8,TTN,-0.203572217
tAge,Tn_CD8,TTN-AS1,0.286944672
tAge,Tn_CD8,TTPA,-27.61022976
tAge,Tn_CD8,TUBB4B,1.230673456
tAge,Tn_CD8,TUSC2,-0.398457464
tAge,Tn_CD8,TUSC3,-0.228234313
tAge,Tn_CD8,TVP23C-CDRT4,-3.286189561
tAge,Tn_CD8,UBE2E1-AS1,15.7156403
tAge,Tn_CD8,UBE2K,-0.347065805
tAge,Tn_CD8,UBQLN3,-5.326467375
tAge,Tn_CD8,UBTF,-0.192788409
tAge,Tn_CD8,UBXN7,-0.180597029
tAge,Tn_CD8,UFC1,-0.061495611
tAge,Tn_CD8,ULBP2,-10.21238851
tAge,Tn_CD8,UNC13A,-0.414085765
tAge,Tn_CD8,UNC13C,-4.697875248
tAge,Tn_CD8,USF1,-0.641702903
tAge,Tn_CD8,USP7,-0.017436106
tAge,Tn_CD8,USP9Y,0.043914765
tAge,Tn_CD8,VAMP4,-0.02375131
tAge,Tn_CD8,VANGL2,-40.29620753
tAge,Tn_CD8,VOPP1,0.314717987
tAge,Tn_CD8,VRTN,5.499095303
tAge,Tn_CD8,VWA8-AS1,-11.00729749
tAge,Tn_CD8,WASF1,-1.360564859
tAge,Tn_CD8,WNK4,-0.13590661
tAge,Tn_CD8,WNT9A,-39.7006856
tAge,Tn_CD8,WRAP53,-6.177300206
tAge,Tn_CD8,XDH,-0.227604161
tAge,Tn_CD8,XKR7,-8.477961551
tAge,Tn_CD8,YOD1,-1.217609992
tAge,Tn_CD8,YPEL2,-0.043114067
tAge,Tn_CD8,ZBED5-AS1,-0.778757155
tAge,Tn_CD8,ZBTB18,-0.116722629
tAge,Tn_CD8,ZBTB20-AS2,-7.2910602
tAge,Tn_CD8,ZBTB24,-0.768308455
tAge,Tn_CD8,ZC3H12D,0.681998132
tAge,Tn_CD8,ZCCHC14,-0.847927222
tAge,Tn_CD8,ZCWPW2,-0.796661635
tAge,Tn_CD8,ZFY,0.026516548
tAge,Tn_CD8,ZNF155,-0.005445488
tAge,Tn_CD8,ZNF212,-0.27184638
tAge,Tn_CD8,ZNF215,-0.132902669
tAge,Tn_CD8,ZNF219,-8.262629291
tAge,Tn_CD8,ZNF248,-0.048611642
tAge,Tn_CD8,ZNF250,0.14912175
tAge,Tn_CD8,ZNF295-AS1,-4.233527661
tAge,Tn_CD8,ZNF341-AS1,-33.9968838
tAge,Tn_CD8,ZNF354A,-0.246106397
tAge,Tn_CD8,ZNF385D,-6.80800793
tAge,Tn_CD8,ZNF397,-0.01728534
tAge,Tn_CD8,ZNF426,-0.27705276
tAge,Tn_CD8,ZNF431,-0.020294958
tAge,Tn_CD8,ZNF492,-0.060902798
tAge,Tn_CD8,ZNF493,-0.07637981
tAge,Tn_CD8,ZNF549,-0.065219826
tAge,Tn_CD8,ZNF587B,-1.502951687
tAge,Tn_CD8,ZNF595,-1.121476308
tAge,Tn_CD8,ZNF621,-0.61480974
tAge,Tn_CD8,ZNF641,-0.29971753
tAge,Tn_CD8,ZNF727,2.133981788
tAge,Tn_CD8,ZNF761,-1.005512563
tAge,Tn_CD8,ZNF792,-3.387917853
tAge,Tn_CD8,ZNF800,-0.450476919
tAge,Tn_CD8,ZNF823,-1.102723502
tAge,Tn_CD8,ZNF90,-0.258366235
tAge,Tn_CD8,ZNF91,-0.194470509
tAge,Tn_CD8,ZSCAN18,-0.618542245
tAge,Tn_CD8,ZSWIM5,0.988958163
tAge,Tn_CD8,ZXDB,-0.018408659
tAge,nMC,(Intercept),37.89098467
tAge,nMC,A1BG,1.770920348
tAge,nMC,AATF,0.568763915
tAge,nMC,ABCB10,0.574115927
tAge,nMC,ABCF2,-10.78118032
tAge,nMC,ABHD12,0.181597896
tAge,nMC,ABRA,-168.1524906
tAge,nMC,ACE,13.44473958
tAge,nMC,ACTN1,-0.090263819
tAge,nMC,ACTR5,1.027884103
tAge,nMC,ADAM10,0.146266091
tAge,nMC,ADAM11,24.76363316
tAge,nMC,ADAMTS10,-1.469519743
tAge,nMC,ADAP2,-0.434891755
tAge,nMC,ADGRA3,-1.376043232
tAge,nMC,ADGRB1,2.114480565
tAge,nMC,ADGRD1,-0.456690234
tAge,nMC,ADH5,-0.073812823
tAge,nMC,AFF2,-1.037291507
tAge,nMC,AGR2,6.694050803
tAge,nMC,AIM2,0.724460628
tAge,nMC,AKAP13,0.440313483
tAge,nMC,ALDH5A1,-1.7845744
tAge,nMC,AMHR2,68.41934953
tAge,nMC,AMIGO2,-0.057489248
tAge,nMC,AMMECR1L,0.463692155
tAge,nMC,AMPD1,-6.029893592
tAge,nMC,ANAPC11,4.336298537
tAge,nMC,ANKHD1,0.592145668
tAge,nMC,ANKRD12,0.112177893
tAge,nMC,ANKRD31,-0.631577346
tAge,nMC,ANKRD39,-0.564060436
tAge,nMC,ANKZF1,-0.891959462
tAge,nMC,ANXA9,-1.222752017
tAge,nMC,APCDD1,17.28452625
tAge,nMC,AQP9,0.027322659
tAge,nMC,ARHGAP19,0.960004053
tAge,nMC,ARHGAP29,0.825595489
tAge,nMC,ARL8B,0.070987596
tAge,nMC,ARL9,-0.57487843
tAge,nMC,ARMC3,54.46619767
tAge,nMC,ARRDC3-AS1,0.269406964
tAge,nMC,ART3,10.37029464
tAge,nMC,ASPM,12.29137616
tAge,nMC,ATAD3C,3.002265051
tAge,nMC,ATG4D,0.025744726
tAge,nMC,ATOH8,-3.506952374
tAge,nMC,ATP10A,-0.160095328
tAge,nMC,ATP2C1,-0.123820665
tAge,nMC,AVL9,0.185789458
tAge,nMC,AZI2,0.320126198
tAge,nMC,B3GALNT2,0.321612001
tAge,nMC,B3GNT4,22.16848957
tAge,nMC,B9D1,0.696169522
tAge,nMC,BAALC,21.41448503
tAge,nMC,BAALC-AS2,-38.39268974
tAge,nMC,BAIAP2L2,-0.038885292
tAge,nMC,BCL2L11,0.063200079
tAge,nMC,BCL7A,-0.776736118
tAge,nMC,BEND7,31.60443426
tAge,nMC,BGLAP,-1.599823411
tAge,nMC,BOD1,-0.249454303
tAge,nMC,BORCS7,0.618543343
tAge,nMC,C12orf50,-2.011213422
tAge,nMC,C14orf39,-18.23054411
tAge,nMC,C15orf61,1.64123996
tAge,nMC,C1orf141,10.91788565
tAge,nMC,C3orf62,0.824197667
tAge,nMC,C4orf36,6.88775807
tAge,nMC,C5AR1,-0.092713413
tAge,nMC,C5orf63,-0.035866805
tAge,nMC,C6orf62,0.05125238
tAge,nMC,CABCOCO1,31.81317794
tAge,nMC,CACHD1,-4.50724664
tAge,nMC,CALML4,0.274542205
tAge,nMC,CALN1,-1.407738364
tAge,nMC,CAMK2N1,-7.117631285
tAge,nMC,CAMTA1-DT,6.437337644
tAge,nMC,CAPN2,0.218997633
tAge,nMC,CAPNS1,0.305094008
tAge,nMC,CARMIL1,-0.067396583
tAge,nMC,CBLN3,-0.290105093
tAge,nMC,CCDC144NL,-16.72742671
tAge,nMC,CCDC149,0.789561436
tAge,nMC,CCDC167,-0.049234259
tAge,nMC,CCDC17,6.910077566
tAge,nMC,CCDC30,0.817833594
tAge,nMC,CCDC39,10.44212312
tAge,nMC,CCL28,-0.163241072
tAge,nMC,CCR7,-0.056495352
tAge,nMC,CD302,-0.161295966
tAge,nMC,CD6,-0.114835692
tAge,nMC,CD80,4.82990214
tAge,nMC,CDC42EP5,6.136041283
tAge,nMC,CDHR1,26.19347687
tAge,nMC,CDK7,0.614775618
tAge,nMC,CDKN1C,0.093998669
tAge,nMC,CDV3,-0.035378124
tAge,nMC,CDYL,-0.232770273
tAge,nMC,CEBPA-DT,27.70743904
tAge,nMC,CENPE,0.551034869
tAge,nMC,CEP152,0.267677568
tAge,nMC,CFAP61,16.81909553
tAge,nMC,CFAP97D1,9.909883756
tAge,nMC,CFTR,12.17459602
tAge,nMC,CHD6,-0.059637481
tAge,nMC,CIAPIN1,-0.984502058
tAge,nMC,CITED4,-12.91731697
tAge,nMC,CIZ1,-0.140487105
tAge,nMC,CLDN4,11.9497304
tAge,nMC,CLEC4D,0.596581355
tAge,nMC,CLIP1-AS1,-23.47510297
tAge,nMC,CLN5,1.75154729
tAge,nMC,CLRN3,17.68705813
tAge,nMC,CMTM7,-0.220356789
tAge,nMC,CMTM8,-0.377334486
tAge,nMC,CNFN,71.72943708
tAge,nMC,CNGA4,1.397375326
tAge,nMC,CNPY2,-0.021734788
tAge,nMC,CNST,-0.169752792
tAge,nMC,CNTN1,114.5218325
tAge,nMC,CNTNAP3,-0.797879509
tAge,nMC,CNTNAP3B,-11.40855822
tAge,nMC,COCH,-16.45391378
tAge,nMC,COL18A1,-0.903965961
tAge,nMC,CORO1A,-0.057325407
tAge,nMC,CORO1C,0.009332823
tAge,nMC,CORO7,0.424935505
tAge,nMC,COTL1,-0.032391832
tAge,nMC,CPB2-AS1,14.98267419
tAge,nMC,CPOX,0.175839758
tAge,nMC,CR2,-2.318586757
tAge,nMC,CROCC2,0.37709982
tAge,nMC,CRY1,0.397779003
tAge,nMC,CRYBG3,0.425273364
tAge,nMC,CSMD1,5.130872686
tAge,nMC,CUL7,4.78660094
tAge,nMC,CYB5R4,0.042658691
tAge,nMC,CYP2S1,-0.755147755
tAge,nMC,CYP4F22,0.351908946
tAge,nMC,DBNDD1,31.47910555
tAge,nMC,DCDC2B,28.00003817
tAge,nMC,DENND3,-0.128617442
tAge,nMC,DEPDC7,-0.668686744
tAge,nMC,DHRS7B,0.426748118
tAge,nMC,DHX35,0.035494942
tAge,nMC,DIAPH2,0.067575806
tAge,nMC,DIO2,-19.98866202
tAge,nMC,DIXDC1,-1.494785091
tAge,nMC,DLGAP2,1.215438951
tAge,nMC,DLL1,12.2429778
tAge,nMC,DLL3,10.72723671
tAge,nMC,DNAJA1,-0.146655665
tAge,nMC,DNASE1L1,0.00875689
tAge,nMC,DOCK1,-0.279001003
tAge,nMC,DOCK4-AS1,117.7523922
tAge,nMC,DPM1,0.066103085
tAge,nMC,DPY19L2,-3.019535392
tAge,nMC,DRAM1,0.182483428
tAge,nMC,DTNB,-0.250888602
tAge,nMC,DUOX2,3.327678323
tAge,nMC,ECHDC3,-1.888507613
tAge,nMC,ECI1,-0.014819669
tAge,nMC,EEF1A1,-0.483328079
tAge,nMC,EEF1AKMT4,14.04148354
tAge,nMC,EEF1G,-0.160227052
tAge,nMC,EFCAB11,0.030118341
tAge,nMC,EFL1,0.295181065
tAge,nMC,EGR4,17.51391153
tAge,nMC,EHD4,0.104197669
tAge,nMC,EIPR1,0.395979998
tAge,nMC,ELMOD2,0.364104423
tAge,nMC,EPGN,36.36348121
tAge,nMC,EPS15,0.206886814
tAge,nMC,ERBB2,-1.262863154
tAge,nMC,ERCC6,0.232559379
tAge,nMC,ERI1,0.342604431
tAge,nMC,ETV2,11.8711366
tAge,nMC,EVL,-0.085101326
tAge,nMC,EXPH5,-0.121121865
tAge,nMC,EXT1,0.016471605
tAge,nMC,EXTL3,0.996688314
tAge,nMC,EYA2,24.13423469
tAge,nMC,F8A3,26.44997909
tAge,nMC,FADS3,-0.49984337
tAge,nMC,FAM156B,-0.906064806
tAge,nMC,FAM162A,0.729160491
tAge,nMC,FAM171A1,-0.545936805
tAge,nMC,FAM223A,22.19315624
tAge,nMC,FAM66C,-0.358979671
tAge,nMC,FAM72A,0.595096077
tAge,nMC,FAM83D,0.386589832
tAge,nMC,FAM89A,5.681319968
tAge,nMC,FAR1,0.020974676
tAge,nMC,FARP2,0.13595528
tAge,nMC,FBXW7,0.00462627
tAge,nMC,FCGR2B,-0.016676042
tAge,nMC,FCGR3A,-0.005859915
tAge,nMC,FGFR2,14.29917447
tAge,nMC,FGFR4,12.78773166
tAge,nMC,FGL2,-0.023334759
tAge,nMC,FHAD1,7.600549776
tAge,nMC,FIG4,0.171246502
tAge,nMC,FIGNL2,0.038625428
tAge,nMC,FILNC1,0.783000655
tAge,nMC,FKTN,-0.101999925
tAge,nMC,FLRT1,2.510363849
tAge,nMC,FOXD4L3,25.78654266
tAge,nMC,FOXN2,0.430277776
tAge,nMC,FOXP4-AS1,34.38179161
tAge,nMC,FSTL5,4.615164665
tAge,nMC,FUT8-AS1,0.854371297
tAge,nMC,FXYD7,-1.731915358
tAge,nMC,G3BP2,-0.396243199
tAge,nMC,GABPB1-AS1,-0.750589024
tAge,nMC,GABRA2,58.76176076
tAge,nMC,GATM,2.206372919
tAge,nMC,GBP6,22.4065296
tAge,nMC,GDAP2,0.307568623
tAge,nMC,gender,0.366839849
tAge,nMC,GIPC2,-0.04361012
tAge,nMC,GK5,0.083562602
tAge,nMC,GLIS3,-0.33675109
tAge,nMC,GNAO1,0.257227561
tAge,nMC,GNAZ,25.29168075
tAge,nMC,GNB1,0.139896195
tAge,nMC,GNB1L,-2.078432444
tAge,nMC,GNG12-AS1,62.22456732
tAge,nMC,GNS,-0.260107253
tAge,nMC,GOLGA8K,-0.328804043
tAge,nMC,GOLM1,0.051695055
tAge,nMC,GPATCH2,-0.029051545
tAge,nMC,GPLD1,-0.029983413
tAge,nMC,GPR162,4.330342894
tAge,nMC,GPR20,0.074886671
tAge,nMC,GRAMD1C,0.006342846
tAge,nMC,GRINA,0.728076172
tAge,nMC,GRM7,10.41349107
tAge,nMC,GYPA,49.35652809
tAge,nMC,HACE1,-0.120003492
tAge,nMC,HAND2-AS1,8.300261721
tAge,nMC,HAR1B,17.61035865
tAge,nMC,HAT1,0.04416048
tAge,nMC,HBA1,0.331758789
tAge,nMC,HCK,-0.016438694
tAge,nMC,HCRTR1,2.741041884
tAge,nMC,HDDC3,1.988937533
tAge,nMC,HES4,0.663952246
tAge,nMC,HEXIM1,1.126256749
tAge,nMC,HGSNAT,0.342331767
tAge,nMC,HILPDA,1.729280459
tAge,nMC,HIST1H3A,1.613796742
tAge,nMC,HIST1H3F,4.827966234
tAge,nMC,HIST3H2A,1.359993947
tAge,nMC,HLA-DQB2,21.15868085
tAge,nMC,HMG20B,0.086424877
tAge,nMC,HMOX1,-0.019900613
tAge,nMC,HR,57.51844598
tAge,nMC,HSBP1L1,-0.061642638
tAge,nMC,HSCB,-1.033415867
tAge,nMC,HSD17B10,0.865974805
tAge,nMC,HSF5,-1.042066336
tAge,nMC,HSP90AA1,-0.158750044
tAge,nMC,HYOU1,0.56363132
tAge,nMC,IFIT5,0.223709611
tAge,nMC,IFITM10,38.29899254
tAge,nMC,IFT43,0.45763024
tAge,nMC,IGF1R,-0.052520295
tAge,nMC,IGHE,-16.74803597
tAge,nMC,IGKV1-8,5.354941773
tAge,nMC,IGKV1OR1-1,24.55534125
tAge,nMC,IGLL5,-10.21901223
tAge,nMC,IGLV2-8,2.733263209
tAge,nMC,IGSF9B,0.610961779
tAge,nMC,IL12RB1,1.038265766
tAge,nMC,IL2RA,-0.198608757
tAge,nMC,ILDR1,3.037697974
tAge,nMC,ILDR2,7.582142595
tAge,nMC,IMPG2,-0.054690565
tAge,nMC,INHBA-AS1,3.161425118
tAge,nMC,INTS7,0.183798981
tAge,nMC,ISM2,50.87404848
tAge,nMC,ITGB5,9.357443011
tAge,nMC,JAG1,1.860636438
tAge,nMC,KAT5,-0.120676232
tAge,nMC,KCNE4,15.54070642
tAge,nMC,KCNMA1-AS1,6.666118474
tAge,nMC,KCNRG,83.22555573
tAge,nMC,KCP,0.799221843
tAge,nMC,KCTD9,0.800378877
tAge,nMC,KDF1,5.805368907
tAge,nMC,KDM5B,-0.419415481
tAge,nMC,KIAA1549L,-7.720286182
tAge,nMC,KIF2A,-0.0000228
tAge,nMC,KLF15,7.438211863
tAge,nMC,KLHL21,1.437156553
tAge,nMC,KLHL28,-0.584882537
tAge,nMC,KLHL29,-0.613470104
tAge,nMC,KLRC4-KLRK1,-0.00313577
tAge,nMC,KLRG1,-0.079415228
tAge,nMC,KNDC1,0.210233303
tAge,nMC,KPNA1,-0.214281456
tAge,nMC,KRAS,0.095220913
tAge,nMC,LAG3,-2.123556994
tAge,nMC,LCLAT1,-0.04749105
tAge,nMC,LEPROTL1,-0.446763125
tAge,nMC,LHX2,13.86540853
tAge,nMC,LHX4,6.909334607
tAge,nMC,LILRA6,4.473049482
tAge,nMC,LILRB3,0.004822687
tAge,nMC,LIMS2,26.39330868
tAge,nMC,LINC00529,23.89502266
tAge,nMC,LINC00624,8.667927663
tAge,nMC,LINC00698,19.66874243
tAge,nMC,LINC00880,-0.923298458
tAge,nMC,LINC00992,16.52949078
tAge,nMC,LINC01132,-20.70931707
tAge,nMC,LINC01234,0.858708181
tAge,nMC,LINC01252,-1.06344162
tAge,nMC,LINC01259,-1.183444577
tAge,nMC,LINC01535,3.731163014
tAge,nMC,LINC01537,33.68959517
tAge,nMC,LINC01550,-0.040282613
tAge,nMC,LINC01554,24.74037685
tAge,nMC,LINC01678,-0.564364355
tAge,nMC,LINC01708,22.76032888
tAge,nMC,LINC01725,-0.135615149
tAge,nMC,LINC01798,20.02232865
tAge,nMC,LINC01852,3.984470999
tAge,nMC,LINC01899,19.39631611
tAge,nMC,LINC01933,2.119472559
tAge,nMC,LINC01970,4.942691062
tAge,nMC,LINC02029,0.620127886
tAge,nMC,LINC02057,30.08296353
tAge,nMC,LINC02161,3.37125052
tAge,nMC,LINC02185,-0.964490036
tAge,nMC,LINC02226,18.1690451
tAge,nMC,LINC02241,-1.155945521
tAge,nMC,LINC02274,16.69624249
tAge,nMC,LINC02327,22.18144803
tAge,nMC,LINC02356,0.742492883
tAge,nMC,LINC02384,-0.033061904
tAge,nMC,LINC02432,0.04348379
tAge,nMC,LINC02502,38.37960162
tAge,nMC,LINC02539,2.450218655
tAge,nMC,LINC02561,14.39499886
tAge,nMC,LIPN,0.021695328
tAge,nMC,LLPH-DT,2.271087113
tAge,nMC,LMLN,-0.086980366
tAge,nMC,LMNB1,-0.123417431
tAge,nMC,LRP1,0.143744146
tAge,nMC,LRP4-AS1,53.75682544
tAge,nMC,LRRC24,32.79780688
tAge,nMC,LRRC7,-1.219813752
tAge,nMC,LRRK1,0.415359138
tAge,nMC,LRRN3,-0.663500329
tAge,nMC,LTK,-7.467195955
tAge,nMC,LTV1,-0.69416081
tAge,nMC,LUC7L,-0.021396141
tAge,nMC,LYPD6B,-1.260536513
tAge,nMC,LYPD8,30.81698878
tAge,nMC,M1AP,4.169991921
tAge,nMC,MAEL,24.71252966
tAge,nMC,MALRD1,-2.122686442
tAge,nMC,MALSU1,-0.616151219
tAge,nMC,MAMLD1,4.76578775
tAge,nMC,MAN1A1,0.236586119
tAge,nMC,MAN2A2,0.159699359
tAge,nMC,MAPK12,-12.57003988
tAge,nMC,MARCKS,0.39664746
tAge,nMC,MATN2,-2.720980613
tAge,nMC,MBD2,0.043176566
tAge,nMC,MBD3L1,-11.68637843
tAge,nMC,MCUB,-0.040468966
tAge,nMC,MCUR1,-0.018199382
tAge,nMC,MED20,0.518964845
tAge,nMC,MED23,0.042264491
tAge,nMC,MED31,0.960955649
tAge,nMC,MFSD12,0.961240142
tAge,nMC,MIR34AHG,1.051115024
tAge,nMC,MIS18A,-1.036808218
tAge,nMC,MISP,3.809348045
tAge,nMC,MMAB,-1.236740723
tAge,nMC,MNDA,0.229908247
tAge,nMC,MR1,0.479275168
tAge,nMC,MRM2,1.481875645
tAge,nMC,MRPL11,1.959927707
tAge,nMC,MRPL18,0.213356459
tAge,nMC,MRPS10,-1.080228424
tAge,nMC,MRPS12,5.232141963
tAge,nMC,MSC-AS1,0.981836661
tAge,nMC,MSR1,0.711641124
tAge,nMC,MT1X,1.104015814
tAge,nMC,MTA3,-0.154818386
tAge,nMC,MTAP,-0.304184579
tAge,nMC,MTMR1,-0.526954605
tAge,nMC,MTX3,-0.332652032
tAge,nMC,MUC19,-837.5114527
tAge,nMC,MUC4,14.02865314
tAge,nMC,MYO19,0.732353796
tAge,nMC,MYO1H,16.13900992
tAge,nMC,MYO3B,0.217475726
tAge,nMC,MYO5A,0.088785429
tAge,nMC,MYO7B,1.468466461
tAge,nMC,MYO9A,-0.336018259
tAge,nMC,MYOCOS,-2.811304331
tAge,nMC,MYRFL,-0.97324591
tAge,nMC,NAA25,-0.199849003
tAge,nMC,NCF1,0.411835342
tAge,nMC,NDFIP2,-2.694014948
tAge,nMC,NDRG1,0.572294661
tAge,nMC,NDUFB5,-0.245034734
tAge,nMC,NGEF,45.47403796
tAge,nMC,NKPD1,-8.85762636
tAge,nMC,NLK,-0.163736417
tAge,nMC,NMU,23.35997598
tAge,nMC,NOD2,0.776430289
tAge,nMC,NPM1,-0.431839293
tAge,nMC,NRAV,7.785807447
tAge,nMC,NRCAM,-0.655027033
tAge,nMC,NRIR,0.253125525
tAge,nMC,NRXN2,-6.083942608
tAge,nMC,NT5C3B,1.907212468
tAge,nMC,NT5DC3,-2.722197081
tAge,nMC,NUAK1,2.767164347
tAge,nMC,NUBP2,6.794173979
tAge,nMC,NUBPL,-0.12864735
tAge,nMC,NUP93,-0.021397564
tAge,nMC,NUTM2G,-10.70852983
tAge,nMC,OBSCN,-1.006096077
tAge,nMC,OBSCN-AS1,-2.938097845
tAge,nMC,OBSL1,169.5142095
tAge,nMC,OMG,5.3965494
tAge,nMC,OSBP,-0.540167691
tAge,nMC,OSMR,10.20633624
tAge,nMC,OSTM1,0.22088575
tAge,nMC,P2RY1,0.669900845
tAge,nMC,P2RY12,0.517122251
tAge,nMC,P3H2,-15.2348187
tAge,nMC,PANK3,0.090291693
tAge,nMC,PASK,-0.49657246
tAge,nMC,PATJ,0.007720135
tAge,nMC,PCDHGA9,16.01867643
tAge,nMC,PDCD4-AS1,-5.970383243
tAge,nMC,PDCL3,1.835637159
tAge,nMC,PDZD7,-6.24284771
tAge,nMC,PGC,91.32280645
tAge,nMC,PGD,0.104558825
tAge,nMC,PGGHG,-0.313096481
tAge,nMC,PHB2,-0.504024241
tAge,nMC,PHKG1,-0.745257103
tAge,nMC,PIK3IP1,-0.398453331
tAge,nMC,PIK3R4,0.243875417
tAge,nMC,PIKFYVE,0.230046225
tAge,nMC,PIP5K1C,0.354454771
tAge,nMC,PLCH2,-4.672639681
tAge,nMC,PLCXD3,20.89013097
tAge,nMC,PLEKHM1,0.2038986
tAge,nMC,PLPPR4,-0.895912296
tAge,nMC,PLTP,19.7502112
tAge,nMC,PLXDC2,0.062353421
tAge,nMC,PLXNA4,1.695759698
tAge,nMC,PNMA6A,30.32878411
tAge,nMC,POLE,0.648346154
tAge,nMC,POLR2B,0.518900796
tAge,nMC,POLR2D,-0.224185368
tAge,nMC,POMP,0.260014993
tAge,nMC,POTEJ,9.794122607
tAge,nMC,PPM1L,-0.103264945
tAge,nMC,PPP2R3C,0.415302227
tAge,nMC,PREPL,-0.115959223
tAge,nMC,PRICKLE3,5.224935488
tAge,nMC,PRKAA1,-0.084147142
tAge,nMC,PRKAG1,0.099967164
tAge,nMC,PRKN,-0.323404869
tAge,nMC,PROZ,27.31297367
tAge,nMC,PRPS1,-0.420829929
tAge,nMC,PRR22,27.59148454
tAge,nMC,PSMB8-AS1,0.097947919
tAge,nMC,PSMD12,0.094768274
tAge,nMC,PSMD5,-0.571954676
tAge,nMC,PSPC1,-0.208594675
tAge,nMC,PTPN11,0.261359175
tAge,nMC,PTPN2,0.41597054
tAge,nMC,PTPN3,-13.59224185
tAge,nMC,PTPRK,-1.419496786
tAge,nMC,PUM1,-0.069731653
tAge,nMC,PYCARD,0.220651208
tAge,nMC,PYGL,0.414588161
tAge,nMC,RAB26,-2.792283923
tAge,nMC,RAB30,-0.152670302
tAge,nMC,RAB3D,0.00095223
tAge,nMC,RANBP2,0.087460244
tAge,nMC,RAP1GDS1,0.139441749
tAge,nMC,RAPGEF4,-0.902325756
tAge,nMC,RASD2,46.02362935
tAge,nMC,RASSF4,0.277592304
tAge,nMC,RCAN2,0.867718181
tAge,nMC,RECQL,0.262763802
tAge,nMC,REPS2,0.054054958
tAge,nMC,RETREG1,-0.095050727
tAge,nMC,RFXANK,0.433327782
tAge,nMC,RGS1,2.900526002
tAge,nMC,RGS10,-0.327529675
tAge,nMC,RHOQ,-0.068667058
tAge,nMC,RIMKLB,-0.300174963
tAge,nMC,RIMS2,1.203468258
tAge,nMC,RNF10,0.22445298
tAge,nMC,RNF175,-0.842191537
tAge,nMC,RNF24,0.236201716
tAge,nMC,RNF31,2.860032162
tAge,nMC,RORA-AS1,-0.23977408
tAge,nMC,RPL27,0.216530439
tAge,nMC,RPL37,-0.066270134
tAge,nMC,RPS6KA2,0.331942732
tAge,nMC,RRM1,0.941078506
tAge,nMC,RSBN1,-0.171549691
tAge,nMC,RSU1,-0.154642754
tAge,nMC,RTEL1-TNFRSF6B,1.260144626
tAge,nMC,RUBCNL,0.315099415
tAge,nMC,SAC3D1,-2.737082828
tAge,nMC,SAMD12,-0.040532595
tAge,nMC,SARNP,0.68653622
tAge,nMC,SATB2-AS1,-8.205023238
tAge,nMC,SCAND1,-0.626155078
tAge,nMC,SCARF1,-0.564120747
tAge,nMC,SCML1,-0.335276626
tAge,nMC,SCNM1,0.501571017
tAge,nMC,SDC3,1.102702275
tAge,nMC,SELENOS,0.066174808
tAge,nMC,SENP3,-1.270674884
tAge,nMC,SF1,-0.02200418
tAge,nMC,SF3B6,0.875219008
tAge,nMC,SFTPD-AS1,23.51833706
tAge,nMC,SGK2,-9.714415937
tAge,nMC,SH3GL1,-0.288807595
tAge,nMC,SHISA4,45.3609744
tAge,nMC,SIGLEC11,7.481353791
tAge,nMC,SIGLEC6,48.57901282
tAge,nMC,SLC11A1,0.168552448
tAge,nMC,SLC22A14,2.405061319
tAge,nMC,SLC22A24,85.3423859
tAge,nMC,SLC23A1,11.95402705
tAge,nMC,SLC25A29,-0.284047584
tAge,nMC,SLC25A53,0.370210386
tAge,nMC,SLC26A4,12.95055007
tAge,nMC,SLC26A4-AS1,37.26189116
tAge,nMC,SLC27A1,0.571159412
tAge,nMC,SLC31A1,0.003799621
tAge,nMC,SLC35F5,0.175595957
tAge,nMC,SLC37A4,-6.429274413
tAge,nMC,SLC38A11,12.20238294
tAge,nMC,SLC39A10,-0.003433028
tAge,nMC,SLC47A1,10.70185012
tAge,nMC,SLC4A1,37.6541026
tAge,nMC,SLC4A5,-7.523977357
tAge,nMC,SLC4A8,0.045687739
tAge,nMC,SLC7A13,58.06891567
tAge,nMC,SLFNL1,-3.650936039
tAge,nMC,SNHG22,-0.199637202
tAge,nMC,SNRK-AS1,-7.470451405
tAge,nMC,SNRNP70,0.121832154
tAge,nMC,SNTG2,-1.065006514
tAge,nMC,SNX30,0.190953508
tAge,nMC,SORBS3,2.714400237
tAge,nMC,SPAG7,-0.098833273
tAge,nMC,SPATA3,70.13941842
tAge,nMC,SPATC1,1.321394158
tAge,nMC,SPINK9,123.7947006
tAge,nMC,SPON1-AS1,-0.120949447
tAge,nMC,SPRY1,11.18324838
tAge,nMC,SPRY3,0.634349983
tAge,nMC,SPTA1,14.40408185
tAge,nMC,SRCIN1,6.685237473
tAge,nMC,SSPN,3.021919573
tAge,nMC,SSTR2,47.45525214
tAge,nMC,ST3GAL6-AS1,10.57953683
tAge,nMC,ST6GALNAC2,2.682394763
tAge,nMC,ST7L,0.18518669
tAge,nMC,STK17A,-0.09835762
tAge,nMC,STK32A-AS1,16.96839711
tAge,nMC,STON2,-0.04373734
tAge,nMC,STX17,-0.022685267
tAge,nMC,SUPT6H,0.169153033
tAge,nMC,SV2A,-16.59578628
tAge,nMC,SVIP,-0.12043062
tAge,nMC,SYK,0.000355348
tAge,nMC,SYN1,7.619400969
tAge,nMC,SYNGR2,0.023425346
tAge,nMC,TACR3,3.42550865
tAge,nMC,TADA2A,0.425209151
tAge,nMC,TANK,0.322360391
tAge,nMC,TBC1D3,-7.209305574
tAge,nMC,TCEAL9,78.91809516
tAge,nMC,TCEANC2,-0.128133736
tAge,nMC,TCIRG1,0.350571744
tAge,nMC,TCP11L1,0.406890845
tAge,nMC,TEKT5,87.89432184
tAge,nMC,TENM3,15.17646131
tAge,nMC,TEX11,0.355064679
tAge,nMC,TG,-0.763772287
tAge,nMC,THEMIS,0.047210726
tAge,nMC,TIMP3,8.602024482
tAge,nMC,TIPARP,0.0763369
tAge,nMC,TJP2,0.098342619
tAge,nMC,TMEFF2,21.354444
tAge,nMC,TMEM104,0.574687041
tAge,nMC,TMEM106B,-0.225121671
tAge,nMC,TMEM131L,-0.393234198
tAge,nMC,TMEM132B,17.36514952
tAge,nMC,TMEM132D,-4.577498441
tAge,nMC,TMEM163,-0.110860551
tAge,nMC,TMEM17,29.58486316
tAge,nMC,TMEM170B,0.061902075
tAge,nMC,TMEM191B,12.39337341
tAge,nMC,TMF1,-0.126113156
tAge,nMC,TMPRSS9,-11.68230274
tAge,nMC,TNFSF13B,-0.148769408
tAge,nMC,TNRC6C,-0.010859776
tAge,nMC,TOM1L1,-2.234165941
tAge,nMC,TPO,-20.59904708
tAge,nMC,TRAFD1,0.743488735
tAge,nMC,TRAIP,2.422782231
tAge,nMC,TRAJ25,-14.62017532
tAge,nMC,TRAJ4,83.4626351
tAge,nMC,TRAJ6,-9.83859501
tAge,nMC,TRAV17,-0.38131481
tAge,nMC,TRAV38-1,-4.543570134
tAge,nMC,TRBJ2-7,21.00294512
tAge,nMC,TRBV14,-1.485310626
tAge,nMC,TRBV16,-2.117980435
tAge,nMC,TRBV7-6,24.11464806
tAge,nMC,TREM1,0.375475996
tAge,nMC,TRIM8,0.323092098
tAge,nMC,TRMT11,-0.161807418
tAge,nMC,TRPC4AP,0.265506444
tAge,nMC,TSEN34,-0.435677622
tAge,nMC,TTC3,-0.132040313
tAge,nMC,TUBD1,-0.779255201
tAge,nMC,TUSC1,66.43829522
tAge,nMC,U2AF2,-0.018415977
tAge,nMC,UBE2J1,0.050613695
tAge,nMC,UBXN2B,0.10498905
tAge,nMC,UNC79,7.070542443
tAge,nMC,UNK,-0.097198682
tAge,nMC,UPP2,-0.096443609
tAge,nMC,UQCC1,0.607561298
tAge,nMC,URI1,-0.209121344
tAge,nMC,URM1,0.042865553
tAge,nMC,USP6,-3.045208421
tAge,nMC,USP7,-0.00170666
tAge,nMC,USP9Y,0.197238708
tAge,nMC,VAMP1,-0.191203289
tAge,nMC,VAT1L,81.20522781
tAge,nMC,VENTX,2.550254525
tAge,nMC,VIT,2.509520585
tAge,nMC,VNN2,0.115991412
tAge,nMC,VWDE,-0.739084173
tAge,nMC,WDR49,0.029517659
tAge,nMC,WDR5B,-0.203303826
tAge,nMC,WDR64,-3.177854505
tAge,nMC,WDR70,0.292192346
tAge,nMC,WEE2,37.41056616
tAge,nMC,WLS,5.475538328
tAge,nMC,WWP2,0.050213938
tAge,nMC,XAF1,0.191798744
tAge,nMC,YIPF7,6.015527446
tAge,nMC,ZBTB7A,0.084972864
tAge,nMC,ZC3H11B,4.483742969
tAge,nMC,ZDHHC19,18.93785032
tAge,nMC,ZFP28,-6.680102153
tAge,nMC,ZFX-AS1,3.159859494
tAge,nMC,ZMAT4,2.512934463
tAge,nMC,ZNF10,-0.114029447
tAge,nMC,ZNF181,-0.358296301
tAge,nMC,ZNF232,1.116325367
tAge,nMC,ZNF329,-0.373070651
tAge,nMC,ZNF337,-0.709254789
tAge,nMC,ZNF395,-4.986287749
tAge,nMC,ZNF428,-0.586722612
tAge,nMC,ZNF559-ZNF177,0.987741364
tAge,nMC,ZNF625-ZNF20,92.13192297
tAge,nMC,ZNF671,-2.099273024
tAge,nMC,ZNF713,7.621188896
tAge,nMC,ZNF804A,-0.171806141
tAge,nMC,ZSWIM7,0.373523474
tAge,cDC,(Intercept),46.9213357
tAge,cDC,ABCB7,-0.35627101
tAge,cDC,ADAM28,-0.361813054
tAge,cDC,ADAT1,-0.376246439
tAge,cDC,ADGRE5,0.072064732
tAge,cDC,AGA,-3.116864321
tAge,cDC,AGPAT4,0.12245575
tAge,cDC,AHCTF1,-0.191063044
tAge,cDC,AKR1B1,-0.573908885
tAge,cDC,ALDH4A1,-11.79827165
tAge,cDC,ALDH8A1,-0.307103927
tAge,cDC,ANKRD11,0.232050059
tAge,cDC,ANOS1,2.945630845
tAge,cDC,ANXA1,0.049719836
tAge,cDC,AP4E1,0.178140145
tAge,cDC,APEH,-0.673294181
tAge,cDC,AQP11,5.422094692
tAge,cDC,AQP9,0.027979618
tAge,cDC,ARHGAP32,-0.107210191
tAge,cDC,ARHGAP44,-3.28211233
tAge,cDC,ARID5B,0.220404201
tAge,cDC,ARL6IP1,1.08447111
tAge,cDC,ARMC10,-0.064167553
tAge,cDC,ARMCX4,-0.115440419
tAge,cDC,ATXN2,-0.475012485
tAge,cDC,ATXN7L1,0.203213638
tAge,cDC,B3GLCT,-0.445413089
tAge,cDC,B3GNT2,0.438645781
tAge,cDC,B4GALT6,-0.113567444
tAge,cDC,BCAM,0.792400636
tAge,cDC,BCAS4,-0.206188748
tAge,cDC,BCL2L2,1.760817042
tAge,cDC,BCL9,-2.36414755
tAge,cDC,BLOC1S4,-3.331619367
tAge,cDC,BLVRA,0.795949608
tAge,cDC,BNIP3L,0.137265661
tAge,cDC,BSPRY,1.718036317
tAge,cDC,C2CD6,1.6331949
tAge,cDC,C2orf49,0.518120828
tAge,cDC,C9,7.755291316
tAge,cDC,CACNB4,-0.117351772
tAge,cDC,CALCRL,-0.35698125
tAge,cDC,CAPRIN1,-0.102124178
tAge,cDC,CASC15,0.099815163
tAge,cDC,CATIP,0.873329908
tAge,cDC,CCDC137,1.149104874
tAge,cDC,CCDC154,1.545608537
tAge,cDC,CCDC180,-1.032879214
tAge,cDC,CCDC194,5.928208658
tAge,cDC,CCDC69,0.287356693
tAge,cDC,CCDC86,-1.077069294
tAge,cDC,CCNF,-4.137739523
tAge,cDC,CCT6A,-0.316921173
tAge,cDC,CD14,0.580537278
tAge,cDC,CD164L2,9.206206388
tAge,cDC,CD19,-2.747579783
tAge,cDC,CD36,0.052809998
tAge,cDC,CDC40,0.117758655
tAge,cDC,CDC42EP2,7.616793281
tAge,cDC,CDC42EP4,1.142954564
tAge,cDC,CDKN1A,0.073242581
tAge,cDC,CDNF,3.639267377
tAge,cDC,CENPL,-0.281340491
tAge,cDC,CEP192,-0.22030893
tAge,cDC,CEP85L,0.100613295
tAge,cDC,CH25H,-8.333549596
tAge,cDC,CHAC1,-2.16420427
tAge,cDC,CHAF1B,3.913052331
tAge,cDC,CHCHD10,0.644567833
tAge,cDC,CHRNA10,-1.89777795
tAge,cDC,CIART,2.961216164
tAge,cDC,CIPC,-3.717161514
tAge,cDC,CISD3,-0.341638047
tAge,cDC,CITED2,-0.634472558
tAge,cDC,CLHC1,-0.006395226
tAge,cDC,CLPX,-0.320549505
tAge,cDC,CNFN,-8.029916075
tAge,cDC,CNST,-0.135170872
tAge,cDC,CNTNAP3B,21.58417459
tAge,cDC,COA5,-0.726501198
tAge,cDC,COG4,0.125519162
tAge,cDC,COG6,-0.087846024
tAge,cDC,CORO6,0.267929756
tAge,cDC,COX17,0.186472867
tAge,cDC,COX6A1,0.749757103
tAge,cDC,CRLF1,1.461971825
tAge,cDC,CRYZ,-1.193061997
tAge,cDC,CSMD2,-4.517002237
tAge,cDC,CSNK2A2,-0.489382592
tAge,cDC,CTIF,0.24520687
tAge,cDC,CXCL10,0.838387127
tAge,cDC,CYB5R4,0.160727707
tAge,cDC,CYB5RL,2.915586165
tAge,cDC,CYP4F3,3.113559037
tAge,cDC,CYP7B1,0.517463753
tAge,cDC,DBNL,-0.107919152
tAge,cDC,DCAF4L1,-10.87692077
tAge,cDC,DCP1B,-0.654883357
tAge,cDC,DCTN3,-1.989827388
tAge,cDC,DDO,2.55027511
tAge,cDC,DDX47,2.053896312
tAge,cDC,DECR1,0.048010351
tAge,cDC,DENND2A,5.867105516
tAge,cDC,DENND5B,-0.137275178
tAge,cDC,DEPTOR,-0.623380075
tAge,cDC,DHRS12,1.379734488
tAge,cDC,DHRS13,1.52874392
tAge,cDC,DIDO1,-0.274040673
tAge,cDC,DIXDC1,-1.628655952
tAge,cDC,DLEU7,8.156427744
tAge,cDC,DNAJB12,0.164917109
tAge,cDC,DOCK4-AS1,7.295387848
tAge,cDC,DOK4,-2.243948002
tAge,cDC,DOK6,2.596455585
tAge,cDC,DPF1,14.79837269
tAge,cDC,DPM1,0.138758143
tAge,cDC,DPP9-AS1,-3.574279066
tAge,cDC,DR1,-0.389850442
tAge,cDC,DTNB,-0.240607552
tAge,cDC,DUSP5,0.544044352
tAge,cDC,EFCAB6,-0.407164145
tAge,cDC,EFNA2,-2.256159297
tAge,cDC,EFNB1,2.265636635
tAge,cDC,EIF1AD,0.828736537
tAge,cDC,EIF2D,-0.230859565
tAge,cDC,ENPP4,-1.417779549
tAge,cDC,ERVK-28,-4.750481744
tAge,cDC,EXT1,0.099353359
tAge,cDC,EYA2,-7.790743727
tAge,cDC,FAM110B,5.849765383
tAge,cDC,FAM177A1,0.299109186
tAge,cDC,FAM234B,0.006979581
tAge,cDC,FAM76A,0.763007573
tAge,cDC,FANCA,1.066207136
tAge,cDC,FBRSL1,-0.052477114
tAge,cDC,FCRL1,6.515516341
tAge,cDC,FKBP2,1.249846455
tAge,cDC,FMC1,1.926381214
tAge,cDC,FOCAD-AS1,1.544202393
tAge,cDC,FOLR3,6.95277353
tAge,cDC,FOXM1,-0.914826053
tAge,cDC,FOXO3,0.085164569
tAge,cDC,FRMD3,0.000223157
tAge,cDC,GALNT7,-0.199174793
tAge,cDC,GCH1,0.124918736
tAge,cDC,gender,0.058101439
tAge,cDC,GLMP,4.864021228
tAge,cDC,GLYATL1,1.311242919
tAge,cDC,GMDS-DT,-0.279565267
tAge,cDC,GNA11,-2.131165844
tAge,cDC,GNB2,0.667054213
tAge,cDC,GPC5,-0.498522497
tAge,cDC,GPR68,1.498428572
tAge,cDC,GPX4,0.931156457
tAge,cDC,GSTM4,0.40581795
tAge,cDC,GTF2IRD2B,-0.154751621
tAge,cDC,GTPBP1,0.092020459
tAge,cDC,GZMK,-0.096569679
tAge,cDC,HAGHL,0.484950299
tAge,cDC,HCG14,-3.742041546
tAge,cDC,HERC2,-0.136844134
tAge,cDC,HIST1H2BL,2.512280231
tAge,cDC,HIST1H4H,-0.463908848
tAge,cDC,HIST1H4J,8.322226239
tAge,cDC,HIST2H2AB,2.413502373
tAge,cDC,HLA-DQB1-AS1,3.099981338
tAge,cDC,HNMT,0.565092448
tAge,cDC,HOXA10,35.83162716
tAge,cDC,HOXA3,-0.492714302
tAge,cDC,HYAL3,0.481966239
tAge,cDC,HYKK,-1.561538303
tAge,cDC,ID3,-1.755613895
tAge,cDC,IDO1,-0.744731962
tAge,cDC,IER3,0.139119014
tAge,cDC,IFIH1,0.608256604
tAge,cDC,IGHG1,-0.839981929
tAge,cDC,IGHV3-23,-2.037225667
tAge,cDC,IGHV4-61,8.670200367
tAge,cDC,IGLC2,1.663248297
tAge,cDC,IGLV2-23,2.448576016
tAge,cDC,IGSF9B,-5.714054041
tAge,cDC,IL10RB,0.540892679
tAge,cDC,IL15,0.106773023
tAge,cDC,IL20RB-AS1,3.41210917
tAge,cDC,IL5RA,-5.73807712
tAge,cDC,ILF3,-0.413341878
tAge,cDC,INO80-AS1,-14.4707282
tAge,cDC,ITGB4,-3.739346425
tAge,cDC,JOSD2,4.743250327
tAge,cDC,JPH2,1.45308627
tAge,cDC,KATNAL2,-0.107443528
tAge,cDC,KBTBD2,0.50645598
tAge,cDC,KCNB1,15.09425606
tAge,cDC,KCNH1,-6.814046623
tAge,cDC,KCNIP2-AS1,-6.276867296
tAge,cDC,KCTD11,-5.427271387
tAge,cDC,KIR2DL3,-9.805732484
tAge,cDC,KLHL14,-2.71207028
tAge,cDC,KNOP1,-1.892873304
tAge,cDC,KRT10,-0.829405765
tAge,cDC,LAMA5,8.376678683
tAge,cDC,LAP3,0.136247131
tAge,cDC,LHFPL4,4.813968531
tAge,cDC,LIAS,-2.473077779
tAge,cDC,LIMD2,-0.446629736
tAge,cDC,LINC00393,2.652378428
tAge,cDC,LINC00630,-0.235583255
tAge,cDC,LINC00862,-0.421923805
tAge,cDC,LINC01058,3.096304951
tAge,cDC,LINC01478,-0.420235082
tAge,cDC,LINC01550,-0.338793095
tAge,cDC,LINC01970,-5.456937426
tAge,cDC,LMAN1,0.006724206
tAge,cDC,LPAR6,0.56575642
tAge,cDC,LRRC32,3.101901784
tAge,cDC,LRRC45,3.628155563
tAge,cDC,LRRK2,0.111164717
tAge,cDC,LSM2,0.987453001
tAge,cDC,LTBP2,-4.426792324
tAge,cDC,LYPLA2,-0.110778676
tAge,cDC,MAFA,11.36154884
tAge,cDC,MAGED1,-0.037642783
tAge,cDC,MAMDC2-AS1,4.358062384
tAge,cDC,MAPKAPK2,0.0755944
tAge,cDC,MDN1,-0.148379172
tAge,cDC,MED17,-0.580534505
tAge,cDC,METRN,5.97664592
tAge,cDC,MEX3B,-0.718403428
tAge,cDC,MICALL2,-3.443256959
tAge,cDC,MIR22HG,1.195748847
tAge,cDC,MLKL,0.686744254
tAge,cDC,MOB2,0.221637865
tAge,cDC,MORF4L1,-0.158584127
tAge,cDC,MPND,-1.781493686
tAge,cDC,MRM3,0.533851564
tAge,cDC,MRPL14,-0.988304575
tAge,cDC,MRPL28,-1.63008829
tAge,cDC,MRPL38,-2.812769024
tAge,cDC,MRPL40,-0.683362301
tAge,cDC,MS4A6A,0.233523423
tAge,cDC,MT-ND4,0.202774254
tAge,cDC,MTFR1,0.30368692
tAge,cDC,MTMR2,-0.364915302
tAge,cDC,MYH15,11.16209365
tAge,cDC,NAB1,0.436068848
tAge,cDC,NAMPT,0.015191438
tAge,cDC,NAP1L4,-0.168835503
tAge,cDC,NAPG,-0.389593289
tAge,cDC,NAT9,-1.524784339
tAge,cDC,NCKAP5L,1.006268041
tAge,cDC,NDUFS8,-0.180789834
tAge,cDC,NECAP1,0.134851952
tAge,cDC,NEK1,0.394796514
tAge,cDC,NELFCD,-1.249794709
tAge,cDC,NLGN4Y,-2.936390868
tAge,cDC,NLRP12,0.681427231
tAge,cDC,NPAS3,2.156120914
tAge,cDC,NPHP3-ACAD11,-2.305046912
tAge,cDC,NPHP3-AS1,2.557910786
tAge,cDC,NPHP4,0.421889937
tAge,cDC,NR2C2AP,1.99801441
tAge,cDC,NSD2,-0.452844273
tAge,cDC,NT5DC2,4.051015849
tAge,cDC,OGFOD2,3.044535116
tAge,cDC,OGN,-15.12136112
tAge,cDC,OLFML3,-1.54010417
tAge,cDC,ORMDL1,-0.68345065
tAge,cDC,OSGEP,-0.114264051
tAge,cDC,OSGEPL1,1.5815085
tAge,cDC,P2RY11,0.674379391
tAge,cDC,PABPC4,0.164329508
tAge,cDC,PAICS,-0.596757656
tAge,cDC,PAQR6,-1.137498431
tAge,cDC,PARD6B,0.414644379
tAge,cDC,PARP11,-0.332981336
tAge,cDC,PARS2,0.802289814
tAge,cDC,PAXIP1,0.988524911
tAge,cDC,PCGF3,-0.070891835
tAge,cDC,PCNA,-2.336024609
tAge,cDC,PCYT1A,-0.055357763
tAge,cDC,PDCD7,1.506441107
tAge,cDC,PDRG1,1.518113544
tAge,cDC,PELI2,0.14135614
tAge,cDC,PEPD,-0.352685957
tAge,cDC,PFKFB1,-0.051702793
tAge,cDC,PFKFB4,-0.535886232
tAge,cDC,PI4KA,-0.12258218
tAge,cDC,PIN1,-2.453563101
tAge,cDC,PIN4,-0.746707314
tAge,cDC,PKMYT1,67.8345477
tAge,cDC,PKN2-AS1,-1.69410929
tAge,cDC,PLAGL2,-0.336175629
tAge,cDC,PLCG1,-2.786686308
tAge,cDC,PLEKHA5,-0.211571694
tAge,cDC,PLPP6,-0.400393546
tAge,cDC,PLPPR3,-10.1735206
tAge,cDC,PLRG1,-0.036689434
tAge,cDC,PMEL,2.593130654
tAge,cDC,PMFBP1,-0.740908409
tAge,cDC,PON3,54.21656966
tAge,cDC,POU2AF1,-1.912002
tAge,cDC,PPP1R8,0.075187461
tAge,cDC,PRB1,-2.826821036
tAge,cDC,PRDM10,-0.054679526
tAge,cDC,PRDM5,1.306882054
tAge,cDC,PROS1,3.05692381
tAge,cDC,PRR16,1.74963861
tAge,cDC,PRRG4,0.77547229
tAge,cDC,PSMB2,0.818333112
tAge,cDC,PSMD10,-0.984965402
tAge,cDC,PSMD2,-0.09209075
tAge,cDC,PSMD7,0.467626544
tAge,cDC,PTGES2,-0.146857916
tAge,cDC,PTPN2,-0.167075756
tAge,cDC,PTPN23,-0.574386896
tAge,cDC,PTX3,1.516964834
tAge,cDC,PYCR1,4.864963616
tAge,cDC,QSER1,-0.085389249
tAge,cDC,RAD17,-0.328397872
tAge,cDC,RAI1,-0.299669071
tAge,cDC,RAP2C-AS1,-0.452470741
tAge,cDC,RAPH1,0.795831542
tAge,cDC,RBFA,-0.078237659
tAge,cDC,RBM14,0.028851351
tAge,cDC,RBM17,-0.222632864
tAge,cDC,RBM42,1.079660151
tAge,cDC,RBM45,0.822529415
tAge,cDC,RBMS1,0.411113681
tAge,cDC,RDH5,14.74476495
tAge,cDC,RENBP,2.090603847
tAge,cDC,RERG,-3.266549129
tAge,cDC,REXO1,0.755742964
tAge,cDC,RGPD4,-8.01781178
tAge,cDC,RGS16,2.378255952
tAge,cDC,RGS6,-0.409368449
tAge,cDC,RHBDD3,0.808687514
tAge,cDC,RHPN1,5.626223765
tAge,cDC,RIBC2,1.03089438
tAge,cDC,RNF135,0.316382788
tAge,cDC,RNF138,0.041674421
tAge,cDC,RNF212B,11.52539726
tAge,cDC,ROBO1,-0.598829491
tAge,cDC,RPAP2,0.108069913
tAge,cDC,RPL13A,-0.031169123
tAge,cDC,RRP8,-0.226315187
tAge,cDC,S100A4,0.071577703
tAge,cDC,S1PR1,0.908819929
tAge,cDC,SAMM50,0.71079542
tAge,cDC,SAP18,0.291828071
tAge,cDC,SARS2,-1.469406815
tAge,cDC,SBF2-AS1,-1.280024575
tAge,cDC,SCIN,4.413312121
tAge,cDC,SCMH1,-0.037680294
tAge,cDC,SCML4,-0.010067059
tAge,cDC,SEC11A,-0.154897827
tAge,cDC,SELENOK,0.709976202
tAge,cDC,SEMA3B,0.717502694
tAge,cDC,SEMA6A,-5.457322677
tAge,cDC,SET,0.759203668
tAge,cDC,SGMS1-AS1,-1.696965624
tAge,cDC,SH2D4A,3.536535346
tAge,cDC,SIAH2,0.007611186
tAge,cDC,SIGIRR,-0.29664072
tAge,cDC,SIN3A,0.236765966
tAge,cDC,SLC12A4,0.217204612
tAge,cDC,SLC12A9,0.669223307
tAge,cDC,SLC16A5,0.017652297
tAge,cDC,SLC22A24,1.0674835
tAge,cDC,SLC22A5,-0.151701497
tAge,cDC,SLC25A34,-4.221163396
tAge,cDC,SLC29A1,10.82015331
tAge,cDC,SLC2A13,0.183881795
tAge,cDC,SLC35B3,-0.753587025
tAge,cDC,SLC37A2,1.490444241
tAge,cDC,SLC4A8,-0.127957783
tAge,cDC,SMAD4,0.476813495
tAge,cDC,SMIM27,3.36961724
tAge,cDC,SMPDL3B,0.406847217
tAge,cDC,SPATA2,0.778104908
tAge,cDC,SPG7,0.323158019
tAge,cDC,SPHK2,-1.706785201
tAge,cDC,SPINK4,-3.691282735
tAge,cDC,SPOCK1,0.190132123
tAge,cDC,SPRYD4,0.625772188
tAge,cDC,SREBF2,-0.276123017
tAge,cDC,SSH2,0.274245319
tAge,cDC,STK31,1.269539747
tAge,cDC,SYCE1,-8.482677044
tAge,cDC,SYCP3,5.543757699
tAge,cDC,TAF4,-0.102699931
tAge,cDC,TAGAP,0.174749374
tAge,cDC,TAGLN,0.687899403
tAge,cDC,TCAIM,0.605865498
tAge,cDC,TDP1,-0.017567164
tAge,cDC,TDRKH-AS1,21.92703036
tAge,cDC,TET3,0.074330232
tAge,cDC,TFEC,0.280903872
tAge,cDC,TFPI,-0.238550301
tAge,cDC,TG,1.847574862
tAge,cDC,TGIF2-RAB5IF,-0.094644167
tAge,cDC,TIMELESS,-1.521061465
tAge,cDC,TIMMDC1,0.557350284
tAge,cDC,TIMP2,0.363873187
tAge,cDC,TLL2,1.846670887
tAge,cDC,TMA7,0.509684209
tAge,cDC,TMEM144,0.73385797
tAge,cDC,TMEM17,-1.669937123
tAge,cDC,TMSB15B-AS1,3.466171814
tAge,cDC,TMTC2,0.055759543
tAge,cDC,TNFAIP8L2,-0.793626789
tAge,cDC,TNFRSF12A,0.320761589
tAge,cDC,TNFRSF1B,0.056263983
tAge,cDC,TNFSF12,1.411396917
tAge,cDC,TNXB,0.443748566
tAge,cDC,TOMM40,0.911721095
tAge,cDC,TRAPPC1,-0.641616516
tAge,cDC,TRAV12-1,-24.36622957
tAge,cDC,TRBV14,-5.712029361
tAge,cDC,TRH,-1.812162809
tAge,cDC,TRIB3,2.783105665
tAge,cDC,TRIM24,-0.332600781
tAge,cDC,TRIM52,0.284604913
tAge,cDC,TRIM72,2.195720264
tAge,cDC,TRMT11,0.31705923
tAge,cDC,TRNAU1AP,-0.469028321
tAge,cDC,TSG101,0.319992027
tAge,cDC,TUBA4A,1.577091758
tAge,cDC,TUBD1,0.5729684
tAge,cDC,TVP23B,0.303365942
tAge,cDC,TXNL4B,0.520971757
tAge,cDC,TYK2,0.188894467
tAge,cDC,UBAP1,0.093531108
tAge,cDC,UBE2D1,0.355823623
tAge,cDC,UBTD1,0.0161798
tAge,cDC,UPK3BL1,-11.16836805
tAge,cDC,USP42,0.159145069
tAge,cDC,USP54,0.904461487
tAge,cDC,VAC14,-0.348362247
tAge,cDC,WARS2,-0.727760005
tAge,cDC,WDR37,0.051051835
tAge,cDC,WDR45B,0.455740369
tAge,cDC,WNT2B,0.409213236
tAge,cDC,WWTR1,2.017533594
tAge,cDC,XAF1,0.245026256
tAge,cDC,XPO6,0.256278044
tAge,cDC,ZBED5-AS1,1.398980005
tAge,cDC,ZBP1,0.427369979
tAge,cDC,ZBTB14,1.092522174
tAge,cDC,ZBTB7C,0.092393254
tAge,cDC,ZDHHC18,-0.354945409
tAge,cDC,ZFP69,0.50651371
tAge,cDC,ZNF181,-0.32584621
tAge,cDC,ZNF256,-3.464067185
tAge,cDC,ZNF282,-0.619864134
tAge,cDC,ZNF345,-0.381153698
tAge,cDC,ZNF415,-5.897778044
tAge,cDC,ZNF485,3.148691318
tAge,cDC,ZNF550,-2.326451573
tAge,cDC,ZNF572,-4.273460002
tAge,cDC,ZNF586,-0.056058773
tAge,cDC,ZNF615,-0.934704501
tAge,cDC,ZNF674-AS1,2.189819261
tAge,cDC,ZNF681,2.667141832
tAge,cDC,ZNF683,2.244715265
tAge,cDC,ZNF689,1.043452939
tAge,cDC,ZNF768,2.140032183
tAge,cDC,ZNF799,1.953001384
tAge,cDC,ZNF888,-0.165369381
tAge,cDC,ZNFX1,0.071811626
tAge,HSPC,(Intercept),53.55631993
tAge,HSPC,A2M-AS1,-0.472907931
tAge,HSPC,AARS2,-0.641102933
tAge,HSPC,ABHD17B,-0.085850565
tAge,HSPC,ACAP1,-0.2888319
tAge,HSPC,ACSL5,0.645381624
tAge,HSPC,ADCY7,0.31867957
tAge,HSPC,ADGRD1,0.574034327
tAge,HSPC,ADGRF3,-0.161806637
tAge,HSPC,AFAP1,-0.140506154
tAge,HSPC,AGBL5,0.214375833
tAge,HSPC,AGMO,-19.65148979
tAge,HSPC,AKAP10,-0.071343194
tAge,HSPC,ALDH16A1,-0.974717421
tAge,HSPC,ANGEL1,0.132393154
tAge,HSPC,ANKRD24,1.055925554
tAge,HSPC,ANKRD31,-0.850044415
tAge,HSPC,ANOS1,-10.68333687
tAge,HSPC,APC,-0.175743356
tAge,HSPC,APP,0.14635334
tAge,HSPC,ARHGAP10,0.145692737
tAge,HSPC,ARHGAP26,0.000312872
tAge,HSPC,ARL5B,0.036097117
tAge,HSPC,ARL6,-0.347105339
tAge,HSPC,ARNT,-0.132555705
tAge,HSPC,ARV1,-0.921645116
tAge,HSPC,ASCC1,0.084126952
tAge,HSPC,ASNS,-0.159361531
tAge,HSPC,ATF6B,-0.366139772
tAge,HSPC,ATN1,0.186341986
tAge,HSPC,ATP11C,-0.017724788
tAge,HSPC,ATP13A3,-0.138743488
tAge,HSPC,ATP1A1,-0.213549594
tAge,HSPC,ATP8B1,0.352378289
tAge,HSPC,B3GALT4,-1.338332335
tAge,HSPC,BACH2,-0.050963451
tAge,HSPC,BAK1,0.053048961
tAge,HSPC,BASP1,0.111217111
tAge,HSPC,BBOF1,-0.360120982
tAge,HSPC,BBS10,-0.397620659
tAge,HSPC,BCCIP,-0.100666504
tAge,HSPC,BCL2L13,0.023456349
tAge,HSPC,BCO2,1.005541099
tAge,HSPC,BMPR1B,-0.056199896
tAge,HSPC,C18orf21,0.141513961
tAge,HSPC,C1QTNF6,0.695463229
tAge,HSPC,C3orf38,-0.093542808
tAge,HSPC,C8orf44,-0.464282106
tAge,HSPC,CACNA2D4,-0.28386612
tAge,HSPC,CALCOCO2,-0.088231365
tAge,HSPC,CAPN1,-0.30589845
tAge,HSPC,CAPS2,0.581362973
tAge,HSPC,CARD16,-0.327760531
tAge,HSPC,CARD6,-0.269472964
tAge,HSPC,CARD8-AS1,1.667942169
tAge,HSPC,CARNMT1,0.224782736
tAge,HSPC,CASP1,-0.798422036
tAge,HSPC,CCDC144NL,-0.559303126
tAge,HSPC,CCNDBP1,0.383856028
tAge,HSPC,CCNK,-0.033208974
tAge,HSPC,CCT7,-0.996742068
tAge,HSPC,CD2BP2,0.170921271
tAge,HSPC,CD8A,-0.445355759
tAge,HSPC,CDK11A,0.571202229
tAge,HSPC,CDKL3,0.062335157
tAge,HSPC,CDNF,-0.118075526
tAge,HSPC,CFAP54,0.171334057
tAge,HSPC,CHM,-0.242047672
tAge,HSPC,CHRDL1,0.606465783
tAge,HSPC,CHST15,0.258329429
tAge,HSPC,CIDEB,-1.256674675
tAge,HSPC,CKAP4,-1.130183139
tAge,HSPC,CLIP1,0.194225547
tAge,HSPC,CLN5,-0.104397739
tAge,HSPC,CLNK,0.0590596
tAge,HSPC,CLSTN1,0.392778305
tAge,HSPC,CMC4,-1.150608287
tAge,HSPC,CNKSR2,-0.930990349
tAge,HSPC,COMTD1,0.659621536
tAge,HSPC,COQ4,0.488664216
tAge,HSPC,CPXM1,0.757347141
tAge,HSPC,CRBN,-0.042922158
tAge,HSPC,CRIPT,-0.205668555
tAge,HSPC,CRYBG1,-0.064959979
tAge,HSPC,CRYBG2,-0.296609725
tAge,HSPC,CTNNBIP1,0.581379475
tAge,HSPC,CTSD,-0.114156668
tAge,HSPC,CUL5,-0.087247849
tAge,HSPC,CXADR,1.244510375
tAge,HSPC,CYB561,-1.06486243
tAge,HSPC,CYP2E1,-2.070813696
tAge,HSPC,CYTOR,0.011751138
tAge,HSPC,DDX23,-0.620218499
tAge,HSPC,DDX3X,-0.287870747
tAge,HSPC,DENND1C,-0.05157301
tAge,HSPC,DGUOK,0.201534371
tAge,HSPC,DHRS12,0.71416008
tAge,HSPC,DISC1,-0.068583393
tAge,HSPC,DNAH1,0.250785756
tAge,HSPC,DNAH14,0.255143942
tAge,HSPC,DNAJC4,-0.621996315
tAge,HSPC,DOCK4,-0.031187293
tAge,HSPC,DPF3,-0.253558902
tAge,HSPC,DPH2,-2.866804334
tAge,HSPC,DPP10,0.563193024
tAge,HSPC,DPP6,-0.102677637
tAge,HSPC,DRAP1,0.777557506
tAge,HSPC,DSCAML1,-4.062566313
tAge,HSPC,DTD1,-0.103841637
tAge,HSPC,DTX2,0.13805016
tAge,HSPC,DTX3L,-0.480684426
tAge,HSPC,DUSP10,-0.237860354
tAge,HSPC,DUSP2,-0.720374332
tAge,HSPC,DVL1,1.688982373
tAge,HSPC,DYNC1I1,0.61919372
tAge,HSPC,E2F5,0.258231756
tAge,HSPC,EFHC1,-0.063456424
tAge,HSPC,EFL1,0.251663437
tAge,HSPC,EIF3K,0.217710042
tAge,HSPC,EIF4G3,0.302542481
tAge,HSPC,EIPR1,0.408080591
tAge,HSPC,ELMOD3,-0.132136745
tAge,HSPC,ELOVL5,-0.075181344
tAge,HSPC,EME2,0.101267964
tAge,HSPC,EMILIN1,0.633289315
tAge,HSPC,ENSA,-0.205784235
tAge,HSPC,EPB41L5,-0.694141459
tAge,HSPC,EPDR1,0.150469411
tAge,HSPC,EPHA4,-0.275627523
tAge,HSPC,EPOR,-2.749033048
tAge,HSPC,ERBB2,-1.363420639
tAge,HSPC,ERCC5,-0.24174684
tAge,HSPC,EXOC3,-0.283652081
tAge,HSPC,EXOC8,-0.219793021
tAge,HSPC,F2RL3,13.34025279
tAge,HSPC,FADS3,-0.444096038
tAge,HSPC,FAF1,0.443835636
tAge,HSPC,FAM131A,-0.843519965
tAge,HSPC,FAM167B,0.7999205
tAge,HSPC,FAM184A,1.140963275
tAge,HSPC,FAM3D-AS1,0.52823756
tAge,HSPC,FAM47E-STBD1,-1.092936727
tAge,HSPC,FAM66B,0.357619034
tAge,HSPC,FAM76B,-0.266831152
tAge,HSPC,FAM83D,-0.366944966
tAge,HSPC,FAM86B1,-0.247639892
tAge,HSPC,FAT3,0.089558407
tAge,HSPC,FBLN7,-2.623998982
tAge,HSPC,FBXO34,0.250156073
tAge,HSPC,FBXO41,-0.079468669
tAge,HSPC,FBXO42,-0.166694442
tAge,HSPC,FBXO44,-0.025392699
tAge,HSPC,FBXO7,-0.120965318
tAge,HSPC,FCER1A,-0.442525054
tAge,HSPC,FCRL3,-0.784344011
tAge,HSPC,FLAD1,-0.847527593
tAge,HSPC,FLOT1,-0.067229144
tAge,HSPC,FMN1,-0.054713686
tAge,HSPC,FMO5,-0.013817822
tAge,HSPC,FRA10AC1,0.270520907
tAge,HSPC,FRAT2,-0.243864566
tAge,HSPC,FSTL4,-0.049842284
tAge,HSPC,FUOM,1.528317007
tAge,HSPC,FUT8-AS1,-2.456520185
tAge,HSPC,gender,0.253848681
tAge,HSPC,GJA1,-2.519098134
tAge,HSPC,GMEB1,-0.424924593
tAge,HSPC,GMIP,-0.094507509
tAge,HSPC,GNA15,0.020960693
tAge,HSPC,GNAI3,-0.368893244
tAge,HSPC,GNPAT,-0.141340074
tAge,HSPC,GPALPP1,-0.145794187
tAge,HSPC,GPATCH4,0.944718026
tAge,HSPC,GPC2,-1.033232063
tAge,HSPC,GPM6B,0.028811797
tAge,HSPC,GPR108,-0.244959582
tAge,HSPC,GPSM2,-0.173588259
tAge,HSPC,GRIP1,-0.033920423
tAge,HSPC,GTF2H5,0.003671795
tAge,HSPC,GTPBP10,0.468856593
tAge,HSPC,HCFC2,-0.388954401
tAge,HSPC,HDHD3,-1.201276667
tAge,HSPC,HENMT1,0.562646202
tAge,HSPC,HHEX,0.291790269
tAge,HSPC,HIST2H4A,0.32177375
tAge,HSPC,HK1,-0.310910841
tAge,HSPC,HLA-DMB,-0.203610124
tAge,HSPC,HLA-DOA,0.577021348
tAge,HSPC,HOOK2,-0.409316876
tAge,HSPC,HSPA1B,0.443011815
tAge,HSPC,HTR7,0.085054985
tAge,HSPC,ICAM5,1.048671046
tAge,HSPC,IDNK,-0.371791693
tAge,HSPC,IFNG-AS1,-0.11740252
tAge,HSPC,IFT172,-0.416095751
tAge,HSPC,IFT46,-0.194661646
tAge,HSPC,IGHM,0.446661842
tAge,HSPC,IGHMBP2,-0.28717631
tAge,HSPC,INKA1,0.689078574
tAge,HSPC,INTS4,-0.274713128
tAge,HSPC,IRF5,-0.285534123
tAge,HSPC,IRGM,-0.475873314
tAge,HSPC,ITFG2-AS1,-1.167587518
tAge,HSPC,ITGA4,0.162433526
tAge,HSPC,ITGA9,-0.004870739
tAge,HSPC,JHY,-0.499447191
tAge,HSPC,KCNK9,-1.960509447
tAge,HSPC,KDM7A,-0.054057463
tAge,HSPC,KIAA1671,-0.387157533
tAge,HSPC,KIF20B,-0.833645364
tAge,HSPC,KLF9,-0.147172559
tAge,HSPC,KLRC3,-0.463507246
tAge,HSPC,KLRC4-KLRK1,-0.273687209
tAge,HSPC,KRTCAP2,0.23295584
tAge,HSPC,KRTCAP3,-12.10791333
tAge,HSPC,LAMTOR5,-0.040663569
tAge,HSPC,LARP1B,0.412795301
tAge,HSPC,LARS2,0.484266645
tAge,HSPC,LCAT,0.132053571
tAge,HSPC,LEF1,-0.154857172
tAge,HSPC,LETMD1,-0.109896608
tAge,HSPC,LGR4,0.204107248
tAge,HSPC,LIME1,-0.362858889
tAge,HSPC,LINC00390,-1.006346011
tAge,HSPC,LINC00861,-0.171867101
tAge,HSPC,LINC00865,0.667272825
tAge,HSPC,LINC00939,-3.118689027
tAge,HSPC,LINC01115,19.17544226
tAge,HSPC,LINC01220,-0.071247635
tAge,HSPC,LINC01250,-0.107308513
tAge,HSPC,LINC01301,-9.31590044
tAge,HSPC,LINC01470,-0.367651109
tAge,HSPC,LINC01505,0.130587487
tAge,HSPC,LINC02055,-0.351446037
tAge,HSPC,LINC02210-CRHR1,-1.325811903
tAge,HSPC,LINC02391,-0.178347733
tAge,HSPC,LINC02446,-0.010061969
tAge,HSPC,LINGO4,1.349393575
tAge,HSPC,LMBR1L,-0.032154345
tAge,HSPC,LPAR1,0.338325792
tAge,HSPC,LPAR6,-0.704876417
tAge,HSPC,LSM2,0.514838152
tAge,HSPC,LSM7,0.159825594
tAge,HSPC,LY86,0.392507039
tAge,HSPC,MAD2L1BP,0.208417874
tAge,HSPC,MAML2,-0.052783296
tAge,HSPC,MAMSTR,-4.619497662
tAge,HSPC,MAP7D2,-0.256426538
tAge,HSPC,MAPK10,-0.801080425
tAge,HSPC,MAPK9,-0.381945934
tAge,HSPC,MAPKBP1,0.440362018
tAge,HSPC,MAST1,1.606962838
tAge,HSPC,MBNL1,-0.200951115
tAge,HSPC,MBOAT2,-0.146753104
tAge,HSPC,MCC,-0.669907855
tAge,HSPC,MED15,0.367375241
tAge,HSPC,MEF2A,0.183790993
tAge,HSPC,MEIS1-AS3,1.827268645
tAge,HSPC,MEPCE,-0.842559438
tAge,HSPC,MICU2,0.345170031
tAge,HSPC,MID1IP1,0.093197506
tAge,HSPC,MILR1,4.374465887
tAge,HSPC,MIR4500HG,0.155299957
tAge,HSPC,MOCS3,-0.243794614
tAge,HSPC,MOGS,0.144784331
tAge,HSPC,MORC1,-0.515362613
tAge,HSPC,MORF4L2-AS1,0.086574057
tAge,HSPC,MPP7,-0.006595915
tAge,HSPC,MPST,1.869471339
tAge,HSPC,MRAS,2.358947366
tAge,HSPC,MRC1,0.521101427
tAge,HSPC,MRPL22,-0.021710243
tAge,HSPC,MRPS24,-0.020608264
tAge,HSPC,MSH4,-0.465068016
tAge,HSPC,MTERF1,0.433842504
tAge,HSPC,MTG1,-0.340123513
tAge,HSPC,MYBL1,-0.186857785
tAge,HSPC,MYBPC3,-0.055187611
tAge,HSPC,MZB1,-0.365811732
tAge,HSPC,NAAA,0.407390067
tAge,HSPC,NABP2,1.738844528
tAge,HSPC,NAGPA,-1.42750021
tAge,HSPC,NBPF9,-0.199194993
tAge,HSPC,NCEH1,-0.032005198
tAge,HSPC,NDC80,-0.763798005
tAge,HSPC,NDUFA12,0.796285504
tAge,HSPC,NDUFAF3,0.444821723
tAge,HSPC,NECAP1,-0.268062562
tAge,HSPC,NEGR1,0.10667978
tAge,HSPC,NEURL1,-0.775218689
tAge,HSPC,NFATC2,0.084776991
tAge,HSPC,NHEJ1,-1.287065733
tAge,HSPC,NHP2,0.182989017
tAge,HSPC,NKG7,0.07473015
tAge,HSPC,NLRP3,-0.287276386
tAge,HSPC,NOC4L,-0.259025139
tAge,HSPC,NOLC1,-0.280654475
tAge,HSPC,NOP14,-0.381177016
tAge,HSPC,NRIP3,-0.585127655
tAge,HSPC,NRIR,0.310781647
tAge,HSPC,NSFL1C,-0.2348323
tAge,HSPC,NSG1,-0.776759812
tAge,HSPC,NSUN2,-0.245712425
tAge,HSPC,NSUN4,0.748356195
tAge,HSPC,NT5E,-1.525860837
tAge,HSPC,NTNG2,-0.725986312
tAge,HSPC,NUDT4,-0.064513962
tAge,HSPC,NUP37,0.209662905
tAge,HSPC,NUP43,-0.573127745
tAge,HSPC,OPRL1,-0.014250144
tAge,HSPC,OPRM1,-0.642573654
tAge,HSPC,OR1L8,-0.104653638
tAge,HSPC,OSBPL9,-0.302599817
tAge,HSPC,OSCP1,1.484521037
tAge,HSPC,OSTM1,-0.080126906
tAge,HSPC,PADI4,-0.343535182
tAge,HSPC,PAK1,0.288452549
tAge,HSPC,PAN3-AS1,-0.434110382
tAge,HSPC,PARL,-3.345875825
tAge,HSPC,PARVB,0.434091795
tAge,HSPC,PATZ1,-0.818077921
tAge,HSPC,PGBD1,0.335585369
tAge,HSPC,PGRMC2,-0.177660258
tAge,HSPC,PHIP,-0.059902881
tAge,HSPC,PI4KB,-0.721483565
tAge,HSPC,PID1,0.498043509
tAge,HSPC,PIEZO2,0.587139472
tAge,HSPC,PIGV,-0.425317666
tAge,HSPC,PIGW,-0.016044539
tAge,HSPC,PIK3AP1,0.107565222
tAge,HSPC,PJVK,0.998688795
tAge,HSPC,PKD1,-0.16486941
tAge,HSPC,PLCD4,22.8858653
tAge,HSPC,PLCE1,-1.052857479
tAge,HSPC,PLCL1,-0.051921679
tAge,HSPC,PLD4,2.072363596
tAge,HSPC,PLEK,0.309410877
tAge,HSPC,PLK3,-0.688724117
tAge,HSPC,PLPP7,-1.570790875
tAge,HSPC,PLSCR2,-12.09884263
tAge,HSPC,PNMA1,1.201646218
tAge,HSPC,PODXL,-5.250787418
tAge,HSPC,POLR2B,-0.130723701
tAge,HSPC,POP5,-0.293197501
tAge,HSPC,POPDC2,-0.338416663
tAge,HSPC,PPID,-0.699261283
tAge,HSPC,PPM1H,0.232348909
tAge,HSPC,PPP1R13L,0.60613853
tAge,HSPC,PRKD1,-0.406839424
tAge,HSPC,PRMT5-AS1,-0.198285289
tAge,HSPC,PSMC4,-0.019533893
tAge,HSPC,PSMD6-AS1,-0.02935724
tAge,HSPC,PSME3,-0.967194073
tAge,HSPC,PTGS2,0.050676875
tAge,HSPC,PTPN4,-0.063570417
tAge,HSPC,PTPN9,-0.013580675
tAge,HSPC,PXYLP1,-0.136907922
tAge,HSPC,RAB20,-1.554346245
tAge,HSPC,RAB31,0.518391917
tAge,HSPC,RAB4B-EGLN2,0.873805757
tAge,HSPC,RAB9A,-0.462386989
tAge,HSPC,RAD50,-1.690075784
tAge,HSPC,RANBP17,-0.036400187
tAge,HSPC,RANGRF,0.837304137
tAge,HSPC,RAPGEF6,-0.481506205
tAge,HSPC,RASD1,10.68224551
tAge,HSPC,RASEF,-2.148609021
tAge,HSPC,RASGRP1,-0.261835624
tAge,HSPC,RASSF7,-0.456989242
tAge,HSPC,RBFA,-0.03530771
tAge,HSPC,RBL1,0.068435068
tAge,HSPC,RBM11,-0.195568693
tAge,HSPC,RBM14,-0.069951184
tAge,HSPC,RBM47,-0.185946068
tAge,HSPC,RCAN3,-0.118326091
tAge,HSPC,RHCE,0.21915448
tAge,HSPC,RITA1,-1.290248307
tAge,HSPC,RMI2,-0.319624063
tAge,HSPC,RNF121,-0.486815651
tAge,HSPC,RNF150,0.069559396
tAge,HSPC,RNPEPL1,-0.011283666
tAge,HSPC,ROCK2,0.00235109
tAge,HSPC,RPF2,-0.336097695
tAge,HSPC,RPL4,-0.149395527
tAge,HSPC,RPS6KA4,-1.269991918
tAge,HSPC,RRN3,-0.114515881
tAge,HSPC,SAMD4A,0.13535842
tAge,HSPC,SBF2,-0.029889363
tAge,HSPC,SCAMP2,-0.381211076
tAge,HSPC,SCARB2,-0.043133349
tAge,HSPC,SCD,0.668752891
tAge,HSPC,SCO1,0.254665264
tAge,HSPC,SCYL3,-0.17197138
tAge,HSPC,SDHAF3,-0.169767625
tAge,HSPC,SEC24B-AS1,0.650784374
tAge,HSPC,SELPLG,-0.107687812
tAge,HSPC,SENP2,0.420155949
tAge,HSPC,SERINC3,-0.199754394
tAge,HSPC,SERPINE1,0.196291924
tAge,HSPC,SFR1,0.277633037
tAge,HSPC,SGO1,0.327439088
tAge,HSPC,SGSM1,0.530254525
tAge,HSPC,SHANK2,0.897139379
tAge,HSPC,SIAH1,0.15258192
tAge,HSPC,SKAP1-AS1,-0.46862193
tAge,HSPC,SLC11A2,0.065560717
tAge,HSPC,SLC25A42,-0.496544744
tAge,HSPC,SLC25A43,-0.067550757
tAge,HSPC,SLC31A2,0.321595649
tAge,HSPC,SLC35B3,-0.151171582
tAge,HSPC,SLC39A1,0.482071897
tAge,HSPC,SLC41A3,-0.178839022
tAge,HSPC,SLC44A1,-0.425287435
tAge,HSPC,SMAD2,0.007720713
tAge,HSPC,SMARCA4,-0.111567045
tAge,HSPC,SMARCAL1,-0.079085983
tAge,HSPC,SMCO4,0.231772277
tAge,HSPC,SMG8,-1.371421099
tAge,HSPC,SMIM35,-2.548847836
tAge,HSPC,SMPD1,0.791331686
tAge,HSPC,SNRNP25,0.061320055
tAge,HSPC,SNX2,-0.39000107
tAge,HSPC,SNX25,-0.269167888
tAge,HSPC,SPATA2L,-0.784143015
tAge,HSPC,SPATA7,-0.21623412
tAge,HSPC,SPG7,-0.230359952
tAge,HSPC,SPON2,0.526301639
tAge,HSPC,SRM,-0.001075678
tAge,HSPC,SRP19,0.558195084
tAge,HSPC,ST3GAL6,-0.004056855
tAge,HSPC,STAU1,-0.291403248
tAge,HSPC,STK11,0.601475302
tAge,HSPC,STOML1,-0.304167557
tAge,HSPC,SUMO3,-0.332938096
tAge,HSPC,SUN1,-0.287830887
tAge,HSPC,SYCP2,-0.849836416
tAge,HSPC,SYNGR1,0.21844061
tAge,HSPC,SYT11,0.58680791
tAge,HSPC,TAF11,-0.001848691
tAge,HSPC,TAF6,-0.400790694
tAge,HSPC,TAF8,0.303301534
tAge,HSPC,TCEANC2,-0.330948159
tAge,HSPC,TCIRG1,-0.236663329
tAge,HSPC,TDP2,-0.257639432
tAge,HSPC,TES,-0.034453434
tAge,HSPC,TET1,-0.193971696
tAge,HSPC,TFEB,-0.543406789
tAge,HSPC,TG,0.4058202
tAge,HSPC,TGFA,-1.984555612
tAge,HSPC,TGM1,-0.761437031
tAge,HSPC,THSD1,-1.780054001
tAge,HSPC,THUMPD3-AS1,-0.272082486
tAge,HSPC,TIAM1,-0.237540868
tAge,HSPC,TIMM29,0.741052665
tAge,HSPC,TJAP1,-0.300982566
tAge,HSPC,TLE4,-0.073203347
tAge,HSPC,TMEM109,-0.638510509
tAge,HSPC,TMEM134,-0.578402151
tAge,HSPC,TMEM163,-0.050635524
tAge,HSPC,TMEM175,1.153905116
tAge,HSPC,TMPRSS9,-0.471779359
tAge,HSPC,TMSB15B-AS1,12.14052599
tAge,HSPC,TNFAIP8L2,0.69483352
tAge,HSPC,TNFSF8,-0.594462022
tAge,HSPC,TOR1A,-0.381635229
tAge,HSPC,TP53INP2,-1.685847071
tAge,HSPC,TPD52,-0.209958882
tAge,HSPC,TRAJ18,0.408125287
tAge,HSPC,TRAV13-1,-0.227460864
tAge,HSPC,TRAV13-2,-0.353534205
tAge,HSPC,TRIAP1,-0.928130089
tAge,HSPC,TRIM17,1.059203104
tAge,HSPC,TRIOBP,-0.255210269
tAge,HSPC,TRMT6,-0.161240487
tAge,HSPC,TRPC4AP,0.075507265
tAge,HSPC,TRPM4,-11.99797192
tAge,HSPC,TSACC,0.523687424
tAge,HSPC,TSHZ2,0.163110299
tAge,HSPC,TSPAN17,-0.036665032
tAge,HSPC,TSPOAP1-AS1,-0.083456169
tAge,HSPC,TTC13,-0.481916185
tAge,HSPC,TTC14,-0.184027813
tAge,HSPC,TTC38,0.426593112
tAge,HSPC,TXK,-0.052552078
tAge,HSPC,TYMP,0.933671477
tAge,HSPC,U2AF1L4,-0.818048584
tAge,HSPC,UACA,0.246606105
tAge,HSPC,UBE2R2-AS1,0.568107668
tAge,HSPC,UGGT2,-0.11941054
tAge,HSPC,UPF2,-0.263219322
tAge,HSPC,UPK2,-0.997526392
tAge,HSPC,UPP2,-2.002003699
tAge,HSPC,UQCR10,0.073658867
tAge,HSPC,USP12-AS1,0.312278627
tAge,HSPC,USP33,0.261345757
tAge,HSPC,VASH2,-3.686316659
tAge,HSPC,VPS13D,-0.125036491
tAge,HSPC,VPS18,-0.646981732
tAge,HSPC,VPS33B,-0.148671664
tAge,HSPC,VPS37C,-1.419688635
tAge,HSPC,VPS9D1-AS1,-2.314270464
tAge,HSPC,WDCP,-1.874715912
tAge,HSPC,WDR27,0.028426051
tAge,HSPC,WNK1,-0.180708634
tAge,HSPC,WWOX,0.230601895
tAge,HSPC,XIRP2,-0.136320306
tAge,HSPC,YIPF5,-0.264312875
tAge,HSPC,YTHDC1,-0.219984942
tAge,HSPC,ZBTB24,-0.159452332
tAge,HSPC,ZBTB33,-0.315717281
tAge,HSPC,ZBTB45,-0.684765934
tAge,HSPC,ZC3H6,-0.294947772
tAge,HSPC,ZDHHC13,0.241203103
tAge,HSPC,ZDHHC14,0.42701543
tAge,HSPC,ZDHHC3,-0.474394966
tAge,HSPC,ZEB1-AS1,0.573610378
tAge,HSPC,ZFAND3,0.2754761
tAge,HSPC,ZFP1,-0.553867826
tAge,HSPC,ZFP69,-0.706875407
tAge,HSPC,ZNF174,0.449238756
tAge,HSPC,ZNF232,-0.991200486
tAge,HSPC,ZNF324,-1.281679102
tAge,HSPC,ZNF345,-0.312568369
tAge,HSPC,ZNF346,-0.226471478
tAge,HSPC,ZNF347,0.34727254
tAge,HSPC,ZNF418,1.059084382
tAge,HSPC,ZNF436-AS1,0.28045561
tAge,HSPC,ZNF442,-1.219024182
tAge,HSPC,ZNF468,-0.379150379
tAge,HSPC,ZNF483,-0.085936253
tAge,HSPC,ZNF583,-0.808148402
tAge,HSPC,ZNF587,-0.090297447
tAge,HSPC,ZNF592,-0.025378617
tAge,HSPC,ZNF608,0.054461302
tAge,HSPC,ZNF611,-0.144369136
tAge,HSPC,ZNF66,-0.151981418
tAge,HSPC,ZNF76,0.277518687
tAge,HSPC,ZNF764,-0.252332051
tAge,HSPC,ZNF773,-0.51800296
tAge,HSPC,ZNF823,-0.329819664
tAge,HSPC,ZNF83,-0.12493444
tAge,γδT,(Intercept),60.06605139
tAge,γδT,AAMDC,0.496240393
tAge,γδT,AASS,0.145175332
tAge,γδT,ABCB1,0.176140409
tAge,γδT,ABHD2,0.086540445
tAge,γδT,ABTB2,1.131466864
tAge,γδT,ADAM12,0.223600373
tAge,γδT,ADAM23,6.619081899
tAge,γδT,ADAM32,3.367786951
tAge,γδT,ADAMTS10,-0.148388402
tAge,γδT,ADCY2,1.053747382
tAge,γδT,ADORA2A-AS1,1.243769763
tAge,γδT,AJM1,0.915650995
tAge,γδT,ALDH3A2,0.143536098
tAge,γδT,AMER1,-0.994874266
tAge,γδT,AMT,-1.179135656
tAge,γδT,ANK3,-0.010044928
tAge,γδT,ANKMY2,-0.394646018
tAge,γδT,ANKRD18A,-7.925351266
tAge,γδT,ANKRD54,-0.754856351
tAge,γδT,AP1S3,-0.205597877
tAge,γδT,AP4B1-AS1,0.134124058
tAge,γδT,AQP3,0.828200369
tAge,γδT,ARHGAP26,-0.80986267
tAge,γδT,ARHGEF11,-1.289439367
tAge,γδT,ARMC2-AS1,-6.234975272
tAge,γδT,ASMT,2.814359559
tAge,γδT,ASPHD2,-1.217563827
tAge,γδT,ATG3,0.452605838
tAge,γδT,ATG9B,-0.798407726
tAge,γδT,ATP8A2,-0.449827863
tAge,γδT,ATP8B1,0.257961345
tAge,γδT,ATR,-0.193687881
tAge,γδT,ATXN7L3,0.997930969
tAge,γδT,B3GALNT1,-8.804746401
tAge,γδT,B3GAT2,5.690518059
tAge,γδT,B3GNT8,-1.622006074
tAge,γδT,BACH1-IT2,0.808661391
tAge,γδT,BAZ1B,-0.123160038
tAge,γδT,BBS9,0.151284261
tAge,γδT,BCL2L11,0.029628957
tAge,γδT,BCO2,-1.099460857
tAge,γδT,BFAR,-0.229824499
tAge,γδT,BSCL2,0.62929053
tAge,γδT,BTBD9,-0.002382758
tAge,γδT,BTLA,-0.311937262
tAge,γδT,C1orf122,-0.229472274
tAge,γδT,C1orf216,2.853037013
tAge,γδT,C1QTNF3-AMACR,0.116378193
tAge,γδT,C20orf204,-7.003159439
tAge,γδT,C3orf62,0.108196893
tAge,γδT,C6,-4.37852236
tAge,γδT,C6orf132,-1.539657302
tAge,γδT,C8orf44,-0.268132968
tAge,γδT,C9orf153,-0.260805784
tAge,γδT,CALCB,0.753078655
tAge,γδT,CALR,-0.394208002
tAge,γδT,CAMK1D,-0.001402428
tAge,γδT,CAND1,0.244126905
tAge,γδT,CASP7,0.066636643
tAge,γδT,CAST,0.075949018
tAge,γδT,CAV3,-4.259261433
tAge,γδT,CAVIN4,5.365264949
tAge,γδT,CCDC115,-0.3652972
tAge,γδT,CCDC148,9.495432324
tAge,γδT,CCDC179,6.43204372
tAge,γδT,CCDC180,0.271491205
tAge,γδT,CCDC50,-0.124108476
tAge,γδT,CCDC71L,-1.315776818
tAge,γδT,CCND3,-0.233499305
tAge,γδT,CCR2,3.685993314
tAge,γδT,CCT7,-0.551738988
tAge,γδT,CCZ1,-0.384646522
tAge,γδT,CD8A,0.5894429
tAge,γδT,CDCA2,4.26661905
tAge,γδT,CDK20,-1.08707735
tAge,γδT,CELSR1,-0.248320837
tAge,γδT,CEP63,0.116379948
tAge,γδT,CFAP70,-0.517831091
tAge,γδT,CHEK1,0.61444359
tAge,γδT,CHID1,0.13764642
tAge,γδT,CHMP4A,1.585989665
tAge,γδT,CHST10,-0.150325634
tAge,γδT,CIC,0.687507779
tAge,γδT,CIZ1,-0.395142661
tAge,γδT,CLCN2,0.967399673
tAge,γδT,CLK4,-0.133341765
tAge,γδT,CMTM8,-0.985191943
tAge,γδT,CNIH4,-0.170511793
tAge,γδT,CNTF,1.780180136
tAge,γδT,COL5A1,0.795404251
tAge,γδT,COLQ,0.081200747
tAge,γδT,COMMD2,0.453961089
tAge,γδT,COX4I1,0.078605049
tAge,γδT,CPB2,-8.497930247
tAge,γδT,CRIP2,-1.396273829
tAge,γδT,CRYBG2,-0.357064465
tAge,γδT,CSPP1,-0.170482034
tAge,γδT,CTH,-0.404603035
tAge,γδT,CTSC,0.210217352
tAge,γδT,CXCR6,-0.84816962
tAge,γδT,CYP4F12,23.57197722
tAge,γδT,CYP4V2,-0.651417221
tAge,γδT,DAPK1,1.02418101
tAge,γδT,DCAF13,0.229329832
tAge,γδT,DCAF8,-0.669260229
tAge,γδT,DCDC2B,7.531771442
tAge,γδT,DGKD,-0.093576587
tAge,γδT,DGKK,0.396889306
tAge,γδT,DHX32,-0.720057459
tAge,γδT,DMTN,-1.152130453
tAge,γδT,DNAH1,-0.228721987
tAge,γδT,DNAJC7,-0.174337176
tAge,γδT,DNMT3A,-0.273354146
tAge,γδT,DOCK2,-0.098482078
tAge,γδT,DOCK9-DT,-6.782579299
tAge,γδT,DPF3,-0.386622547
tAge,γδT,DPYD-AS1,0.300394706
tAge,γδT,DYNC1I1,-15.72109015
tAge,γδT,EARS2,-0.464926624
tAge,γδT,ECM2,2.288233821
tAge,γδT,EFHC2,-0.422806862
tAge,γδT,EFNB2,-0.87745615
tAge,γδT,EGF,9.63572611
tAge,γδT,EIF6,-0.649494697
tAge,γδT,ELP6,-0.108190423
tAge,γδT,ENG,1.307219971
tAge,γδT,EPAS1,0.926627737
tAge,γδT,EPB41,-0.414090817
tAge,γδT,EPB41L4A-AS1,-1.099568356
tAge,γδT,EPOR,1.250867232
tAge,γδT,ERICH6B,0.665511881
tAge,γδT,ESCO2,-8.158731876
tAge,γδT,EVL,-0.462961488
tAge,γδT,EXOG,-0.234372416
tAge,γδT,FAM107B,-0.3090421
tAge,γδT,FAM161A,-0.841375568
tAge,γδT,FAM169A,0.0755436
tAge,γδT,FAM50B,-4.702470065
tAge,γδT,FAM53C,0.228159876
tAge,γδT,FAM72D,17.07320354
tAge,γδT,FBXL17,0.346473928
tAge,γδT,FBXL19-AS1,-0.57103287
tAge,γδT,FBXW8,-0.019525428
tAge,γδT,FDFT1,-0.687252346
tAge,γδT,FGFR1,-0.710426871
tAge,γδT,FMC1,-0.755481823
tAge,γδT,FNDC9,-4.296774248
tAge,γδT,FOXD1,4.443953401
tAge,γδT,FSTL4,22.09864741
tAge,γδT,FYCO1,-0.086991609
tAge,γδT,GABRB2,25.59152408
tAge,γδT,GATAD2B,0.18895599
tAge,γδT,GDPGP1,-0.65050301
tAge,γδT,gender,0.357319779
tAge,γδT,GIPR,0.56745248
tAge,γδT,GK5,0.206845163
tAge,γδT,GOSR1,-0.301584218
tAge,γδT,GPR141,0.113916508
tAge,γδT,GPR55,0.968857918
tAge,γδT,GSTA4,-0.429179614
tAge,γδT,GTF2H4,1.370036617
tAge,γδT,GUCY1A1,13.56319897
tAge,γδT,HACD3,-0.324679485
tAge,γδT,HAVCR2,0.180552677
tAge,γδT,HDHD5-AS1,-2.686372566
tAge,γδT,HEG1,-0.480720159
tAge,γδT,HLA-DRB1,0.31543364
tAge,γδT,HSD11B1,1.779318924
tAge,γδT,HSPA2,-2.917540672
tAge,γδT,IGF2BP3,-3.421205137
tAge,γδT,IGHD,2.453900698
tAge,γδT,IGKV2D-29,-2.775122693
tAge,γδT,IGLC3,0.704712262
tAge,γδT,IL17RC,-6.749466897
tAge,γδT,ILVBL,3.171961817
tAge,γδT,INSC,1.603191558
tAge,γδT,INSR,-0.458381916
tAge,γδT,IQCG,0.1925785
tAge,γδT,ITM2B,-0.334781315
tAge,γδT,ITPR1-DT,1.117227798
tAge,γδT,JMJD6,0.591898291
tAge,γδT,KCNA3,-0.853472579
tAge,γδT,KCNN3,2.408154403
tAge,γδT,KCNN4,1.029749253
tAge,γδT,KDM4C,0.315366251
tAge,γδT,KIF14,-2.426512264
tAge,γδT,KIF26B,3.732700868
tAge,γδT,KIF6,1.384835568
tAge,γδT,KIR2DL4,0.182928826
tAge,γδT,KLHDC7B,0.188267605
tAge,γδT,KLHL11,0.635715511
tAge,γδT,KLHL32,-0.221292589
tAge,γδT,KLHL4,0.12806812
tAge,γδT,KLRC1,-0.436059342
tAge,γδT,KMT5A,0.686330504
tAge,γδT,KNSTRN,-0.096370459
tAge,γδT,KRBA1,-0.953724473
tAge,γδT,LAMA2,-0.586425973
tAge,γδT,LARP1,-0.511354227
tAge,γδT,LBHD1,-1.357493474
tAge,γδT,LDHAL6A,-0.165710403
tAge,γδT,LIMK1,-0.094074456
tAge,γδT,LINC00467,-0.811121097
tAge,γδT,LINC00539,-0.441753131
tAge,γδT,LINC00667,-0.478623282
tAge,γδT,LINC01187,-10.06578439
tAge,γδT,LINC01550,-0.545791332
tAge,γδT,LINC01555,-5.861972973
tAge,γδT,LINC01579,-4.693753504
tAge,γδT,LINC01707,2.049649726
tAge,γδT,LINC01719,-7.580944187
tAge,γδT,LINC01891,-0.58382035
tAge,γδT,LINC02084,-0.479650016
tAge,γδT,LINC02086,0.121457032
tAge,γδT,LINC02153,0.228917929
tAge,γδT,LINC02191,0.781775961
tAge,γδT,LINC02261,8.638287154
tAge,γδT,LINC02284,0.361725738
tAge,γδT,LINC02352,-0.183599312
tAge,γδT,LINC02519,-8.616443244
tAge,γδT,LINC02550,-10.03976411
tAge,γδT,LONP1,-0.061743602
tAge,γδT,LRIT3,1.843285142
tAge,γδT,LRP5,-0.371706812
tAge,γδT,LRRC8C-DT,-0.604610407
tAge,γδT,LY9,-0.215621914
tAge,γδT,LYRM4,-0.137350971
tAge,γδT,LYRM9,-1.259966108
tAge,γδT,LZTS2,0.759633975
tAge,γδT,MADD,0.175202758
tAge,γδT,MAF,0.576890886
tAge,γδT,MAGI3,-0.336185833
tAge,γδT,MAGOHB,-0.562162623
tAge,γδT,MAP2,1.375540451
tAge,γδT,MARF1,-0.413885229
tAge,γδT,MCF2L-AS1,1.059440422
tAge,γδT,MCM3AP,-0.197329257
tAge,γδT,MCM8-AS1,-1.309615602
tAge,γδT,MCOLN2,0.272611351
tAge,γδT,MEF2A,0.051901882
tAge,γδT,MEIS1,0.628480214
tAge,γδT,MFSD2B,-0.127155246
tAge,γδT,MGAT5,-0.098149981
tAge,γδT,MICU2,-0.124438112
tAge,γδT,MIRLET7BHG,0.472937018
tAge,γδT,MRC1,1.773230775
tAge,γδT,MRPL10,0.320149834
tAge,γδT,MRPS16,-0.019642487
tAge,γδT,MT-ND6,-0.391973999
tAge,γδT,MT1X,1.176337885
tAge,γδT,MTCL1,3.208297463
tAge,γδT,MTFR2,2.145909927
tAge,γδT,MTHFSD,0.456884178
tAge,γδT,MTO1,0.151896115
tAge,γδT,MVB12B,0.046126201
tAge,γδT,MYL9,-6.293746197
tAge,γδT,N4BP2L1,-0.507486645
tAge,γδT,NAA40,-0.532446104
tAge,γδT,NACA2,2.401309724
tAge,γδT,NARF,0.364886262
tAge,γδT,NBPF10,0.829071588
tAge,γδT,NCAPH2,0.990958229
tAge,γδT,NCOA7,-0.063655024
tAge,γδT,NCOA7-AS1,-1.69601105
tAge,γδT,NECTIN1,1.224561
tAge,γδT,NEMP1,-0.203887465
tAge,γδT,NEURL1,-4.595000607
tAge,γδT,NINJ2,-0.191052617
tAge,γδT,NME1,0.436651192
tAge,γδT,NOP9,-0.822211982
tAge,γδT,NPIPA5,-0.942373359
tAge,γδT,NR1I2,-1.06764842
tAge,γδT,NRIP2,0.769687264
tAge,γδT,NT5M,0.895848075
tAge,γδT,NTN4,0.560448835
tAge,γδT,NUBPL,-0.227185279
tAge,γδT,NUDT13,-4.675248375
tAge,γδT,NUDT14,-2.486026701
tAge,γδT,OGDH,-0.196219235
tAge,γδT,OIP5,0.28355867
tAge,γδT,OR3A2,2.164794106
tAge,γδT,OSBPL7,0.165089154
tAge,γδT,OSER1-DT,0.857806243
tAge,γδT,OVCA2,2.595567952
tAge,γδT,PANK2,0.483946861
tAge,γδT,PARP10,1.054380112
tAge,γδT,PARPBP,0.122605787
tAge,γδT,PAWR,-2.138677184
tAge,γδT,PCDH11Y,2.435339535
tAge,γδT,PCDHGA9,15.66167948
tAge,γδT,PCDHGB7,5.435189133
tAge,γδT,PCP4L1,8.769654631
tAge,γδT,PDCD1,-4.004151726
tAge,γδT,PDCD2L,1.276995142
tAge,γδT,PDE1A,-1.904775463
tAge,γδT,PDE3B,0.175454436
tAge,γδT,PDXK,-0.450043923
tAge,γδT,PHETA1,2.221043044
tAge,γδT,PIGC,0.144457669
tAge,γδT,PIGF,0.347042292
tAge,γδT,PIK3R6,-0.715843234
tAge,γδT,PKP2,13.55761644
tAge,γδT,PLAG1,-0.000597586
tAge,γδT,PLCB1,-0.315440579
tAge,γδT,PLCG2,0.081987727
tAge,γδT,PLEKHA1,-0.003209147
tAge,γδT,PLEKHA3,0.378098579
tAge,γδT,PLXDC2,-0.140828155
tAge,γδT,PLXNC1,-0.413703414
tAge,γδT,PMVK,0.290839454
tAge,γδT,PNPLA7,-0.47430469
tAge,γδT,POC1A,3.068527371
tAge,γδT,POC1B-GALNT4,1.444844108
tAge,γδT,POLL,-0.123384167
tAge,γδT,POMGNT2,-0.805321708
tAge,γδT,POMZP3,-0.175918144
tAge,γδT,PPP5C,-0.036320018
tAge,γδT,PRCD,1.499123169
tAge,γδT,PRF1,0.10950315
tAge,γδT,PRMT2,-0.247323758
tAge,γδT,PRMT9,0.19021871
tAge,γδT,PROK2,0.175924372
tAge,γδT,PROX2,4.707109561
tAge,γδT,PRPF6,0.290285868
tAge,γδT,PRR29,-0.469353633
tAge,γδT,PRSS36,10.39583948
tAge,γδT,PSMD12,0.220303912
tAge,γδT,PSMG4,-0.475531037
tAge,γδT,PTCD1,-0.606053599
tAge,γδT,PTPN12,0.153034921
tAge,γδT,PTPRO,-0.470443243
tAge,γδT,PTRH1,0.155923049
tAge,γδT,PTTG1,1.144079236
tAge,γδT,QPCTL,2.418247247
tAge,γδT,RAB40C,-0.522766988
tAge,γδT,RAB9A,-0.189073653
tAge,γδT,RABIF,-0.196342803
tAge,γδT,RAI1-AS1,-0.212605846
tAge,γδT,RAP1B,-0.354248736
tAge,γδT,RARRES1,0.285039672
tAge,γδT,RASGRP4,10.06826703
tAge,γδT,RBAK,0.940915809
tAge,γδT,RBM22,-0.53151932
tAge,γδT,RBM27,-1.201377389
tAge,γδT,RCAN2,0.293052382
tAge,γδT,REEP4,-0.158791745
tAge,γδT,RGS7,0.972991433
tAge,γδT,RHOBTB1,13.55971255
tAge,γδT,RIMBP3,2.644681262
tAge,γδT,RLN1,-0.942443669
tAge,γδT,RNF138,-0.163579401
tAge,γδT,RNF150,-1.028594973
tAge,γδT,RNF157,-0.562659606
tAge,γδT,ROCK2,0.183679207
tAge,γδT,RPA1,0.188487252
tAge,γδT,RPA4,-0.758477348
tAge,γδT,RPF1,-0.233060377
tAge,γδT,RPL26L1,-0.258704829
tAge,γδT,RPS3,0.07052553
tAge,γδT,RRAS2,-0.16861653
tAge,γδT,RTN1,3.769474756
tAge,γδT,RTN4RL2,1.399764578
tAge,γδT,RUFY4,1.263293269
tAge,γδT,SAMD10,-3.405575513
tAge,γδT,SAMD5,-9.035532884
tAge,γδT,SATB1,-0.005839076
tAge,γδT,SCAMP3,-0.596635043
tAge,γδT,SCARNA9,0.307645201
tAge,γδT,SCMH1,-0.0278128
tAge,γδT,SCN8A,0.489529781
tAge,γδT,SCO2,2.762386062
tAge,γδT,SDK2,-1.789203181
tAge,γδT,SENP8,3.365144881
tAge,γδT,SERPIND1,3.412581055
tAge,γδT,SETD4,-0.541930136
tAge,γδT,SFT2D3,-0.533196599
tAge,γδT,SGCD,0.107456285
tAge,γδT,SIL1,-0.185138048
tAge,γδT,SIPA1L1,0.028086453
tAge,γδT,SKAP1,-0.569573582
tAge,γδT,SLC12A5,4.451349883
tAge,γδT,SLC38A10,-0.219019148
tAge,γδT,SLC43A1,-0.663520858
tAge,γδT,SLC9A7,0.661268764
tAge,γδT,SNRPD2,0.504567588
tAge,γδT,SNTA1,-0.307562579
tAge,γδT,SPAG5,0.93560125
tAge,γδT,SPATA45,-2.864130894
tAge,γδT,SPINT2,3.179099593
tAge,γδT,SPNS1,-0.560892475
tAge,γδT,SPOP,-0.040677404
tAge,γδT,SPRYD4,-2.502920415
tAge,γδT,SRCAP,-0.101893295
tAge,γδT,SSBP2,0.036856036
tAge,γδT,SSH2,-0.466755656
tAge,γδT,ST6GALNAC4,-2.311567613
tAge,γδT,STK32C,0.283375033
tAge,γδT,STK36,-0.42628508
tAge,γδT,STK4,-0.380941395
tAge,γδT,STX4,0.42029255
tAge,γδT,STYK1,1.045687669
tAge,γδT,SURF1,0.817673254
tAge,γδT,TACC3,-0.218642207
tAge,γδT,TAF1A,-0.119779803
tAge,γδT,TBC1D30,-1.476745831
tAge,γδT,TBCK,0.010106062
tAge,γδT,TCOF1,-0.430182311
tAge,γδT,TEX2,0.580329546
tAge,γδT,TEX261,0.40157853
tAge,γδT,TFAM,-0.147297036
tAge,γδT,TFCP2L1,-0.668772704
tAge,γδT,TFDP1,-0.149067323
tAge,γδT,TGIF2,-0.224087628
tAge,γδT,THAP4,0.245786374
tAge,γδT,THNSL2,-8.130028386
tAge,γδT,THRB,-1.573023497
tAge,γδT,THUMPD2,-0.390726737
tAge,γδT,TIAM1,-0.154983954
tAge,γδT,TICAM1,-0.558367637
tAge,γδT,TIGIT,0.166792935
tAge,γδT,TLN1,-0.009085276
tAge,γδT,TMBIM1,-0.050436964
tAge,γδT,TMC3-AS1,0.5268353
tAge,γδT,TMC8,-0.062671031
tAge,γδT,TMCC1,-0.007535712
tAge,γδT,TMCC3,0.099440967
tAge,γδT,TMED3,-0.212793087
tAge,γδT,TMEM199,0.782306485
tAge,γδT,TMEM254-AS1,0.591510674
tAge,γδT,TMEM8B,-1.056137849
tAge,γδT,TMPRSS12,1.186027721
tAge,γδT,TNFRSF10A,-1.508219932
tAge,γδT,TOMM40,-0.229187494
tAge,γδT,TRAJ18,-11.14513128
tAge,γδT,TRAJ25,34.72758565
tAge,γδT,TRAV16,0.364994396
tAge,γδT,TRAV19,0.082255889
tAge,γδT,TRBJ2-1,-0.372495238
tAge,γδT,TRBV28,0.774909876
tAge,γδT,TRBV7-3,-5.175101121
tAge,γδT,TRGV9,-0.117253502
tAge,γδT,TRIM68,0.106472792
tAge,γδT,TRMT10C,-0.362424161
tAge,γδT,TRMT13,-0.068166358
tAge,γδT,TSPAN2,0.235774508
tAge,γδT,TTC12,-0.046288083
tAge,γδT,TTC22,0.002002019
tAge,γδT,TTC9,-0.369746945
tAge,γδT,TUBB4B,-0.00011026
tAge,γδT,TUBB6,-2.765929824
tAge,γδT,UBAC2,-0.197999506
tAge,γδT,UBASH3B,-0.577936605
tAge,γδT,UBE2L3,0.116465337
tAge,γδT,UBFD1,-0.568699009
tAge,γδT,UBL4A,-0.314899614
tAge,γδT,ULK2,-0.17567049
tAge,γδT,UNC5D,-6.182591222
tAge,γδT,USP19,1.741090487
tAge,γδT,UTP15,-0.097408545
tAge,γδT,UTP6,0.101287116
tAge,γδT,VASN,-6.46544932
tAge,γδT,VEGFC,12.83063797
tAge,γδT,VPS25,-0.057635004
tAge,γδT,VTI1B,0.726213391
tAge,γδT,VWA5B1,-30.4997287
tAge,γδT,WDR90,3.896549428
tAge,γδT,WNT10A,-1.27600868
tAge,γδT,WNT7A,1.941236504
tAge,γδT,ZBED3,0.137416335
tAge,γδT,ZBTB16,-0.294702923
tAge,γδT,ZBTB42,1.541693927
tAge,γδT,ZBTB8OS,0.260891937
tAge,γδT,ZC3H8,0.152863514
tAge,γδT,ZCWPW1,0.664996903
tAge,γδT,ZEB2,0.36136731
tAge,γδT,ZFP69B,-0.409718018
tAge,γδT,ZMIZ1,-0.163951885
tAge,γδT,ZNF337-AS1,0.445843193
tAge,γδT,ZNF385A,3.640313611
tAge,γδT,ZNF451-AS1,0.533059737
tAge,γδT,ZNF468,0.013244206
tAge,γδT,ZNF469,6.857638683
tAge,γδT,ZNF511,-1.075206599
tAge,γδT,ZNF514,-0.009127849
tAge,γδT,ZNF525,-0.691425483
tAge,γδT,ZNF620,-1.001366305
tAge,γδT,ZNF683,-0.412049755
tAge,γδT,ZNF7,-0.18726608
tAge,γδT,ZNF805,-0.673904701
tAge,γδT,ZNF831,-0.157308133
tAge,γδT,ZNRF3,0.509078698
tAge,γδT,ZYG11B,-0.0813434
ptAge,TC,(Intercept),72.16422877
ptAge,TC,CTL_CFAP61,3.472180862
ptAge,TC,CTL_CFH,2.506080262
ptAge,TC,CTL_FHIT,-6.643327885
ptAge,TC,CTL_NUBP2,21.37580082
ptAge,TC,CTL_STOX2,80.02250823
ptAge,TC,proT_FADD,1.705956608
ptAge,TC,proT_SLFN12,0.400924226
ptAge,TC,Tcm_CD4_CLC,232.113543
ptAge,TC,Tcm_CD4_DCDC1,14.55056887
ptAge,TC,Tcm_CD4_GRIN3B,408.8416761
ptAge,TC,Tcm_CD4_NSMF,33.99538697
ptAge,TC,Tcm_CD4_PITPNM2,-4.061473072
ptAge,TC,Tcm_CD4_SFMBT1,6.968344479
ptAge,TC,Tcm_CD4_SLC46A2,-17.9541133
ptAge,TC,Tcm_CD4_ZPBP2,157.8287297
ptAge,TC,Tcm_CD8_C10orf105,45.51598263
ptAge,TC,Tcm_CD8_HCAR3,13.16378618
ptAge,TC,Tcm_CD8_LILRA1,4.518114646
ptAge,TC,Tcm_CD8_TRDJ2,4.005671385
ptAge,TC,TCR_ASPHD2,-14.17010858
ptAge,TC,TCR_LBHD1,-4.08126509
ptAge,TC,TCR_NBPF10,6.783485153
ptAge,TC,TCR_SCN8A,2.61760349
ptAge,TC,TCR_ZNF469,237.1544138
ptAge,TC,Tem_AASS,1.573246038
ptAge,TC,Tem_AGAP1,-8.975516105
ptAge,TC,Tem_ATF7IP2,-4.680875994
ptAge,TC,Tem_BANK1,-2.233219975
ptAge,TC,Tem_CD247,-3.935280254
ptAge,TC,Tem_CREB3L2,-0.467386135
ptAge,TC,Tem_CSF1,0.025078662
ptAge,TC,Tem_KCTD12,-21.2660771
ptAge,TC,Tem_LGR6,0.950439332
ptAge,TC,Tem_LINC01949,-171.855455
ptAge,TC,Tem_MCOLN2,33.79823779
ptAge,TC,Tem_MPPED2,-0.373157843
ptAge,TC,Tem_NCALD,-12.74435255
ptAge,TC,Tem_RABGAP1L,6.08267031
ptAge,TC,Tem_RRAD,-3.011293573
ptAge,TC,Tem_TOX,1.744586466
ptAge,TC,Tem_TRAV24,119.2369402
ptAge,TC,Tem_TRPS1,0.647171506
ptAge,TC,Tem_WNK1,4.936525011
ptAge,TC,Tex_CD4_DNAJC27,-0.103287851
ptAge,TC,Tex_CD4_GPR75,10.23077508
ptAge,TC,Tex_CD4_IFRD2,11.85377562
ptAge,TC,Tex_CD4_NKG7,0.045551494
ptAge,TC,Tex_CD4_TMEM185B,15.79246809
ptAge,TC,Tex_CD4_TTC7A,0.414906823
ptAge,TC,Tex_CD8_BMPER,32.06892279
ptAge,TC,Tex_CD8_CDC20B,174.2981138
ptAge,TC,Tex_CD8_CDK2AP1,-4.256180281
ptAge,TC,Tex_CD8_GLIS1,74.19102331
ptAge,TC,Tex_CD8_HIST1H2AJ,50.502429
ptAge,TC,Tex_CD8_LDLRAD4,-0.188832905
ptAge,TC,Tex_CD8_RRAS2,-0.739766263
ptAge,TC,Tex_CD8_ZSWIM1,-6.49212905
ptAge,TC,Th1_CD4_ACVR2A,0.672423025
ptAge,TC,Th1_CD4_CD247,-7.818226415
ptAge,TC,Th1_CD4_CNKSR3,16.21907461
ptAge,TC,Th1_CD4_LINC00426,0.304028226
ptAge,TC,Th1_CD4_LINC01684,24.35599887
ptAge,TC,Th1_CD4_RIMKLB,-7.670657079
ptAge,TC,Th1_CD4_SEMA5A,7.733933826
ptAge,TC,Th1_CD4_SSH2,-15.00172109
ptAge,TC,Th1_CD4_THEMIS,9.774117803
ptAge,TC,Th1_CD4_TPRG1,4.484769237
ptAge,TC,Th1_CD4_TRAM2-AS1,-93.39698273
ptAge,TC,Th1_CD4_TRAV39,53.85409747
ptAge,TC,Th1_CD4_WWC2,-1.472380857
ptAge,TC,Th17_CD4_CASK,5.538499787
ptAge,TC,Th17_CD4_CCDC50,-8.232237299
ptAge,TC,Th17_CD4_CHST12,-3.689913234
ptAge,TC,Th17_CD4_HUNK,35.03943427
ptAge,TC,Th17_CD4_ITGA4,-18.6902839
ptAge,TC,Th17_CD4_MED26,19.09872545
ptAge,TC,Th17_CD4_UBE2E2,1.882752926
ptAge,TC,Th17_CD4_USP6NL,5.856867571
ptAge,TC,Th2_CD4_ABCD2,22.5516013
ptAge,TC,Th2_CD4_CCR6,-1.28589938
ptAge,TC,Th2_CD4_FARP1,-52.81505581
ptAge,TC,Th2_CD4_FGFR4,61.87814701
ptAge,TC,Th2_CD4_FOXO1,13.45899757
ptAge,TC,Th2_CD4_LINC01786,79.99854548
ptAge,TC,Th2_CD4_OBSCN,-0.199136569
ptAge,TC,Th2_CD4_THEMIS,0.800158453
ptAge,TC,Tn_CD4_AFF3,-29.43370784
ptAge,TC,Tn_CD4_ARHGAP32,-0.547456699
ptAge,TC,Tn_CD4_BAALC,322.7410401
ptAge,TC,Tn_CD4_CASK,10.03246884
ptAge,TC,Tn_CD4_CERS6,-30.28243173
ptAge,TC,Tn_CD4_CHST2,-5.311845365
ptAge,TC,Tn_CD4_EDA,16.46563414
ptAge,TC,Tn_CD4_FLT1,-42.24642503
ptAge,TC,Tn_CD4_IKZF1,-8.169294851
ptAge,TC,Tn_CD4_IL2RA,32.38177232
ptAge,TC,Tn_CD4_LINC01524,6.055593254
ptAge,TC,Tn_CD4_LRRN3,-43.99387874
ptAge,TC,Tn_CD4_NAALADL2,-0.75569714
ptAge,TC,Tn_CD4_NBEA,-7.382457489
ptAge,TC,Tn_CD4_NREP,-36.65832246
ptAge,TC,Tn_CD4_PDE7B,-12.27078937
ptAge,TC,Tn_CD4_PLCB1,-0.33113266
ptAge,TC,Tn_CD4_PPP2R2B,5.517058848
ptAge,TC,Tn_CD4_PRSS41,-201.8040796
ptAge,TC,Tn_CD4_RGL3,377.1809095
ptAge,TC,Tn_CD4_RGMB,21.09874486
ptAge,TC,Tn_CD4_SFMBT1,2.543147982
ptAge,TC,Tn_CD4_SORCS3,11.61449201
ptAge,TC,Tn_CD4_SSH2,-6.722855838
ptAge,TC,Tn_CD4_STAT4,13.3262991
ptAge,TC,Tn_CD4_SYNE2,16.86287583
ptAge,TC,Tn_CD4_TMEM150B,450.2749408
ptAge,TC,Tn_CD4_UBE2E2,-6.34332476
ptAge,TC,Tn_CD8,-1.420728278
ptAge,TC,Tn_CD8_CABP1,-151.9349729
ptAge,TC,Tn_CD8_CAMK4,-2.596800663
ptAge,TC,Tn_CD8_CD99,2.923594477
ptAge,TC,Tn_CD8_CPED1,-7.445178329
ptAge,TC,Tn_CD8_ESR1,-0.111346252
ptAge,TC,Tn_CD8_FRAS1,-5.974450897
ptAge,TC,Tn_CD8_GTDC1,-0.455604922
ptAge,TC,Tn_CD8_HDGFL2,-10.932857
ptAge,TC,Tn_CD8_HYAL4,-247.9589589
ptAge,TC,Tn_CD8_PCK2,6.704229483
ptAge,TC,Tn_CD8_ROBO1,-7.268105755
ptAge,TC,Tn_CD8_SEMA6C,-113.5161926
ptAge,TC,Tn_CD8_ZNF385D,-1.281146973
ptAge,TC,Treg_ATP23,-2.081730143
ptAge,TC,Treg_BACH2,-8.02038799
ptAge,TC,Treg_CDHR2,-8.379304325
ptAge,TC,Treg_NBEA,-1.323843237
ptAge,TC,Treg_NFE2L3,3.073257985
ptAge,TC,Treg_SIRPD,1.431853286
ptAge,TC,Treg_ST6GALNAC3,-0.560485657
ptAge,TC,Treg_TMEM71,-4.171060591
ptAge,TC,Treg_TRAV26-1,-6.001070705
ptAge,TC,Treg_TTC28,-7.63509254
ptAge,TC,Treg_ZNF14,-2.609759777
immAge,,(Intercept),58.86800965
immAge,Bm,GSG1L,49.36418827
immAge,Bm,SORCS3,26.41605827
immAge,Bm,UCK2,-1.352826533
immAge,Bn,MYO18A,-2.028911657
immAge,Bn,OBSCN,-3.282328165
immAge,Bn,SYCP2L,-25.46928119
immAge,cDC,PSMD7,1.075012525
immAge,cDC,SLC12A9,1.178289445
immAge,cDC,TUBA4A,3.988257913
immAge,cMC,MOAP1,0.422045028
immAge,cMC,VARS2,7.00703788
immAge,cMC,ZNF766,2.007675436
immAge,CTL,FHIT,-8.178666408
immAge,CTL,ING2,8.68806801
immAge,CTL,NUBP2,3.293532189
immAge,CTL,STOX2,16.86447308
immAge,CTL,TULP4,-3.153405129
immAge,,Hill numbers (Q5),-0.143109531
immAge,,Hill numbers (Q6),-0.000173875
immAge,HSPC,FLAD1,-1.282116012
immAge,HSPC,GTPBP10,0.736659513
immAge,HSPC,LINC02055,-5.425749305
immAge,HSPC,RAB31,2.281079884
immAge,HSPC,SPON2,2.693179134
immAge,NK1,TMEM254-AS1,8.26481547
immAge,NK1,ZXDB,-0.430733387
immAge,NK2,ARHGEF10L,-169.8256111
immAge,NK2,PRSS23,2.169213592
immAge,nMC,ALDH5A1,-4.835995424
immAge,nMC,CPB2-AS1,67.50570405
immAge,nMC,FAM89A,33.63222379
immAge,pDC,FSD1,7.247450533
immAge,pDC,MRTO4,-1.191870265
immAge,pDC,WDR54,7.837684961
immAge,Pla,GSTO1,-15.24242668
immAge,proT,FADD,5.9884499
immAge,Tcm_CD4,CCSER1,3.727093583
immAge,Tcm_CD4,CLC,60.08327374
immAge,Tcm_CD4,GRIN3B,270.6809888
immAge,Tcm_CD4,NSMF,2.248502547
immAge,Tcm_CD4,PITPNM2,-4.434897931
immAge,Tcm_CD4,ZPBP2,139.3379264
immAge,γδT,C1orf216,2.294795344
immAge,γδT,LBHD1,-3.971471383
immAge,γδT,NBPF10,2.545585269
immAge,γδT,SCN8A,1.00656642
immAge,γδT,ZNF469,160.0135169
immAge,Tem,AGAP1,-8.925789414
immAge,Tem,BANK1,-1.97908316
immAge,Tem,CD247,-1.787533772
immAge,Tem,CREB3L2,-0.026768376
immAge,Tem,LGR6,7.386220583
immAge,Tem,LINC01949,-15.35796847
immAge,Tem,MCOLN2,27.29539953
immAge,Tem,MPPED2,-1.177180181
immAge,Tem,NCALD,-13.56117557
immAge,Tem,NECTIN3,2.951189906
immAge,Tem,PLAC8L1,-13.24291549
immAge,Tem,PSMB2,-1.624952239
immAge,Tem,RABGAP1L,19.22093691
immAge,Tem,RRAD,-1.158949037
immAge,Tem,TPRG1,1.131334186
immAge,Tem,TRAV24,77.57231662
immAge,Tem,TRPS1,5.440410452
immAge,Tex_CD4,IFRD2,18.63966281
immAge,Tex_CD4,TMEM185B,19.48060476
immAge,Tex_CD4,TTC7A,0.870856355
immAge,Tex_CD8,ACTR1B,3.738931387
immAge,Tex_CD8,CDC20B,157.0138338
immAge,Tex_CD8,GLIS1,72.74347712
immAge,Tex_CD8,HIST1H2AJ,19.70550894
immAge,Tex_CD8,LDLRAD4,-2.175477995
immAge,Tex_CD8,RAD21L1,9.720952223
immAge,Tex_CD8,ZSWIM1,-24.78677292
immAge,Th1,ACVR2A,0.512089131
immAge,Th1,CD247,-11.78367094
immAge,Th1,CDH20,-2.005225746
immAge,Th1,CPNE8,0.029473013
immAge,Th1,LINC01684,28.69427329
immAge,Th1,RIMKLB,-6.416942494
immAge,Th1,SSH2,-20.19687778
immAge,Th1,THEMIS,16.05989153
immAge,Th1,TRAM2-AS1,-108.2061717
immAge,Th1,TRAV39,59.49654082
immAge,Th17,CASK,3.42101988
immAge,Th17,CCDC50,-7.327148378
immAge,Th17,CHST12,-0.323294018
immAge,Th17,COL24A1,1.6046739
immAge,Th17,HUNK,19.08281492
immAge,Th17,ITGA4,-16.44787036
immAge,Th17,MED26,18.84158199
immAge,Th17,UBE2E2,0.030901706
immAge,Th2,ABCD2,17.54183537
immAge,Th2,AUTS2,-1.078134424
immAge,Th2,DIP2C,-0.422039284
immAge,Th2,FARP1,-21.15495991
immAge,Th2,FOXO1,5.063539612
immAge,Th2,LINC01786,33.9483027
immAge,Th2,ZNF213,9.889104312
immAge,Tn_CD4,ADGRA3,-6.485782855
immAge,Tn_CD4,AFF3,-22.08701324
immAge,Tn_CD4,ARHGAP32,-5.40491861
immAge,Tn_CD4,CASK,13.77646442
immAge,Tn_CD4,CERS6,-22.92440899
immAge,Tn_CD4,CHST2,-1.643363497
immAge,Tn_CD4,DIAPH2,3.841298429
immAge,Tn_CD4,EDA,12.25517557
immAge,Tn_CD4,FLT1,-3.46274767
immAge,Tn_CD4,IKZF1,-4.430642745
immAge,Tn_CD4,IL2RA,28.96133017
immAge,Tn_CD4,LINC01524,4.173828338
immAge,Tn_CD4,LRRN3,-35.30370771
immAge,Tn_CD4,NAALADL2,-6.257768902
immAge,Tn_CD4,NBEA,-10.40714985
immAge,Tn_CD4,NREP,-24.88234436
immAge,Tn_CD4,PDE7B,-8.352209521
immAge,Tn_CD4,PLCB1,-5.650254958
immAge,Tn_CD4,PPP2R2B,15.15192192
immAge,Tn_CD4,RGL3,1217.424549
immAge,Tn_CD4,RGMB,18.58556583
immAge,Tn_CD4,RUNX2,0.075479546
immAge,Tn_CD4,SFMBT1,0.025796343
immAge,Tn_CD4,SLFN12L,0.079238898
immAge,Tn_CD4,SORCS3,13.35587935
immAge,Tn_CD4,STAT4,8.554811391
immAge,Tn_CD4,SYNE2,18.77344704
immAge,Tn_CD4,TGFBR2,-2.033101869
immAge,Tn_CD4,TLN2,-8.204754835
immAge,Tn_CD4,TMEM150B,29.77620744
immAge,Tn_CD4,TSHZ2,0.269824615
immAge,Tn_CD4,UBE2E2,-2.903607116
immAge,,Tn_CD8,-1.454645157
immAge,Tn_CD8,CABP1,-10.96293677
immAge,Tn_CD8,CAMK4,-1.821744332
immAge,Tn_CD8,CD99,2.443001869
immAge,Tn_CD8,ESR1,-1.594358225
immAge,Tn_CD8,HDGFL2,-9.934379348
immAge,Tn_CD8,HYAL4,-292.4763421
immAge,Tn_CD8,PCK2,22.32410767
immAge,Tn_CD8,R3HDM1,-4.626476676
immAge,Tn_CD8,ROBO1,-6.484884537
immAge,Tn_CD8,SEMA6C,-84.60997228
immAge,Tn_CD8,TEFM,-9.398823946
immAge,Tn_CD8,ZNF385D,-10.84945395
immAge,Tn_CD8,ZNF792,-2.526153918
immAge,Treg,ATP23,-1.0171682
immAge,Treg,BACH2,-8.011774666
immAge,Treg,NBEA,-0.388358192
immAge,Treg,NFE2L3,0.318764046
immAge,Treg,ST6GALNAC3,-1.873543035
immAge,Treg,TMEM71,-7.728464595
immAge,Treg,TRAV26-1,-9.786533827
immAge,Treg,TTC28,-6.848668043
ptAge,NK,(Intercept),67.31000959
ptAge,NK,gender,0.042057886
ptAge,NK,NK1_ABCA9,-0.307072099
ptAge,NK,NK1_ABHD15-AS1,0.667318253
ptAge,NK,NK1_ACIN1,-0.01449666
ptAge,NK,NK1_ACP6,-2.592698262
ptAge,NK,NK1_ADCY2,11.7860986
ptAge,NK,NK1_ADGRD1,-8.811235022
ptAge,NK,NK1_ADGRG3,2.866121432
ptAge,NK,NK1_ADGRL2,-1.865593875
ptAge,NK,NK1_ADPGK-AS1,12.46482982
ptAge,NK,NK1_AKIP1,-2.576993816
ptAge,NK,NK1_AKR7A3,8.567613277
ptAge,NK,NK1_ALDH8A1,3.591461006
ptAge,NK,NK1_AMZ2,0.495654716
ptAge,NK,NK1_ANK3,-0.442212979
ptAge,NK,NK1_ANKRD53,175.3412938
ptAge,NK,NK1_APOBEC2,7.927088143
ptAge,NK,NK1_ARHGAP4,0.349301098
ptAge,NK,NK1_ARL5C,43.73186045
ptAge,NK,NK1_ASB16,6.319803102
ptAge,NK,NK1_ASB6,-4.472408714
ptAge,NK,NK1_ASMTL-AS1,-1.525172554
ptAge,NK,NK1_ATCAY,6.881330304
ptAge,NK,NK1_ATP1A3,10.23693803
ptAge,NK,NK1_ATP5F1D,0.764418822
ptAge,NK,NK1_AURKA,-5.182643228
ptAge,NK,NK1_AVIL,-6.972976268
ptAge,NK,NK1_B4GALT2,1.713463415
ptAge,NK,NK1_B4GALT7,-9.049223261
ptAge,NK,NK1_BAG3,10.748626
ptAge,NK,NK1_BBS12,-3.273218874
ptAge,NK,NK1_BCL2A1,3.300550519
ptAge,NK,NK1_BCL2L11,0.050868805
ptAge,NK,NK1_BCL3,-1.534878067
ptAge,NK,NK1_BEST1,89.90842717
ptAge,NK,NK1_BEST4,89.64393802
ptAge,NK,NK1_BNIP1,-3.902304194
ptAge,NK,NK1_BRINP1,68.83284892
ptAge,NK,NK1_C4orf50,0.690430964
ptAge,NK,NK1_CA1,88.99407946
ptAge,NK,NK1_CA3,4.639941666
ptAge,NK,NK1_CA5B,-1.315078397
ptAge,NK,NK1_CACTIN,-2.552916816
ptAge,NK,NK1_CANT1,-3.030924305
ptAge,NK,NK1_CAPN5,-12.24767428
ptAge,NK,NK1_CCBE1,11.17904514
ptAge,NK,NK1_CCDC168,-0.176540747
ptAge,NK,NK1_CCDC192,-19.04568101
ptAge,NK,NK1_CCDC34,-1.999814797
ptAge,NK,NK1_CCR2,-3.230279049
ptAge,NK,NK1_CD200R1,-1.543996304
ptAge,NK,NK1_CDPF1,0.579723238
ptAge,NK,NK1_CEP19,-2.599825188
ptAge,NK,NK1_CFAP47,25.78069704
ptAge,NK,NK1_CFAP69,1.082057555
ptAge,NK,NK1_CISH,-3.720607762
ptAge,NK,NK1_CLPTM1L,-1.689118095
ptAge,NK,NK1_CNKSR3,-14.05972501
ptAge,NK,NK1_CNN3,-12.40886034
ptAge,NK,NK1_COL1A1,-38.28172464
ptAge,NK,NK1_COL28A1,-6.984535634
ptAge,NK,NK1_COL6A6,-4.896466637
ptAge,NK,NK1_COPS3,-0.013138625
ptAge,NK,NK1_CRTAP,-0.004773988
ptAge,NK,NK1_CS,0.379685746
ptAge,NK,NK1_CSGALNACT1,-1.286444394
ptAge,NK,NK1_CSNK1D,-1.937664229
ptAge,NK,NK1_CXorf58,4.086415078
ptAge,NK,NK1_DBNDD2,-75.05466827
ptAge,NK,NK1_DCBLD1,2.588733702
ptAge,NK,NK1_DDX6,-0.101082971
ptAge,NK,NK1_DENND6A,0.896631916
ptAge,NK,NK1_DLGAP5,-13.37315424
ptAge,NK,NK1_DNMBP,2.275682265
ptAge,NK,NK1_DNMT3B,-6.224028172
ptAge,NK,NK1_DPH5,-2.821645593
ptAge,NK,NK1_ECHS1,-0.019358701
ptAge,NK,NK1_EFCAB14-AS1,3.34301573
ptAge,NK,NK1_EGR1,-0.572390656
ptAge,NK,NK1_ELF3-AS1,55.04459883
ptAge,NK,NK1_EMID1,-4.154821248
ptAge,NK,NK1_EML6,3.067448163
ptAge,NK,NK1_EPDR1,5.932117979
ptAge,NK,NK1_EPN2-AS1,44.49666956
ptAge,NK,NK1_EPOR,3.961050231
ptAge,NK,NK1_ERCC6L,-21.22004786
ptAge,NK,NK1_ERO1B,-0.742716781
ptAge,NK,NK1_ESR2,1.462016359
ptAge,NK,NK1_ETS2,-17.77547743
ptAge,NK,NK1_EXOC1,0.113184125
ptAge,NK,NK1_FAAH,4.883912081
ptAge,NK,NK1_FADS1,-14.50366571
ptAge,NK,NK1_FAM86B1,28.29117859
ptAge,NK,NK1_FARP1,-0.36661041
ptAge,NK,NK1_FAT3,5.180127059
ptAge,NK,NK1_FHAD1,16.45535521
ptAge,NK,NK1_FITM1,89.56102992
ptAge,NK,NK1_FLVCR1-DT,-13.85081353
ptAge,NK,NK1_FOSL1,8.845303147
ptAge,NK,NK1_FRY-AS1,8.464967276
ptAge,NK,NK1_FSIP2,-0.719920345
ptAge,NK,NK1_GABPB1-AS1,-1.440815716
ptAge,NK,NK1_GFPT1,-0.84293472
ptAge,NK,NK1_GNAI1,-0.010075322
ptAge,NK,NK1_GNG12-AS1,85.15336264
ptAge,NK,NK1_GPAA1,7.871485446
ptAge,NK,NK1_GPS2,-1.993469648
ptAge,NK,NK1_GRAPL,-4.998674273
ptAge,NK,NK1_GREB1L,-16.94127883
ptAge,NK,NK1_GSR,1.181288718
ptAge,NK,NK1_GSTM1,-15.684852
ptAge,NK,NK1_GSTP1,1.014781771
ptAge,NK,NK1_GZMA,1.617961204
ptAge,NK,NK1_GZMB,0.987520603
ptAge,NK,NK1_GZMH,0.50067813
ptAge,NK,NK1_HDDC3,-3.066008567
ptAge,NK,NK1_HEXIM1,-1.372825816
ptAge,NK,NK1_HIST1H2AG,0.554896882
ptAge,NK,NK1_HIST1H4C,1.438171725
ptAge,NK,NK1_HIST3H2BB,-14.82436724
ptAge,NK,NK1_HLA-DRB5,3.956880861
ptAge,NK,NK1_HTT,0.231326147
ptAge,NK,NK1_ICA1,-6.411882625
ptAge,NK,NK1_ICE2,-0.635001271
ptAge,NK,NK1_ICOSLG,-3.590344923
ptAge,NK,NK1_IFNG-AS1,-0.401727607
ptAge,NK,NK1_IGHA1,2.809838708
ptAge,NK,NK1_IGKV1-39,0.052690538
ptAge,NK,NK1_IGSF3,109.450186
ptAge,NK,NK1_IL2RA,-0.116979264
ptAge,NK,NK1_INPP4B,-0.085647574
ptAge,NK,NK1_IRF4,1.273210948
ptAge,NK,NK1_ISCA2,1.551660791
ptAge,NK,NK1_JOSD2,-4.63806176
ptAge,NK,NK1_JSRP1,-69.2651862
ptAge,NK,NK1_KCNK9,5.405896501
ptAge,NK,NK1_KCP,-12.58534215
ptAge,NK,NK1_KIF2C,-3.764516844
ptAge,NK,NK1_KIT,-0.912386665
ptAge,NK,NK1_KLHL31,-2.520143477
ptAge,NK,NK1_KRAS,-0.270808702
ptAge,NK,NK1_LACC1,2.956150135
ptAge,NK,NK1_LAIR2,2.280439095
ptAge,NK,NK1_LAMC1,-40.82997287
ptAge,NK,NK1_LCNL1,35.91800196
ptAge,NK,NK1_LDLRAP1,0.857828004
ptAge,NK,NK1_LGALS8-AS1,-30.42146564
ptAge,NK,NK1_LIM2,-13.96351399
ptAge,NK,NK1_LINC-ROR,48.68228156
ptAge,NK,NK1_LINC00299,-1.584501477
ptAge,NK,NK1_LINC00352,144.1430033
ptAge,NK,NK1_LINC00520,26.96448346
ptAge,NK,NK1_LINC00607,80.92356978
ptAge,NK,NK1_LINC01222,-0.097521025
ptAge,NK,NK1_LINC01725,-1.367949657
ptAge,NK,NK1_LINC01871,0.677676989
ptAge,NK,NK1_LINC01887,58.78590822
ptAge,NK,NK1_LINC02035,0.593791863
ptAge,NK,NK1_LINC02068,2.350267331
ptAge,NK,NK1_LINC02150,2.235603014
ptAge,NK,NK1_LINC02373,-36.26392529
ptAge,NK,NK1_LINC02404,-14.39156428
ptAge,NK,NK1_LPA,23.18802404
ptAge,NK,NK1_LRP12,-2.507152262
ptAge,NK,NK1_LRP4,-18.57411646
ptAge,NK,NK1_LRPPRC,-0.73439139
ptAge,NK,NK1_LRRC37B,-1.681197447
ptAge,NK,NK1_LRRN1,-5.85736194
ptAge,NK,NK1_LRSAM1,1.354881183
ptAge,NK,NK1_LYST,0.501456845
ptAge,NK,NK1_MAFIP,-1.332663211
ptAge,NK,NK1_MAPKAPK2,-0.952990783
ptAge,NK,NK1_MCC,-2.152131889
ptAge,NK,NK1_MCMBP,-1.040518241
ptAge,NK,NK1_MCOLN2,1.199808125
ptAge,NK,NK1_MDC1-AS1,7.752093092
ptAge,NK,NK1_MEF2A,-0.174708848
ptAge,NK,NK1_METTL22,-0.008397167
ptAge,NK,NK1_MGAT5,-0.440890153
ptAge,NK,NK1_MIF4GD,5.016113862
ptAge,NK,NK1_MIR200CHG,-1.18095639
ptAge,NK,NK1_MLH1,1.154716737
ptAge,NK,NK1_MLXIP,-0.799803522
ptAge,NK,NK1_MOGAT1,-0.350299401
ptAge,NK,NK1_MON1B,0.110878605
ptAge,NK,NK1_MPRIP,-0.624127157
ptAge,NK,NK1_MROH8,4.165674336
ptAge,NK,NK1_MROH9,3.880528849
ptAge,NK,NK1_MRTO4,-4.265846941
ptAge,NK,NK1_MS4A4A,22.07378393
ptAge,NK,NK1_MS4A4E,13.59192442
ptAge,NK,NK1_MTAP,0.401535794
ptAge,NK,NK1_MTCP1,3.3303882
ptAge,NK,NK1_MTO1,1.041933017
ptAge,NK,NK1_NANP,17.70886449
ptAge,NK,NK1_NBPF15,-1.54966893
ptAge,NK,NK1_NBPF26,-0.449456062
ptAge,NK,NK1_NCAPD3,-0.611647467
ptAge,NK,NK1_NCDN,7.371065688
ptAge,NK,NK1_NEDD4L,-0.572186346
ptAge,NK,NK1_NEK1,0.131055238
ptAge,NK,NK1_NEK10,0.822249074
ptAge,NK,NK1_NEK6,-0.044878106
ptAge,NK,NK1_NIPAL1,-0.83106799
ptAge,NK,NK1_NOS1AP,2.162062101
ptAge,NK,NK1_NOXRED1,2.179876221
ptAge,NK,NK1_OLFML3,-21.76150322
ptAge,NK,NK1_OR5B2,17.3049822
ptAge,NK,NK1_OTUD1,-2.740606609
ptAge,NK,NK1_P4HB,-1.546795294
ptAge,NK,NK1_PADI4,13.03771265
ptAge,NK,NK1_PAGE2B,-130.252888
ptAge,NK,NK1_PBX1,-1.089786013
ptAge,NK,NK1_PCBD1,-0.863657659
ptAge,NK,NK1_PDZK1IP1,9.615987721
ptAge,NK,NK1_PEAK1,-0.373696362
ptAge,NK,NK1_PELI1,1.492536577
ptAge,NK,NK1_PHACTR2-AS1,34.43628251
ptAge,NK,NK1_PHF10,1.317125215
ptAge,NK,NK1_PINCR,42.77117094
ptAge,NK,NK1_PKIA-AS1,-16.99206833
ptAge,NK,NK1_PLA2G10,-7.193863216
ptAge,NK,NK1_PLAG1,-1.925782549
ptAge,NK,NK1_PLK1,19.60093636
ptAge,NK,NK1_PLSCR4,2.091045986
ptAge,NK,NK1_PLXNA1,35.30628834
ptAge,NK,NK1_POLR2C,-1.664502971
ptAge,NK,NK1_POT1,-1.321408349
ptAge,NK,NK1_PRKN,-0.543379211
ptAge,NK,NK1_PROM2,32.71436299
ptAge,NK,NK1_PRR5L,0.258356389
ptAge,NK,NK1_PRRC2A,-0.718270295
ptAge,NK,NK1_PRRT2,-1.38041068
ptAge,NK,NK1_PSME3,0.183928779
ptAge,NK,NK1_PTK6,-51.82174227
ptAge,NK,NK1_PTPRM,-0.996112548
ptAge,NK,NK1_PUS1,0.223774829
ptAge,NK,NK1_PXN-AS1,-3.598884638
ptAge,NK,NK1_RAB11FIP5,-0.947175711
ptAge,NK,NK1_RALGPS2,-0.226446516
ptAge,NK,NK1_RAPGEF5,2.247369637
ptAge,NK,NK1_RASL11A,-64.93759606
ptAge,NK,NK1_RCAN3,-1.833652877
ptAge,NK,NK1_REEP3,-0.654717664
ptAge,NK,NK1_RGS2,0.450812817
ptAge,NK,NK1_RIOX2,-2.058498572
ptAge,NK,NK1_RIPK2,3.848996419
ptAge,NK,NK1_RMND5A,-0.296672899
ptAge,NK,NK1_RPL36,0.92346854
ptAge,NK,NK1_RPP25L,-11.03095198
ptAge,NK,NK1_RPS6KA3,-0.904885548
ptAge,NK,NK1_RRAGC,0.291112479
ptAge,NK,NK1_RRH,-20.4656646
ptAge,NK,NK1_SAC3D1,2.691458465
ptAge,NK,NK1_SCART1,-1.877903127
ptAge,NK,NK1_SCD,17.53033527
ptAge,NK,NK1_SCMH1,-1.900097357
ptAge,NK,NK1_SEC23A-AS1,-2.737584798
ptAge,NK,NK1_SEMA6A-AS2,38.79876789
ptAge,NK,NK1_SERPINB9,2.169526401
ptAge,NK,NK1_SHROOM4,-1.675513742
ptAge,NK,NK1_SHTN1,-2.877857441
ptAge,NK,NK1_SLC16A11,-24.43903459
ptAge,NK,NK1_SLC23A2,-0.784158808
ptAge,NK,NK1_SLC27A1,-4.289230522
ptAge,NK,NK1_SLC30A4,-1.25087288
ptAge,NK,NK1_SLC38A5,-5.079123901
ptAge,NK,NK1_SLC45A4,-0.154612958
ptAge,NK,NK1_SLC8A1,-1.620772115
ptAge,NK,NK1_SLC8A1-AS1,-4.736514257
ptAge,NK,NK1_SMARCD1,1.501345708
ptAge,NK,NK1_SMC6,0.745620455
ptAge,NK,NK1_SNAP25-AS1,-4.701909136
ptAge,NK,NK1_SNRNP25,-7.796692044
ptAge,NK,NK1_SORD,-2.963783006
ptAge,NK,NK1_SOX4,-4.988816239
ptAge,NK,NK1_SP2-AS1,41.80921293
ptAge,NK,NK1_SPATA13-AS1,50.19809532
ptAge,NK,NK1_SPDEF,31.52804089
ptAge,NK,NK1_SPRYD4,2.7777078
ptAge,NK,NK1_SRGAP2C,-2.697164378
ptAge,NK,NK1_ST20-MTHFS,-1.520988597
ptAge,NK,NK1_ST3GAL6,3.500315719
ptAge,NK,NK1_STK25,-3.607243196
ptAge,NK,NK1_SULF2,11.17719986
ptAge,NK,NK1_SVEP1,23.88187229
ptAge,NK,NK1_SYK,-0.205261641
ptAge,NK,NK1_TAS2R3,82.79020297
ptAge,NK,NK1_TAS2R30,0.449367163
ptAge,NK,NK1_TERB1,-1.178274333
ptAge,NK,NK1_TEX35,-7.329616645
ptAge,NK,NK1_THAP3,6.637502721
ptAge,NK,NK1_THBS1,-3.812582456
ptAge,NK,NK1_THBS4,-4.391398722
ptAge,NK,NK1_TKTL1,24.52888302
ptAge,NK,NK1_TMEM161B,0.021583225
ptAge,NK,NK1_TMEM185A,-1.192492862
ptAge,NK,NK1_TMEM220-AS1,1.488488545
ptAge,NK,NK1_TMEM242,0.320054332
ptAge,NK,NK1_TMEM254-AS1,5.295145587
ptAge,NK,NK1_TNFRSF1B,1.364318116
ptAge,NK,NK1_TONSL,-7.534693324
ptAge,NK,NK1_TRADD,-1.247805038
ptAge,NK,NK1_TRAF1,2.045020314
ptAge,NK,NK1_TRAJ47,-0.426531057
ptAge,NK,NK1_TRAJ8,25.92211015
ptAge,NK,NK1_TRAV3,13.17629413
ptAge,NK,NK1_TRAV41,-9.76004677
ptAge,NK,NK1_TRIM3,-2.981768432
ptAge,NK,NK1_TRIM41,4.650784968
ptAge,NK,NK1_TRIM59,4.570135988
ptAge,NK,NK1_TRIP11,0.765272219
ptAge,NK,NK1_TRPM8,-3.875498483
ptAge,NK,NK1_TRPV3,4.994706594
ptAge,NK,NK1_TSC22D1-AS1,-5.502908936
ptAge,NK,NK1_TSHR,5.947088965
ptAge,NK,NK1_TSNAX-DISC1,-1.386845081
ptAge,NK,NK1_TTL,5.171653266
ptAge,NK,NK1_TTPAL,0.248105168
ptAge,NK,NK1_TUBB,-2.355814515
ptAge,NK,NK1_TUBB1,2.413601895
ptAge,NK,NK1_UBAC2-AS1,3.431318954
ptAge,NK,NK1_UBE2L6,2.204865415
ptAge,NK,NK1_UBE2V1,-0.245340204
ptAge,NK,NK1_UQCC3,14.89297118
ptAge,NK,NK1_USP28,0.00325121
ptAge,NK,NK1_USP38,0.484549624
ptAge,NK,NK1_UTS2,0.594631327
ptAge,NK,NK1_VLDLR-AS1,83.13513994
ptAge,NK,NK1_VPS26C,-0.864343334
ptAge,NK,NK1_WDR17,-2.591542936
ptAge,NK,NK1_XKR9,14.74048478
ptAge,NK,NK1_XRCC2,-7.693943485
ptAge,NK,NK1_YARS2,0.506685862
ptAge,NK,NK1_ZAR1,-96.01768901
ptAge,NK,NK1_ZBTB20-AS1,4.029030727
ptAge,NK,NK1_ZEB2,0.000053
ptAge,NK,NK1_ZFHX3,-0.656036586
ptAge,NK,NK1_ZNF135,-2.463149486
ptAge,NK,NK1_ZNF154,-0.821999027
ptAge,NK,NK1_ZNF25,2.737089995
ptAge,NK,NK1_ZNF510,0.018759247
ptAge,NK,NK1_ZNF521,-0.390989026
ptAge,NK,NK1_ZNF616,-2.420170516
ptAge,NK,NK1_ZNF790,-0.053958662
ptAge,NK,NK1_ZW10,1.305459594
ptAge,NK,NK1_ZXDB,-6.291174559
ptAge,NK,NK2,0.293357282
ptAge,NK,NK2_AASS,5.211497367
ptAge,NK,NK2_ABCA1,18.76778126
ptAge,NK,NK2_ABCA6,-14.8348017
ptAge,NK,NK2_ABCB5,-62.48757682
ptAge,NK,NK2_ABCC5,-0.679103692
ptAge,NK,NK2_ABCC8,88.19281322
ptAge,NK,NK2_ABCG2,14.07653115
ptAge,NK,NK2_ACCSL,-78.03446984
ptAge,NK,NK2_ACTN1,-2.253302532
ptAge,NK,NK2_ADAL,3.723875286
ptAge,NK,NK2_ADAM12,1.032030534
ptAge,NK,NK2_ADAM19,-5.446561585
ptAge,NK,NK2_ADAMTS12,31.70341489
ptAge,NK,NK2_ADARB1,-4.115146321
ptAge,NK,NK2_ADGRA3,-0.653535746
ptAge,NK,NK2_AGTPBP1,-3.67713705
ptAge,NK,NK2_AKIRIN2,1.256643212
ptAge,NK,NK2_ALDH3B1,159.4669969
ptAge,NK,NK2_ALG1L2,-6.522509624
ptAge,NK,NK2_ALKBH3-AS1,-187.3507829
ptAge,NK,NK2_ALOX5AP,1.454341914
ptAge,NK,NK2_ALX3,320.9947728
ptAge,NK,NK2_ANKH,-0.371521406
ptAge,NK,NK2_ANKRD28,-3.158229716
ptAge,NK,NK2_ANKRD36C,0.891764731
ptAge,NK,NK2_AP1M2,9.984107511
ptAge,NK,NK2_APCDD1,2179.901382
ptAge,NK,NK2_APOBEC4,30.23486948
ptAge,NK,NK2_APOF,1918.88504
ptAge,NK,NK2_ARHGAP25,-1.183060461
ptAge,NK,NK2_ARHGAP26,-3.595287586
ptAge,NK,NK2_ARHGAP28,-47.73958153
ptAge,NK,NK2_ARHGAP40,-40.8055452
ptAge,NK,NK2_ARHGEF10L,-16.91576293
ptAge,NK,NK2_ARMC2,-3.463813651
ptAge,NK,NK2_ARV1,2.459037833
ptAge,NK,NK2_ASXL2,-0.851044607
ptAge,NK,NK2_ATM,-0.80965199
ptAge,NK,NK2_ATP8A1,1.890665489
ptAge,NK,NK2_ATP8A2,-1.782969954
ptAge,NK,NK2_AVPR2,1178.730755
ptAge,NK,NK2_B3GLCT,1.557828117
ptAge,NK,NK2_BAALC-AS1,3.113682622
ptAge,NK,NK2_BACH2,-2.422928463
ptAge,NK,NK2_BAIAP3,-19.49710166
ptAge,NK,NK2_BARD1,6.881154699
ptAge,NK,NK2_BCL2L2-PABPN1,7.232992352
ptAge,NK,NK2_BEND4,-76.36204119
ptAge,NK,NK2_BICDL1,2.817418488
ptAge,NK,NK2_BMP7,1415.079733
ptAge,NK,NK2_BMP8A,37.00784256
ptAge,NK,NK2_BNC2-AS1,-1338.688019
ptAge,NK,NK2_BOLA1,-4.964168629
ptAge,NK,NK2_BPGM,2.255810113
ptAge,NK,NK2_BTBD9,-1.396512621
ptAge,NK,NK2_BTN3A1,2.192504283
ptAge,NK,NK2_C12orf76,5.077707529
ptAge,NK,NK2_C17orf49,12.71342326
ptAge,NK,NK2_C1orf21,2.755808337
ptAge,NK,NK2_C1QB,228.9775528
ptAge,NK,NK2_C2orf66,36.09547684
ptAge,NK,NK2_C4orf19,5.263236497
ptAge,NK,NK2_C6orf89,2.24462056
ptAge,NK,NK2_C9orf40,10.81856934
ptAge,NK,NK2_CA5A,98.23254373
ptAge,NK,NK2_CALCB,1.63934525
ptAge,NK,NK2_CALU,2.560967106
ptAge,NK,NK2_CAMK1D,-0.647485406
ptAge,NK,NK2_CAPN10-DT,-35.71650966
ptAge,NK,NK2_CAPS2,3.486919052
ptAge,NK,NK2_CARMIL3,4.172974444
ptAge,NK,NK2_CASP1,0.713818742
ptAge,NK,NK2_CASP9,4.987701001
ptAge,NK,NK2_CATSPERB,-1.303725503
ptAge,NK,NK2_CCDC148-AS1,-348.2386154
ptAge,NK,NK2_CCDC183,-32.18998207
ptAge,NK,NK2_CCDC28B,-7.610057296
ptAge,NK,NK2_CCL24,401.3584557
ptAge,NK,NK2_CCND1,-38.81911101
ptAge,NK,NK2_CCND2,3.056035782
ptAge,NK,NK2_CCNJ,3.742397199
ptAge,NK,NK2_CD160,-2.463141243
ptAge,NK,NK2_CD3E,-2.050760858
ptAge,NK,NK2_CD93,-3.778410244
ptAge,NK,NK2_CDC123,6.417165096
ptAge,NK,NK2_CDK2AP2,5.174881417
ptAge,NK,NK2_CEACAM1,-18.31824777
ptAge,NK,NK2_CEBPB,1.462479135
ptAge,NK,NK2_CEP126,-0.138192799
ptAge,NK,NK2_CEP128,2.181227119
ptAge,NK,NK2_CEP152,1.610358666
ptAge,NK,NK2_CFAP36,2.969808777
ptAge,NK,NK2_CHN2,-1.775235121
ptAge,NK,NK2_CHRNA2,-333.6674726
ptAge,NK,NK2_CHRNA3,163.3285519
ptAge,NK,NK2_CHRNB2,21.5753023
ptAge,NK,NK2_CHRNB3,22.95057028
ptAge,NK,NK2_CHUK,5.959790466
ptAge,NK,NK2_CLCN5,-0.692858362
ptAge,NK,NK2_CLDN15,-5.891740657
ptAge,NK,NK2_CLDN7,38.70481939
ptAge,NK,NK2_CLEC17A,-0.630855595
ptAge,NK,NK2_CLEC2L,131.1733783
ptAge,NK,NK2_COA1,-1.621024651
ptAge,NK,NK2_COL5A2,-10.51295553
ptAge,NK,NK2_COX5A,1.769393463
ptAge,NK,NK2_COX6C,1.128160345
ptAge,NK,NK2_CPT1B,24.14061855
ptAge,NK,NK2_CRADD,4.951315011
ptAge,NK,NK2_CREB5,84.50222675
ptAge,NK,NK2_CREBRF,-3.384389171
ptAge,NK,NK2_CRHBP,-38.6641632
ptAge,NK,NK2_CSGALNACT2,4.116956046
ptAge,NK,NK2_CSRP1,2.01385586
ptAge,NK,NK2_CTSC,1.662198721
ptAge,NK,NK2_CXCL17,-18.65403612
ptAge,NK,NK2_CXCL8,39.41008543
ptAge,NK,NK2_CYB5D2,-3.418724366
ptAge,NK,NK2_CYP2D6,-40.071528
ptAge,NK,NK2_DACH1,-32.08510594
ptAge,NK,NK2_DAND5,338.8310661
ptAge,NK,NK2_DAO,163.6339161
ptAge,NK,NK2_DAPK1,1.466243304
ptAge,NK,NK2_DAZ2,-112.9483406
ptAge,NK,NK2_DCLK2,1.479664319
ptAge,NK,NK2_DDIT4-AS1,214.1804234
ptAge,NK,NK2_DDX21,-2.101892022
ptAge,NK,NK2_DECR2,-4.741793577
ptAge,NK,NK2_DENND3,0.719799825
ptAge,NK,NK2_DHX35,0.806574644
ptAge,NK,NK2_DIAPH1,0.605155695
ptAge,NK,NK2_DIP2C,-5.285758978
ptAge,NK,NK2_DMGDH,-2.512843573
ptAge,NK,NK2_DMRTC1B,-30.57487821
ptAge,NK,NK2_DMXL1,3.301437289
ptAge,NK,NK2_DOCK10,-1.650796038
ptAge,NK,NK2_DOCK5,0.258740573
ptAge,NK,NK2_DOCK9,-0.205682319
ptAge,NK,NK2_DPH7,3.956417137
ptAge,NK,NK2_DPYSL5,413.9127829
ptAge,NK,NK2_DTWD2,-4.103357862
ptAge,NK,NK2_DYRK1B,-1.160344446
ptAge,NK,NK2_EDARADD,2.335834045
ptAge,NK,NK2_EDN3,21.64189716
ptAge,NK,NK2_EFHC2,-3.806315639
ptAge,NK,NK2_EFNB3,-44.47231584
ptAge,NK,NK2_EIF4G3,1.182480148
ptAge,NK,NK2_ELMO3,-15.52683253
ptAge,NK,NK2_ELMOD2,3.362649304
ptAge,NK,NK2_ELP1,0.468060218
ptAge,NK,NK2_ENTPD1,14.17472313
ptAge,NK,NK2_ENTPD7,1.713363948
ptAge,NK,NK2_EPB41,-5.963657628
ptAge,NK,NK2_EPDR1,1.808371617
ptAge,NK,NK2_EPHA3,-0.736245363
ptAge,NK,NK2_ERC2,-6.05986862
ptAge,NK,NK2_ESR2,6.318992712
ptAge,NK,NK2_ESYT2,-0.03528176
ptAge,NK,NK2_ETFBKMT,17.37004595
ptAge,NK,NK2_EYA3,1.951964142
ptAge,NK,NK2_EZR-AS1,-109.38797
ptAge,NK,NK2_FAM107B,-0.953569479
ptAge,NK,NK2_FAM182B,3.786574324
ptAge,NK,NK2_FAM217A,39.96091249
ptAge,NK,NK2_FANCG,18.3524405
ptAge,NK,NK2_FBN1,23.1857803
ptAge,NK,NK2_FBXL18,5.822999126
ptAge,NK,NK2_FCRL2,-5.945397598
ptAge,NK,NK2_FCRL3,-2.450661754
ptAge,NK,NK2_FIG4,5.331299647
ptAge,NK,NK2_FOXN3,-1.144307089
ptAge,NK,NK2_FPR1,69.67687941
ptAge,NK,NK2_FYB1,-1.784502263
ptAge,NK,NK2_GAB1,-0.165453448
ptAge,NK,NK2_GACAT2,448.5519803
ptAge,NK,NK2_GALK1,11.88014972
ptAge,NK,NK2_GART,-3.289252859
ptAge,NK,NK2_GDAP2,1.080415783
ptAge,NK,NK2_GIMAP2,-1.756055706
ptAge,NK,NK2_GK5,1.723688481
ptAge,NK,NK2_GLCCI1,-1.255989853
ptAge,NK,NK2_GMPR,-21.32422543
ptAge,NK,NK2_GNB2,7.327738674
ptAge,NK,NK2_GNG5,0.132754172
ptAge,NK,NK2_GOLGA5,2.796846715
ptAge,NK,NK2_GOLIM4,1.433358338
ptAge,NK,NK2_GORAB,5.478324246
ptAge,NK,NK2_GPATCH2L,2.653855348
ptAge,NK,NK2_GPR82,-1.466922059
ptAge,NK,NK2_GPR84,471.6519135
ptAge,NK,NK2_GPRC5C,80.21650804
ptAge,NK,NK2_GRHPR,6.7030237
ptAge,NK,NK2_GRINA,-10.83912986
ptAge,NK,NK2_HAT1,5.574414777
ptAge,NK,NK2_HAVCR2,0.080511019
ptAge,NK,NK2_HDAC9,-1.708161056
ptAge,NK,NK2_HNRNPUL2-BSCL2,17.97276951
ptAge,NK,NK2_HPRT1,0.252227398
ptAge,NK,NK2_HSF5,-0.394028168
ptAge,NK,NK2_IFI44,0.226965201
ptAge,NK,NK2_IFT20,2.274892043
ptAge,NK,NK2_IGKV1D-33,47.31605502
ptAge,NK,NK2_IGKV2D-30,205.8146429
ptAge,NK,NK2_IGLV1-41,33.0371367
ptAge,NK,NK2_IGLV1-47,16.96991365
ptAge,NK,NK2_IGLV10-54,20.15220099
ptAge,NK,NK2_IGLV3-9,45.95880179
ptAge,NK,NK2_IL17B,-24.07802493
ptAge,NK,NK2_IL6R-AS1,102.6350953
ptAge,NK,NK2_INSL6,89.45478474
ptAge,NK,NK2_INTS8,3.177317782
ptAge,NK,NK2_IP6K2,7.025884105
ptAge,NK,NK2_IRS2,-1.145518775
ptAge,NK,NK2_ITFG1-AS1,-26.18346668
ptAge,NK,NK2_ITGAX,-1.103457604
ptAge,NK,NK2_ITGB5,-43.3678412
ptAge,NK,NK2_ITK,-0.855751394
ptAge,NK,NK2_IVNS1ABP,2.860984504
ptAge,NK,NK2_IYD,53.5298098
ptAge,NK,NK2_JAK1,-0.697016861
ptAge,NK,NK2_JARID2-AS1,21.17686009
ptAge,NK,NK2_JUND,-1.893813246
ptAge,NK,NK2_KAZN,3.897224128
ptAge,NK,NK2_KBTBD11,-22.73078241
ptAge,NK,NK2_KDSR,-0.880060576
ptAge,NK,NK2_KIAA1549L,115.290412
ptAge,NK,NK2_KIF14,6.552769608
ptAge,NK,NK2_KIF3A,6.788352907
ptAge,NK,NK2_KIF4B,-255.8237691
ptAge,NK,NK2_KIN,1.545479339
ptAge,NK,NK2_KIR3DL2,4.201542234
ptAge,NK,NK2_KIRREL3-AS1,14.14540142
ptAge,NK,NK2_KLF11,-7.721691036
ptAge,NK,NK2_KLHL20,0.679602191
ptAge,NK,NK2_KLHL32,6.132902313
ptAge,NK,NK2_KLK1,-100.9223355
ptAge,NK,NK2_KLRC4-KLRK1,-1.055769463
ptAge,NK,NK2_KPNA4,5.127069636
ptAge,NK,NK2_KPNA7,27.60208754
ptAge,NK,NK2_KRAS,0.928095559
ptAge,NK,NK2_KTN1-AS1,-5.350435151
ptAge,NK,NK2_LAMC3,55.10516701
ptAge,NK,NK2_LCORL,0.08972934
ptAge,NK,NK2_LDB2,-1.180835158
ptAge,NK,NK2_LDHC,-4.426368333
ptAge,NK,NK2_LGI1,-11.44270446
ptAge,NK,NK2_LILRA1,47.60037317
ptAge,NK,NK2_LIMCH1,28.09287326
ptAge,NK,NK2_LINC00051,-37.0672847
ptAge,NK,NK2_LINC00158,-120.9977515
ptAge,NK,NK2_LINC00184,-118.8280317
ptAge,NK,NK2_LINC00235,-20.58105461
ptAge,NK,NK2_LINC00309,-0.894962201
ptAge,NK,NK2_LINC00352,-77.75292425
ptAge,NK,NK2_LINC00365,-60.94223162
ptAge,NK,NK2_LINC00536,88.47224857
ptAge,NK,NK2_LINC00563,57.69524468
ptAge,NK,NK2_LINC00665,-13.05949435
ptAge,NK,NK2_LINC01081,10.45316622
ptAge,NK,NK2_LINC01127,134.7546068
ptAge,NK,NK2_LINC01134,0.365553007
ptAge,NK,NK2_LINC01187,46.10807016
ptAge,NK,NK2_LINC01215,-4.967348992
ptAge,NK,NK2_LINC01416,8.409415379
ptAge,NK,NK2_LINC01498,46.20056244
ptAge,NK,NK2_LINC01572,3.411292664
ptAge,NK,NK2_LINC01684,3.540098136
ptAge,NK,NK2_LINC01917,-45.44577007
ptAge,NK,NK2_LINC01931,-40.16191187
ptAge,NK,NK2_LINC01934,-5.829166822
ptAge,NK,NK2_LINC01970,-22.15821161
ptAge,NK,NK2_LINC02202,26.39543147
ptAge,NK,NK2_LINC02249,-2.530841772
ptAge,NK,NK2_LINC02255,-175.9023776
ptAge,NK,NK2_LINC02284,3.831638705
ptAge,NK,NK2_LINC02296,20.15696038
ptAge,NK,NK2_LINC02298,-4.808218031
ptAge,NK,NK2_LINC02321,38.13716442
ptAge,NK,NK2_LINC02362,4.013496566
ptAge,NK,NK2_LINC02427,8.076268556
ptAge,NK,NK2_LINC02550,-52.32470353
ptAge,NK,NK2_LMBR1,1.32416555
ptAge,NK,NK2_LPCAT4,2.729995108
ptAge,NK,NK2_LPIN2,-4.023236596
ptAge,NK,NK2_LPP,-5.630601764
ptAge,NK,NK2_LRCH3,0.898945658
ptAge,NK,NK2_LRRC57,3.160247686
ptAge,NK,NK2_LSM7,4.860901842
ptAge,NK,NK2_LTBR,18.05907724
ptAge,NK,NK2_LY9,-0.117534249
ptAge,NK,NK2_LYPD6,-79.42243653
ptAge,NK,NK2_LZTS1,33.77410325
ptAge,NK,NK2_MAFF,-0.048355081
ptAge,NK,NK2_MAK,22.27500803
ptAge,NK,NK2_MAML2,-1.831992377
ptAge,NK,NK2_MAP3K13,3.965463848
ptAge,NK,NK2_MAP4K3,-1.196426048
ptAge,NK,NK2_MAP6,96.98187728
ptAge,NK,NK2_MARK1,-35.52998546
ptAge,NK,NK2_MBD3L1,-27.55139104
ptAge,NK,NK2_MCTP1,-2.013763621
ptAge,NK,NK2_MDFIC,-0.717836906
ptAge,NK,NK2_MED18,1.115762717
ptAge,NK,NK2_MED23,0.473262443
ptAge,NK,NK2_MFAP2,261.8363369
ptAge,NK,NK2_MFGE8,20.37887246
ptAge,NK,NK2_MID2,-5.776355619
ptAge,NK,NK2_MIR4435-2HG,-0.573174193
ptAge,NK,NK2_MIRLET7BHG,2.716816726
ptAge,NK,NK2_MITD1,1.686177659
ptAge,NK,NK2_MMP15,-28.73403772
ptAge,NK,NK2_MNAT1,4.959996146
ptAge,NK,NK2_MOSPD1,2.846527995
ptAge,NK,NK2_MPPED2,-3.069033849
ptAge,NK,NK2_MPZL3,-2.074458962
ptAge,NK,NK2_MREG,-1.577868496
ptAge,NK,NK2_MROH7-TTC4,100.8576378
ptAge,NK,NK2_MRPL1,-0.305732098
ptAge,NK,NK2_MRPS35,-2.989074261
ptAge,NK,NK2_MUC20-OT1,-0.450194582
ptAge,NK,NK2_MUC22,-257.603775
ptAge,NK,NK2_MYOM3,229.8950268
ptAge,NK,NK2_MZB1,-18.96797782
ptAge,NK,NK2_NCALD,-1.912446523
ptAge,NK,NK2_NCAM2,2.567410786
ptAge,NK,NK2_NCOA3,-0.450689406
ptAge,NK,NK2_NDFIP2,1.154222074
ptAge,NK,NK2_NDUFA4,3.936568199
ptAge,NK,NK2_NDUFAF6,3.169753459
ptAge,NK,NK2_NEIL1,-5.23532248
ptAge,NK,NK2_NEIL3,24.3849377
ptAge,NK,NK2_NEK10,7.964853025
ptAge,NK,NK2_NEK6,-3.036557902
ptAge,NK,NK2_NEURL4,10.14222315
ptAge,NK,NK2_NKD2,49.82000807
ptAge,NK,NK2_NLRP4,638.8035282
ptAge,NK,NK2_NODAL,39.93425912
ptAge,NK,NK2_NOVA1,12.81797323
ptAge,NK,NK2_NOX3,141.5838353
ptAge,NK,NK2_NR3C2,-3.029053525
ptAge,NK,NK2_NRDC,1.842881519
ptAge,NK,NK2_NSL1,1.018319629
ptAge,NK,NK2_NT5C1A,65.02530637
ptAge,NK,NK2_NT5E,-3.622124808
ptAge,NK,NK2_NTN4,0.753703626
ptAge,NK,NK2_NUP98,2.302674573
ptAge,NK,NK2_OCA2,-14.45318942
ptAge,NK,NK2_OR1L6,316.728491
ptAge,NK,NK2_OR2K2,126.273636
ptAge,NK,NK2_OTUD7B,0.720550724
ptAge,NK,NK2_P4HA2-AS1,763.1541387
ptAge,NK,NK2_PACS1,-1.220753898
ptAge,NK,NK2_PADI2,1.726752498
ptAge,NK,NK2_PAGE2B,280.5423076
ptAge,NK,NK2_PATJ,-0.373415599
ptAge,NK,NK2_PBX1,-7.719574363
ptAge,NK,NK2_PCDHGA6,7.95995165
ptAge,NK,NK2_PCDHGB6,8.178008966
ptAge,NK,NK2_PCDHGC4,4.232190519
ptAge,NK,NK2_PCED1B,-4.295445402
ptAge,NK,NK2_PCMT1,0.038130173
ptAge,NK,NK2_PCSK6,-3.81936304
ptAge,NK,NK2_PDAP1,-0.02837864
ptAge,NK,NK2_PDCL,5.626543355
ptAge,NK,NK2_PDE10A,16.28889704
ptAge,NK,NK2_PDE4B,1.960844608
ptAge,NK,NK2_PDE6A,0.35122979
ptAge,NK,NK2_PDE7B,12.81689804
ptAge,NK,NK2_PDGFB,-4.145136224
ptAge,NK,NK2_PDGFD,-0.934068539
ptAge,NK,NK2_PDGFRB,1.060939617
ptAge,NK,NK2_PDZK1,-30.46034996
ptAge,NK,NK2_PER3,-2.579826788
ptAge,NK,NK2_PHACTR2,2.544238922
ptAge,NK,NK2_PHETA2,4.830986688
ptAge,NK,NK2_PIK3AP1,-2.414404458
ptAge,NK,NK2_PIK3CA,-0.68849143
ptAge,NK,NK2_PLCB1,-4.166286882
ptAge,NK,NK2_PLCL1,-0.17600995
ptAge,NK,NK2_PLCXD2,3.258110604
ptAge,NK,NK2_PLPP4,116.7690381
ptAge,NK,NK2_PLXNA4,0.342475087
ptAge,NK,NK2_POLK,0.323414393
ptAge,NK,NK2_POPDC2,0.902494885
ptAge,NK,NK2_PPARA,1.223427886
ptAge,NK,NK2_PPIL2,2.700637324
ptAge,NK,NK2_PPM1E,-10.01886504
ptAge,NK,NK2_PPM1L,-3.634253172
ptAge,NK,NK2_PPP4R3B,2.116305079
ptAge,NK,NK2_PRDM11,-0.094063486
ptAge,NK,NK2_PRF1,0.023378167
ptAge,NK,NK2_PROS1,-26.97934282
ptAge,NK,NK2_PRR34,5.777858507
ptAge,NK,NK2_PRSS23,5.870041477
ptAge,NK,NK2_PSRC1,132.8972582
ptAge,NK,NK2_PSTPIP2,-2.169994422
ptAge,NK,NK2_PTDSS2,-2.861316232
ptAge,NK,NK2_PTPN21,147.7439056
ptAge,NK,NK2_PTPRJ,2.298738839
ptAge,NK,NK2_PURG,328.2380925
ptAge,NK,NK2_PWRN4,-34.21405235
ptAge,NK,NK2_RAD51D,4.124511016
ptAge,NK,NK2_RAET1E,342.6645325
ptAge,NK,NK2_RALGAPA1,1.448468922
ptAge,NK,NK2_RAP2C-AS1,-6.24586837
ptAge,NK,NK2_RARRES1,9.249539949
ptAge,NK,NK2_RASSF8-AS1,509.1346025
ptAge,NK,NK2_RAX2,-596.030047
ptAge,NK,NK2_RB1,5.393346028
ptAge,NK,NK2_RBM44,1.534885804
ptAge,NK,NK2_RBP5,-5.89361436
ptAge,NK,NK2_RCHY1,0.451119772
ptAge,NK,NK2_RCOR1,0.562588098
ptAge,NK,NK2_RCOR3,1.393639264
ptAge,NK,NK2_RCSD1,-1.297790354
ptAge,NK,NK2_REEP4,6.164641286
ptAge,NK,NK2_RERE,-0.800345135
ptAge,NK,NK2_RETN,26.32690466
ptAge,NK,NK2_RFLNA,0.046546709
ptAge,NK,NK2_RFTN1,-2.499408586
ptAge,NK,NK2_RGS11,31.32336433
ptAge,NK,NK2_RGS13,68.41975063
ptAge,NK,NK2_RHOBTB1,228.6498383
ptAge,NK,NK2_RIN1,73.86932404
ptAge,NK,NK2_RNF144A,-3.436186636
ptAge,NK,NK2_RP1,212.0557884
ptAge,NK,NK2_RPA1,1.902359654
ptAge,NK,NK2_RPE,-1.257215812
ptAge,NK,NK2_RPS27L,9.777222828
ptAge,NK,NK2_RRAS2,-0.958409439
ptAge,NK,NK2_RTCB,3.116362247
ptAge,NK,NK2_RTN2,-3.579878463
ptAge,NK,NK2_S100B,6.493001732
ptAge,NK,NK2_SATB2,4.327097365
ptAge,NK,NK2_SAXO1,-1.031100778
ptAge,NK,NK2_SCAANT1,-121.9833249
ptAge,NK,NK2_SCLT1,3.059875288
ptAge,NK,NK2_SCMH1,-4.880093286
ptAge,NK,NK2_SCML4,-3.539122547
ptAge,NK,NK2_SCRN2,5.983577978
ptAge,NK,NK2_SDS,30.42816686
ptAge,NK,NK2_SEC14L1,2.971582808
ptAge,NK,NK2_SEC23A-AS1,-33.85295119
ptAge,NK,NK2_SECTM1,27.90767299
ptAge,NK,NK2_SEL1L,1.252038532
ptAge,NK,NK2_SEL1L3,-1.124221159
ptAge,NK,NK2_SENP8,-15.89275086
ptAge,NK,NK2_SERINC4,6.962675608
ptAge,NK,NK2_SGIP1,-79.52246452
ptAge,NK,NK2_SH3YL1,-1.756001865
ptAge,NK,NK2_SIPA1L1,3.112146963
ptAge,NK,NK2_SKAP1,-1.997365982
ptAge,NK,NK2_SKIL,1.215669775
ptAge,NK,NK2_SLC22A2,73.88014259
ptAge,NK,NK2_SLC25A31,418.2312294
ptAge,NK,NK2_SLC26A4-AS1,350.4555681
ptAge,NK,NK2_SLC39A9,5.284046194
ptAge,NK,NK2_SLC40A1,-35.7912348
ptAge,NK,NK2_SLC4A4,-4.060618228
ptAge,NK,NK2_SLC7A9,28.43017134
ptAge,NK,NK2_SLC9A7,-0.482840858
ptAge,NK,NK2_SLC9A9-AS1,3.68923967
ptAge,NK,NK2_SMAD3,-1.492511789
ptAge,NK,NK2_SMIM18,7.124794236
ptAge,NK,NK2_SMOC1,-6.948324447
ptAge,NK,NK2_SMUG1,4.011265046
ptAge,NK,NK2_SNAI3,14.07991543
ptAge,NK,NK2_SNHG21,7.267115385
ptAge,NK,NK2_SNTB1,-0.597208208
ptAge,NK,NK2_SOCS4,0.19577709
ptAge,NK,NK2_SOCS6,-4.476651429
ptAge,NK,NK2_SPACA3,-402.9385623
ptAge,NK,NK2_SPATA32,0.745846313
ptAge,NK,NK2_SPECC1,-2.298931969
ptAge,NK,NK2_SPEF2,1.740388668
ptAge,NK,NK2_SPIN4,4.512486273
ptAge,NK,NK2_SPON1-AS1,-2.722372452
ptAge,NK,NK2_SPRN,-1040.069633
ptAge,NK,NK2_SSBP3-AS1,42.0082275
ptAge,NK,NK2_SSH2,-5.07109767
ptAge,NK,NK2_ST6GAL1,-2.768341842
ptAge,NK,NK2_STAT2,0.092217676
ptAge,NK,NK2_STON2,16.82939946
ptAge,NK,NK2_STRBP,-6.406982704
ptAge,NK,NK2_STXBP5L,4.374791104
ptAge,NK,NK2_SUSD6,1.924116543
ptAge,NK,NK2_SVIL,-1.314142284
ptAge,NK,NK2_TAS2R60,-232.7326823
ptAge,NK,NK2_TBATA,397.9312581
ptAge,NK,NK2_TBC1D24,-6.064013905
ptAge,NK,NK2_TBC1D3F,-677.9715357
ptAge,NK,NK2_TBKBP1,5.071699486
ptAge,NK,NK2_TBL1XR1,-1.339360822
ptAge,NK,NK2_TBPL1,6.796325921
ptAge,NK,NK2_TBXAS1,0.544009615
ptAge,NK,NK2_TCF7L2,-2.199532561
ptAge,NK,NK2_TCL1A,15.98037385
ptAge,NK,NK2_TCP11L1,0.729159093
ptAge,NK,NK2_TDRD9,-3.175471443
ptAge,NK,NK2_TEK,-221.1077814
ptAge,NK,NK2_TEKT3,15.05102485
ptAge,NK,NK2_TESMIN,-32.90092731
ptAge,NK,NK2_TIA1,1.764803997
ptAge,NK,NK2_TLN2,1.195424335
ptAge,NK,NK2_TMC3-AS1,-13.69674049
ptAge,NK,NK2_TMEM117,-0.993804302
ptAge,NK,NK2_TMEM131L,-1.214565985
ptAge,NK,NK2_TMEM151B,-45.54660008
ptAge,NK,NK2_TMEM272,293.9286757
ptAge,NK,NK2_TMOD3,-5.47731475
ptAge,NK,NK2_TNFAIP8,-1.011554634
ptAge,NK,NK2_TNFRSF9,-18.61801221
ptAge,NK,NK2_TNFSF4,-5.620619819
ptAge,NK,NK2_TNKS2,-1.923403293
ptAge,NK,NK2_TNNI3K,-130.5856217
ptAge,NK,NK2_TP53RK,0.594362787
ptAge,NK,NK2_TRAJ25,16.14817812
ptAge,NK,NK2_TRAJ51,104.5834306
ptAge,NK,NK2_TRAM2,-2.849077189
ptAge,NK,NK2_TRAPPC11,0.086992685
ptAge,NK,NK2_TRAPPC13,3.049339796
ptAge,NK,NK2_TRBC1,0.705763854
ptAge,NK,NK2_TRBJ2-6,215.4768403
ptAge,NK,NK2_TRBV11-1,116.793397
ptAge,NK,NK2_TRBV7-7,-159.0947304
ptAge,NK,NK2_TRIAP1,-11.44034283
ptAge,NK,NK2_TRIB1,-1.729439088
ptAge,NK,NK2_TRIM2,-26.59419697
ptAge,NK,NK2_TRIM4,1.760605829
ptAge,NK,NK2_TRIM44,-0.818716963
ptAge,NK,NK2_TRIM47,86.78534115
ptAge,NK,NK2_TRIM6,10.05994877
ptAge,NK,NK2_TRPM2,-3.702568232
ptAge,NK,NK2_TTC27,-4.521764631
ptAge,NK,NK2_TTC29,-11.06626041
ptAge,NK,NK2_TXNL1,0.066598879
ptAge,NK,NK2_TXNL4B,2.712623246
ptAge,NK,NK2_TYSND1,-2.53426779
ptAge,NK,NK2_UBAC2,-4.924949055
ptAge,NK,NK2_UBE2E2,-7.061793047
ptAge,NK,NK2_UBL7,1.286341541
ptAge,NK,NK2_UMPS,1.944215016
ptAge,NK,NK2_USB1,2.067202772
ptAge,NK,NK2_UST,-0.255045796
ptAge,NK,NK2_UXS1,-3.05054265
ptAge,NK,NK2_VAV3,-0.72539131
ptAge,NK,NK2_VIT,2.181502954
ptAge,NK,NK2_VSIG8,-33.53813708
ptAge,NK,NK2_WDHD1,9.097685314
ptAge,NK,NK2_WDR17,-76.60607672
ptAge,NK,NK2_WDR19,4.97801971
ptAge,NK,NK2_WDR41,3.082174107
ptAge,NK,NK2_WNT2B,63.84727586
ptAge,NK,NK2_WWOX-AS1,7.142810642
ptAge,NK,NK2_XCL1,-9.392480641
ptAge,NK,NK2_XYLT1,-0.207075157
ptAge,NK,NK2_YTHDF1,3.683402535
ptAge,NK,NK2_ZEB1,-1.55265889
ptAge,NK,NK2_ZFAND2A,5.372879444
ptAge,NK,NK2_ZFP28,-2.325422784
ptAge,NK,NK2_ZFY-AS1,-17.73355757
ptAge,NK,NK2_ZMYM4-AS1,97.04458987
ptAge,NK,NK2_ZNF16,12.14457164
ptAge,NK,NK2_ZNF205,-255.1574104
ptAge,NK,NK2_ZNF280A,136.3094189
ptAge,NK,NK2_ZNF365,-0.156703725
ptAge,NK,NK2_ZNF518B,-2.88051735
ptAge,NK,NK2_ZNF528,-4.762922922
ptAge,NK,NK2_ZNF564,1.940434396
ptAge,NK,NK2_ZNF597,11.90606816
ptAge,NK,NK2_ZNF620,3.569722631
ptAge,NK,NK2_ZNF665,-8.047845159
ptAge,NK,NK2_ZNF761,-3.282568113
ptAge,NK,NK2_ZNF789,0.038463468
ptAge,NK,NK2_ZNF81,3.420800278
ptAge,NK,NK2_ZNF880,-0.406214884
ptAge,NK,NK2_ZSCAN18,-14.17532286
ptAge,DC,(Intercept),39.95227993
ptAge,DC,cDC_ADAT1,-0.784703254
ptAge,DC,cDC_ADGRE5,0.014122141
ptAge,DC,cDC_ADGRG5,-0.555005693
ptAge,DC,cDC_AGA,-14.66218263
ptAge,DC,cDC_AGPAT4,0.466057177
ptAge,DC,cDC_ALDH4A1,-23.61457674
ptAge,DC,cDC_ANKMY1,0.778302237
ptAge,DC,cDC_ANKRD11,0.303059741
ptAge,DC,cDC_ANOS1,8.080220605
ptAge,DC,cDC_ANXA1,0.23554644
ptAge,DC,cDC_AP4E1,0.295951547
ptAge,DC,cDC_AP5Z1,2.461843362
ptAge,DC,cDC_APEH,-0.533796187
ptAge,DC,cDC_AQP11,10.06812026
ptAge,DC,cDC_ARHGAP44,-4.912043867
ptAge,DC,cDC_ARL6IP1,2.40560905
ptAge,DC,cDC_ATXN2,-0.002479943
ptAge,DC,cDC_ATXN7L1,0.892625682
ptAge,DC,cDC_B3GLCT,-1.721841898
ptAge,DC,cDC_B3GNT2,1.465501718
ptAge,DC,cDC_BCAM,0.039084703
ptAge,DC,cDC_BCAS4,-1.725057293
ptAge,DC,cDC_BCL2L2,5.635537875
ptAge,DC,cDC_BCL9,-5.988689192
ptAge,DC,cDC_BLOC1S4,-3.69894454
ptAge,DC,cDC_BLVRA,2.396172693
ptAge,DC,cDC_BNIP3L,0.710157447
ptAge,DC,cDC_BSPRY,2.99052943
ptAge,DC,cDC_C2CD6,6.507610022
ptAge,DC,cDC_C2orf49,1.443002369
ptAge,DC,cDC_C9,22.82543735
ptAge,DC,cDC_CALCRL,-0.380345497
ptAge,DC,cDC_CATIP,2.342519822
ptAge,DC,cDC_CC2D2A,1.281489839
ptAge,DC,cDC_CCDC137,0.20534731
ptAge,DC,cDC_CCDC154,3.257942504
ptAge,DC,cDC_CCDC180,-4.010552234
ptAge,DC,cDC_CCDC194,21.14774041
ptAge,DC,cDC_CCDC69,1.178458367
ptAge,DC,cDC_CD14,1.232760473
ptAge,DC,cDC_CD19,-1.220326366
ptAge,DC,cDC_CD36,0.380982018
ptAge,DC,cDC_CDC40,0.265626131
ptAge,DC,cDC_CDC42EP2,17.96706231
ptAge,DC,cDC_CDNF,7.539268002
ptAge,DC,cDC_CEP85L,0.19707137
ptAge,DC,cDC_CGAS,0.505506846
ptAge,DC,cDC_CH25H,-14.17892027
ptAge,DC,cDC_CHAC1,-2.684476943
ptAge,DC,cDC_CHAF1B,21.97948139
ptAge,DC,cDC_CIART,5.16684913
ptAge,DC,cDC_CIPC,-8.29533124
ptAge,DC,cDC_CISD3,-0.800454021
ptAge,DC,cDC_CITED2,-1.451904979
ptAge,DC,cDC_CNFN,-23.33574255
ptAge,DC,cDC_CNTNAP3B,58.49206724
ptAge,DC,cDC_COA5,-0.429520134
ptAge,DC,cDC_COG6,-0.313011435
ptAge,DC,cDC_COX6A1,2.619855258
ptAge,DC,cDC_CRLF1,1.431541422
ptAge,DC,cDC_CRYZ,-2.767904919
ptAge,DC,cDC_CSNK2A2,-1.794884216
ptAge,DC,cDC_CTIF,1.512328755
ptAge,DC,cDC_CXCL10,2.091884722
ptAge,DC,cDC_CYB5R4,0.394215633
ptAge,DC,cDC_CYB5RL,4.078919429
ptAge,DC,cDC_CYP4F3,3.006691726
ptAge,DC,cDC_CYP7B1,4.502715905
ptAge,DC,cDC_DCP1B,-2.874023356
ptAge,DC,cDC_DCTN3,-3.591642106
ptAge,DC,cDC_DDO,8.46999513
ptAge,DC,cDC_DDX47,3.384774644
ptAge,DC,cDC_DECR1,0.504860791
ptAge,DC,cDC_DEPTOR,-0.935999978
ptAge,DC,cDC_DIXDC1,-1.005374538
ptAge,DC,cDC_DLEU7,21.63038416
ptAge,DC,cDC_DMXL2,0.122927732
ptAge,DC,cDC_DNAJB12,1.043370386
ptAge,DC,cDC_DOCK4,0.463025596
ptAge,DC,cDC_DOCK4-AS1,21.55616161
ptAge,DC,cDC_DOK4,-1.20084387
ptAge,DC,cDC_DOK6,5.202307372
ptAge,DC,cDC_DPM1,0.753654778
ptAge,DC,cDC_DPP9-AS1,-12.01419043
ptAge,DC,cDC_DPYD,0.014005994
ptAge,DC,cDC_DR1,-0.258781025
ptAge,DC,cDC_DUSP5,6.445474484
ptAge,DC,cDC_DYRK1A,0.451543802
ptAge,DC,cDC_EFCAB6,-0.67316722
ptAge,DC,cDC_EFNA2,-6.847135942
ptAge,DC,cDC_EFNB1,7.554492944
ptAge,DC,cDC_EIF2D,-0.854862904
ptAge,DC,cDC_ENPP4,-3.786128596
ptAge,DC,cDC_ERVK-28,-26.93374557
ptAge,DC,cDC_EXT1,0.755665232
ptAge,DC,cDC_EYA2,-16.99224575
ptAge,DC,cDC_FAM177A1,1.124489113
ptAge,DC,cDC_FAM76A,1.463273938
ptAge,DC,cDC_FANCA,4.610668773
ptAge,DC,cDC_FBXL5,0.225975141
ptAge,DC,cDC_FCN1,0.424134541
ptAge,DC,cDC_FCRL1,18.16200455
ptAge,DC,cDC_FKBP2,3.90019548
ptAge,DC,cDC_FMC1,4.919829796
ptAge,DC,cDC_FOXM1,-4.398366883
ptAge,DC,cDC_FOXO3,1.089959667
ptAge,DC,cDC_FRMD3,0.703397041
ptAge,DC,cDC_GCH1,1.521158035
ptAge,DC,cDC_GLIPR2,0.784173084
ptAge,DC,cDC_GLMP,16.02885002
ptAge,DC,cDC_GLYATL1,3.592453764
ptAge,DC,cDC_GNB2,4.366760559
ptAge,DC,cDC_GPC5,-0.750849266
ptAge,DC,cDC_GPR137,0.034761183
ptAge,DC,cDC_GPX4,1.756905067
ptAge,DC,cDC_GTF2H5,2.385121456
ptAge,DC,cDC_GTPBP1,2.629340896
ptAge,DC,cDC_HCG14,-0.267071404
ptAge,DC,cDC_HIST1H2BL,4.917750566
ptAge,DC,cDC_HIST1H4J,18.10843166
ptAge,DC,cDC_HIST2H2AB,5.822161957
ptAge,DC,cDC_HLA-DQB1-AS1,8.529406277
ptAge,DC,cDC_HNMT,0.374597511
ptAge,DC,cDC_HYKK,-6.766489206
ptAge,DC,cDC_ID3,-5.239207893
ptAge,DC,cDC_IER3,0.299886919
ptAge,DC,cDC_IFIH1,0.613308109
ptAge,DC,cDC_IGHV3-23,-6.76392409
ptAge,DC,cDC_IGLC2,6.695130462
ptAge,DC,cDC_IGLV2-23,3.102684554
ptAge,DC,cDC_IGSF9B,-8.074599397
ptAge,DC,cDC_IL10RB,0.841408031
ptAge,DC,cDC_IL20RB-AS1,9.388025837
ptAge,DC,cDC_IL27RA,1.093500978
ptAge,DC,cDC_IL5RA,-6.712954255
ptAge,DC,cDC_ILF3,-1.350105985
ptAge,DC,cDC_INO80-AS1,-54.04284726
ptAge,DC,cDC_ITGB4,-4.97524335
ptAge,DC,cDC_JOSD2,15.55954164
ptAge,DC,cDC_JPH2,1.897073257
ptAge,DC,cDC_KATNAL2,-2.319161013
ptAge,DC,cDC_KBTBD2,2.625719903
ptAge,DC,cDC_KCNB1,29.81094429
ptAge,DC,cDC_KCNH1,-8.375607935
ptAge,DC,cDC_KCNIP2-AS1,-5.509699667
ptAge,DC,cDC_KCTD11,-25.6407714
ptAge,DC,cDC_KDM6B,0.265202711
ptAge,DC,cDC_KIR2DL3,-29.57890348
ptAge,DC,cDC_KLHL14,-1.561989407
ptAge,DC,cDC_KNOP1,-5.892615089
ptAge,DC,cDC_KRT10,-0.648757264
ptAge,DC,cDC_LAMA5,38.99121003
ptAge,DC,cDC_LAP3,0.045175603
ptAge,DC,cDC_LARS2,0.144877267
ptAge,DC,cDC_LHFPL4,15.84887249
ptAge,DC,cDC_LIAS,-7.581276657
ptAge,DC,cDC_LIMD2,-0.980734437
ptAge,DC,cDC_LINC00393,5.194347727
ptAge,DC,cDC_LINC00630,-0.695326539
ptAge,DC,cDC_LINC01058,5.587759635
ptAge,DC,cDC_LINC01970,-9.396270028
ptAge,DC,cDC_LMAN1,0.357125382
ptAge,DC,cDC_LPAR6,0.421813256
ptAge,DC,cDC_LRRC32,6.125962582
ptAge,DC,cDC_LRRC45,8.0667221
ptAge,DC,cDC_LRRC69,1.678284723
ptAge,DC,cDC_LSM2,1.678171004
ptAge,DC,cDC_LTBP2,-21.90644384
ptAge,DC,cDC_MED17,-0.747469263
ptAge,DC,cDC_METRN,14.79113137
ptAge,DC,cDC_MEX3B,-1.601408794
ptAge,DC,cDC_MICALL2,-4.827676156
ptAge,DC,cDC_MIR22HG,2.071238075
ptAge,DC,cDC_MPND,-3.534961838
ptAge,DC,cDC_MRPL14,-3.250586292
ptAge,DC,cDC_MRPL28,-4.921127719
ptAge,DC,cDC_MRPL38,-7.378586535
ptAge,DC,cDC_MRPL40,-2.044355551
ptAge,DC,cDC_MS4A6A,1.147385093
ptAge,DC,cDC_MT-ND4,0.177484334
ptAge,DC,cDC_MTFR1,0.531481629
ptAge,DC,cDC_MTMR2,-1.872949411
ptAge,DC,cDC_MYH15,29.79967855
ptAge,DC,cDC_MYO5B,14.117481
ptAge,DC,cDC_MYO9B,0.850105599
ptAge,DC,cDC_NAB1,2.001310679
ptAge,DC,cDC_NAIP,0.319860583
ptAge,DC,cDC_NAMPT,0.04446846
ptAge,DC,cDC_NAPG,-0.720675741
ptAge,DC,cDC_NAT9,-0.264743359
ptAge,DC,cDC_NCKAP5L,1.440900287
ptAge,DC,cDC_NDUFS8,-0.025548554
ptAge,DC,cDC_NECAP1,0.479903707
ptAge,DC,cDC_NEK1,1.861217163
ptAge,DC,cDC_NELFCD,-3.66682537
ptAge,DC,cDC_NLGN4Y,-3.362168013
ptAge,DC,cDC_NLRP12,1.150532728
ptAge,DC,cDC_NPHP3-ACAD11,-0.125520076
ptAge,DC,cDC_NPHP3-AS1,7.13521166
ptAge,DC,cDC_NPHP4,0.578752863
ptAge,DC,cDC_NR2C2AP,4.220035308
ptAge,DC,cDC_NSD2,-0.808812552
ptAge,DC,cDC_NT5DC2,6.889604374
ptAge,DC,cDC_NUP43,0.514079989
ptAge,DC,cDC_OGFOD2,8.269496084
ptAge,DC,cDC_OGN,-26.9235573
ptAge,DC,cDC_OLFML3,-6.721308326
ptAge,DC,cDC_ORMDL1,-1.065525131
ptAge,DC,cDC_OSGEPL1,6.157151207
ptAge,DC,cDC_P2RY11,0.805383085
ptAge,DC,cDC_PABPC4,0.852384235
ptAge,DC,cDC_PAICS,-1.216524057
ptAge,DC,cDC_PARD6B,2.960197574
ptAge,DC,cDC_PARP11,-0.868271918
ptAge,DC,cDC_PARP8,0.024584318
ptAge,DC,cDC_PARS2,0.068276491
ptAge,DC,cDC_PAXIP1,3.111520445
ptAge,DC,cDC_PCMT1,0.595929323
ptAge,DC,cDC_PCNA,-2.163822777
ptAge,DC,cDC_PDCD7,4.760027139
ptAge,DC,cDC_PELI2,0.614335285
ptAge,DC,cDC_PEPD,-0.497553388
ptAge,DC,cDC_PFKFB4,-1.000178024
ptAge,DC,cDC_PHKB,0.151341583
ptAge,DC,cDC_PIN1,-7.620053262
ptAge,DC,cDC_PIN4,-1.963015611
ptAge,DC,cDC_PKMYT1,61.37366597
ptAge,DC,cDC_PKN2-AS1,-6.411494414
ptAge,DC,cDC_PLCG1,-2.480952996
ptAge,DC,cDC_PLEKHA5,-0.209129464
ptAge,DC,cDC_PLPPR3,-25.04235363
ptAge,DC,cDC_PMEL,3.133745163
ptAge,DC,cDC_PNKP,1.215247035
ptAge,DC,cDC_PON3,66.88068077
ptAge,DC,cDC_POU2AF1,-6.114112958
ptAge,DC,cDC_PPP1R8,0.452572933
ptAge,DC,cDC_PRB1,-6.176551732
ptAge,DC,cDC_PRDM5,6.647333372
ptAge,DC,cDC_PROS1,8.907150094
ptAge,DC,cDC_PRR16,4.238433899
ptAge,DC,cDC_PSMB2,2.906596758
ptAge,DC,cDC_PSMD2,-0.343103869
ptAge,DC,cDC_PSMD7,1.050583563
ptAge,DC,cDC_PTPN23,-1.073359319
ptAge,DC,cDC_PTX3,4.752550994
ptAge,DC,cDC_PYCR1,9.153634665
ptAge,DC,cDC_QKI,0.17956582
ptAge,DC,cDC_RAP2C-AS1,-0.118992573
ptAge,DC,cDC_RAPH1,1.226861598
ptAge,DC,cDC_RBM17,-0.018577537
ptAge,DC,cDC_RBM42,4.976453851
ptAge,DC,cDC_RBM45,3.065092716
ptAge,DC,cDC_RBMS1,0.265971328
ptAge,DC,cDC_RDH5,34.91678698
ptAge,DC,cDC_RENBP,5.168791867
ptAge,DC,cDC_RERG,-5.672214267
ptAge,DC,cDC_REXO1,3.087299387
ptAge,DC,cDC_RGPD4,-51.10291827
ptAge,DC,cDC_RGS6,-1.023753967
ptAge,DC,cDC_RHBDD3,1.695702843
ptAge,DC,cDC_RHPN1,17.99562675
ptAge,DC,cDC_RNF135,1.272556662
ptAge,DC,cDC_RNF212B,33.57783838
ptAge,DC,cDC_ROBO1,-1.990412057
ptAge,DC,cDC_RPAP2,0.823397371
ptAge,DC,cDC_S100A4,0.016598447
ptAge,DC,cDC_SAMM50,1.705168895
ptAge,DC,cDC_SAP18,1.330075883
ptAge,DC,cDC_SARS2,-0.676100395
ptAge,DC,cDC_SBF2-AS1,-3.456058632
ptAge,DC,cDC_SCIN,3.928030364
ptAge,DC,cDC_SELENOK,1.617331997
ptAge,DC,cDC_SEMA3B,3.937525162
ptAge,DC,cDC_SEMA6A,-2.303021568
ptAge,DC,cDC_SET,1.640288804
ptAge,DC,cDC_SGMS1-AS1,-3.868335931
ptAge,DC,cDC_SIAH2,1.421163465
ptAge,DC,cDC_SIGIRR,-0.626125846
ptAge,DC,cDC_SIK3,0.194788178
ptAge,DC,cDC_SIN3A,1.132061948
ptAge,DC,cDC_SLC12A9,2.04172305
ptAge,DC,cDC_SLC16A5,2.90726658
ptAge,DC,cDC_SLC22A5,-0.643844277
ptAge,DC,cDC_SLC25A34,-22.3313121
ptAge,DC,cDC_SLC29A1,17.64544319
ptAge,DC,cDC_SLC2A13,1.554830094
ptAge,DC,cDC_SLC35B3,-0.945599059
ptAge,DC,cDC_SLC37A2,6.69811156
ptAge,DC,cDC_SLC7A7,0.003640429
ptAge,DC,cDC_SMAD4,1.320572405
ptAge,DC,cDC_SMIM27,3.650885819
ptAge,DC,cDC_SMPDL3B,1.394867126
ptAge,DC,cDC_SNX30,0.061012557
ptAge,DC,cDC_SPG7,0.818456417
ptAge,DC,cDC_SPHK2,-5.586055344
ptAge,DC,cDC_SPINK4,-2.077772975
ptAge,DC,cDC_SPOCK1,0.603416292
ptAge,DC,cDC_SPRYD4,3.397451946
ptAge,DC,cDC_SSH1,1.749719159
ptAge,DC,cDC_SSH2,0.124996464
ptAge,DC,cDC_STK31,5.826564903
ptAge,DC,cDC_SYCE1,-37.77591712
ptAge,DC,cDC_SYCP3,11.07263457
ptAge,DC,cDC_TAGAP,0.901383297
ptAge,DC,cDC_TAPBP,0.604952723
ptAge,DC,cDC_TCAIM,1.905948506
ptAge,DC,cDC_TET3,0.154415263
ptAge,DC,cDC_TFEC,0.695081999
ptAge,DC,cDC_TFPI,-0.271516157
ptAge,DC,cDC_TG,3.34904824
ptAge,DC,cDC_TIMELESS,-3.696674905
ptAge,DC,cDC_TIMP2,0.351755857
ptAge,DC,cDC_TLL2,2.578820483
ptAge,DC,cDC_TMA7,0.871583957
ptAge,DC,cDC_TMEM144,1.885364079
ptAge,DC,cDC_TMEM17,-2.462276492
ptAge,DC,cDC_TMSB15B-AS1,7.908566937
ptAge,DC,cDC_TNFAIP8L2,-2.255329397
ptAge,DC,cDC_TNFSF12,2.349910603
ptAge,DC,cDC_TNFSF13B,0.017119495
ptAge,DC,cDC_TNXB,1.312735727
ptAge,DC,cDC_TOMM40,4.694908553
ptAge,DC,cDC_TRAPPC1,-0.456428124
ptAge,DC,cDC_TRAV12-1,-54.27374345
ptAge,DC,cDC_TRBV14,-6.631224085
ptAge,DC,cDC_TRH,-3.318302868
ptAge,DC,cDC_TRIB3,5.664183765
ptAge,DC,cDC_TRIM52,2.314538868
ptAge,DC,cDC_TRIM72,7.693724216
ptAge,DC,cDC_TRMT11,2.299756639
ptAge,DC,cDC_TSG101,0.763968349
ptAge,DC,cDC_TUBA4A,4.875812219
ptAge,DC,cDC_TUBD1,1.321566177
ptAge,DC,cDC_TVP23B,0.711186329
ptAge,DC,cDC_TXNL4B,2.801347378
ptAge,DC,cDC_TYK2,0.753490158
ptAge,DC,cDC_UBAP1,0.413696849
ptAge,DC,cDC_UBE2D1,1.868906962
ptAge,DC,cDC_UPK3BL1,-68.84160202
ptAge,DC,cDC_USP42,0.980748721
ptAge,DC,cDC_USP54,0.342462078
ptAge,DC,cDC_VAC14,-0.325156793
ptAge,DC,cDC_WARS2,-2.034253458
ptAge,DC,cDC_WDR37,0.777144425
ptAge,DC,cDC_WDR45B,3.302904778
ptAge,DC,cDC_WNT2B,1.267985717
ptAge,DC,cDC_WWTR1,3.192343315
ptAge,DC,cDC_XAF1,0.742358084
ptAge,DC,cDC_XPO6,0.629860728
ptAge,DC,cDC_ZBED5-AS1,3.909677535
ptAge,DC,cDC_ZBP1,3.898320136
ptAge,DC,cDC_ZBTB14,4.11121163
ptAge,DC,cDC_ZBTB7C,0.472023255
ptAge,DC,cDC_ZNF181,-0.987347615
ptAge,DC,cDC_ZNF256,-8.826106418
ptAge,DC,cDC_ZNF415,-8.4165302
ptAge,DC,cDC_ZNF485,6.34175536
ptAge,DC,cDC_ZNF550,-7.030562493
ptAge,DC,cDC_ZNF572,-7.518931275
ptAge,DC,cDC_ZNF674-AS1,6.518343991
ptAge,DC,cDC_ZNF681,5.24328902
ptAge,DC,cDC_ZNF683,6.234910847
ptAge,DC,cDC_ZNF689,1.250913821
ptAge,DC,cDC_ZNF768,5.144629792
ptAge,DC,cDC_ZNF799,2.115276551
ptAge,DC,cDC_ZNFX1,0.186261673
ptAge,DC,gender,0.22738463
ptAge,DC,pDC_ABCB1,-0.755914261
ptAge,DC,pDC_ABHD8,-0.649513562
ptAge,DC,pDC_ACADM,-1.689486707
ptAge,DC,pDC_ACAP3,0.339369454
ptAge,DC,pDC_ACSL4,0.689410927
ptAge,DC,pDC_ADPRHL1,3.920578608
ptAge,DC,pDC_AFF2,-2.769167964
ptAge,DC,pDC_AGAP5,5.200767019
ptAge,DC,pDC_AGPAT3,0.699937425
ptAge,DC,pDC_ALG8,0.168986888
ptAge,DC,pDC_AMER1,-11.10096488
ptAge,DC,pDC_AMOTL1,-1.036574277
ptAge,DC,pDC_AMY2B,0.456965391
ptAge,DC,pDC_ANKRD31,9.246291288
ptAge,DC,pDC_ANXA1,0.367940042
ptAge,DC,pDC_ANXA5,0.220747174
ptAge,DC,pDC_AOAH,1.186148944
ptAge,DC,pDC_APBB3,3.532350539
ptAge,DC,pDC_APEX2,-11.07774006
ptAge,DC,pDC_API5,0.415526979
ptAge,DC,pDC_APOL2,2.13362617
ptAge,DC,pDC_AQP9,7.071298285
ptAge,DC,pDC_ARHGAP30,0.980175675
ptAge,DC,pDC_ARHGAP45,0.570179971
ptAge,DC,pDC_ARHGEF10,14.50965569
ptAge,DC,pDC_ARHGEF40,7.449946931
ptAge,DC,pDC_ARID1A,1.189849383
ptAge,DC,pDC_ARL8B,-0.961523202
ptAge,DC,pDC_ARMCX1,-16.08799434
ptAge,DC,pDC_ARPP21,-1.416179188
ptAge,DC,pDC_ARTN,6.510364634
ptAge,DC,pDC_ASF1B,-0.463858549
ptAge,DC,pDC_ATAT1,-0.904247418
ptAge,DC,pDC_ATP5MF,-0.757733988
ptAge,DC,pDC_ATP8B1,0.256832478
ptAge,DC,pDC_AXL,0.205815727
ptAge,DC,pDC_B3GLCT,0.311833805
ptAge,DC,pDC_BACE1-AS,1.232337159
ptAge,DC,pDC_BCKDK,10.93454803
ptAge,DC,pDC_BHLHE40,0.558048001
ptAge,DC,pDC_BLOC1S5-TXNDC5,-3.464798409
ptAge,DC,pDC_BMPR1A,0.960232238
ptAge,DC,pDC_BORCS7-ASMT,6.284410419
ptAge,DC,pDC_C16orf86,-5.427192468
ptAge,DC,pDC_C1orf21,0.419813986
ptAge,DC,pDC_C1QTNF3-AMACR,0.510424924
ptAge,DC,pDC_C4orf51,-37.42700006
ptAge,DC,pDC_C8orf44,-2.779456561
ptAge,DC,pDC_CA5A,2.982588831
ptAge,DC,pDC_CALM2,0.154301638
ptAge,DC,pDC_CARF,0.123238097
ptAge,DC,pDC_CASP3,1.043881022
ptAge,DC,pDC_CCDC120,1.964612511
ptAge,DC,pDC_CCNG1,-3.494544497
ptAge,DC,pDC_CD300LB,2.183654748
ptAge,DC,pDC_CD33,3.176100054
ptAge,DC,pDC_CDADC1,1.771991843
ptAge,DC,pDC_CDH2,-9.925571616
ptAge,DC,pDC_CDKN1A,0.237890716
ptAge,DC,pDC_CFAP97D2,-37.53336947
ptAge,DC,pDC_CHCHD4,-6.310731695
ptAge,DC,pDC_CIB2,-1.555069387
ptAge,DC,pDC_CLEC11A,12.51323595
ptAge,DC,pDC_CLEC7A,4.384413872
ptAge,DC,pDC_CNTNAP2,17.88567076
ptAge,DC,pDC_COA5,2.431415874
ptAge,DC,pDC_COL25A1,0.246786774
ptAge,DC,pDC_COLGALT2,0.528431978
ptAge,DC,pDC_COMMD7,-1.746726971
ptAge,DC,pDC_COX16,-5.60934104
ptAge,DC,pDC_CPLX1,2.641522458
ptAge,DC,pDC_CREG1,0.633748973
ptAge,DC,pDC_CSMD1,2.26148488
ptAge,DC,pDC_CSNK1D,0.522441083
ptAge,DC,pDC_CTNND1,-3.819736967
ptAge,DC,pDC_CYB561,1.278242016
ptAge,DC,pDC_CYP27A1,-17.18099522
ptAge,DC,pDC_CYTH2,4.448931181
ptAge,DC,pDC_DACT1,-1.817074423
ptAge,DC,pDC_DBN1,3.262748477
ptAge,DC,pDC_DCAF10,0.988289258
ptAge,DC,pDC_DCBLD1,0.240746142
ptAge,DC,pDC_DCTN6,-3.45683599
ptAge,DC,pDC_DDX10,-0.021285419
ptAge,DC,pDC_DEGS1,-1.594630468
ptAge,DC,pDC_DENND1A,0.951331881
ptAge,DC,pDC_DENND5A,0.376607919
ptAge,DC,pDC_DNAJC2,1.913094556
ptAge,DC,pDC_DNAJC21,-1.528829207
ptAge,DC,pDC_DNAJC6,1.225797069
ptAge,DC,pDC_DTD1,6.212072104
ptAge,DC,pDC_DTYMK,0.695182103
ptAge,DC,pDC_DYNC1I1,3.810971688
ptAge,DC,pDC_ECE1,1.201887407
ptAge,DC,pDC_EFCAB10,3.380884787
ptAge,DC,pDC_EFCAB12,-11.80358324
ptAge,DC,pDC_EFHD2,1.081003765
ptAge,DC,pDC_EIF4EBP1,0.44347986
ptAge,DC,pDC_ELF3-AS1,10.09243534
ptAge,DC,pDC_ELOVL5,0.501023278
ptAge,DC,pDC_ENKUR,-1.190532749
ptAge,DC,pDC_ERVK-28,-6.138200205
ptAge,DC,pDC_ESYT1,1.665525733
ptAge,DC,pDC_EXPH5,-2.110428025
ptAge,DC,pDC_FAM120B,0.012214887
ptAge,DC,pDC_FAM149B1,-2.393176938
ptAge,DC,pDC_FAM161B,5.0962766
ptAge,DC,pDC_FAM43A,5.295382263
ptAge,DC,pDC_FAM53B-AS1,19.7623073
ptAge,DC,pDC_FAN1,-1.069482666
ptAge,DC,pDC_FANCG,3.846025667
ptAge,DC,pDC_FBXO8,0.254040445
ptAge,DC,pDC_FCHO2,0.000359506
ptAge,DC,pDC_FCN1,0.410540973
ptAge,DC,pDC_FGD1,19.72030324
ptAge,DC,pDC_FGF11,-18.14668118
ptAge,DC,pDC_FGR,0.248040026
ptAge,DC,pDC_FLYWCH2,0.024930123
ptAge,DC,pDC_FOXK2,0.128666603
ptAge,DC,pDC_FSD1,2.72222809
ptAge,DC,pDC_GATAD1,2.485044217
ptAge,DC,pDC_GATB,-4.808443859
ptAge,DC,pDC_GCLC,1.34841279
ptAge,DC,pDC_GDF5,-3.570635222
ptAge,DC,pDC_GGPS1,-0.800040867
ptAge,DC,pDC_GLIPR1,-2.317505916
ptAge,DC,pDC_GMPR2,-1.144480838
ptAge,DC,pDC_GNB2,1.235802806
ptAge,DC,pDC_GOSR1,1.675999571
ptAge,DC,pDC_GP1BA,1.625799061
ptAge,DC,pDC_GPRC5D-AS1,-5.436817036
ptAge,DC,pDC_GSAP,0.330974504
ptAge,DC,pDC_GSK3B,-1.423586341
ptAge,DC,pDC_GTF2A1,0.419029751
ptAge,DC,pDC_GTF2H4,-6.449552921
ptAge,DC,pDC_HDDC3,7.237713978
ptAge,DC,pDC_HERC3,0.648417434
ptAge,DC,pDC_HIF1AN,0.253934467
ptAge,DC,pDC_HMGCL,-3.986896974
ptAge,DC,pDC_HPGD,-2.743283807
ptAge,DC,pDC_IDNK,0.705606001
ptAge,DC,pDC_IER2,1.212052722
ptAge,DC,pDC_IFI16,0.156585481
ptAge,DC,pDC_IFT122,2.451830135
ptAge,DC,pDC_IGBP1,1.554365458
ptAge,DC,pDC_IGHA1,2.100145269
ptAge,DC,pDC_IKZF2,-0.60531086
ptAge,DC,pDC_IL17RE,-0.233435865
ptAge,DC,pDC_IL4R,1.969236569
ptAge,DC,pDC_INAFM1,3.91718093
ptAge,DC,pDC_INPP5D,-1.550375029
ptAge,DC,pDC_INPP5K,0.160767233
ptAge,DC,pDC_IP6K1,0.018882557
ptAge,DC,pDC_IPO4,-3.904717445
ptAge,DC,pDC_IPO5,0.688528613
ptAge,DC,pDC_IRF2BPL,4.101487339
ptAge,DC,pDC_ITGB1,0.455678885
ptAge,DC,pDC_IZUMO4,8.670600368
ptAge,DC,pDC_KBTBD3,1.431590089
ptAge,DC,pDC_KCNA3,5.169170794
ptAge,DC,pDC_KDM1B,0.650416536
ptAge,DC,pDC_KDSR,1.048494126
ptAge,DC,pDC_KIRREL3,-3.641872384
ptAge,DC,pDC_KLRC2,-13.09777179
ptAge,DC,pDC_KLRG1,-1.263875329
ptAge,DC,pDC_LACTB,0.029660453
ptAge,DC,pDC_LGALS9C,11.8678878
ptAge,DC,pDC_LIMCH1,3.970826055
ptAge,DC,pDC_LINC00667,0.845356973
ptAge,DC,pDC_LINC00847,-4.114721543
ptAge,DC,pDC_LINC00881,8.479022653
ptAge,DC,pDC_LINC00968,3.92732116
ptAge,DC,pDC_LINC01003,-3.140913922
ptAge,DC,pDC_LINC01569,-22.92227029
ptAge,DC,pDC_LINC01572,1.160856844
ptAge,DC,pDC_LINC01679,-14.60770812
ptAge,DC,pDC_LINC01891,-4.618054001
ptAge,DC,pDC_LINC02018,-2.406951682
ptAge,DC,pDC_LINC02325,-0.472982471
ptAge,DC,pDC_LINC02328,2.090902621
ptAge,DC,pDC_LINC02456,-7.396932203
ptAge,DC,pDC_LMF2,0.904839609
ptAge,DC,pDC_LRP2,2.4449983
ptAge,DC,pDC_LY75-CD302,3.763382808
ptAge,DC,pDC_MAGEF1,10.89619194
ptAge,DC,pDC_MBTPS2,0.264467327
ptAge,DC,pDC_MCF2L,-0.849937441
ptAge,DC,pDC_MED1,3.849585992
ptAge,DC,pDC_MED13,0.228893362
ptAge,DC,pDC_MED6,0.247217888
ptAge,DC,pDC_MIDN,3.351915884
ptAge,DC,pDC_MIGA1,1.453321994
ptAge,DC,pDC_MINDY3,0.427391356
ptAge,DC,pDC_MIR4500HG,11.2946023
ptAge,DC,pDC_MLLT3,0.305147689
ptAge,DC,pDC_MORC4,-3.743518261
ptAge,DC,pDC_MORF4L2-AS1,4.43971809
ptAge,DC,pDC_MPPED2,-0.719866895
ptAge,DC,pDC_MR1,0.176384011
ptAge,DC,pDC_MRM3,1.878442022
ptAge,DC,pDC_MRPL12,3.115626767
ptAge,DC,pDC_MRPL21,2.737587407
ptAge,DC,pDC_MRPL57,2.146992498
ptAge,DC,pDC_MRPS18A,0.260688231
ptAge,DC,pDC_MRTO4,-2.545618739
ptAge,DC,pDC_MTX3,-0.222494416
ptAge,DC,pDC_MYL9,7.947974242
ptAge,DC,pDC_MYO5C,6.386824812
ptAge,DC,pDC_MYO9B,0.31481936
ptAge,DC,pDC_NAB2,-19.68569714
ptAge,DC,pDC_NAPRT,0.611421276
ptAge,DC,pDC_NAV1,0.961554545
ptAge,DC,pDC_NBPF14,0.77929582
ptAge,DC,pDC_NECAP1,0.995976917
ptAge,DC,pDC_NENF,4.20594461
ptAge,DC,pDC_NIPSNAP3A,1.25541038
ptAge,DC,pDC_NIT1,2.95556282
ptAge,DC,pDC_NKG7,1.196432072
ptAge,DC,pDC_NMB,-25.02805195
ptAge,DC,pDC_NOL9,0.226541023
ptAge,DC,pDC_NOM1,-3.725068093
ptAge,DC,pDC_NOS1AP,4.660948276
ptAge,DC,pDC_NUDT1,0.495296171
ptAge,DC,pDC_NVL,0.162192341
ptAge,DC,pDC_OARD1,-4.777028573
ptAge,DC,pDC_OCIAD1,0.72249482
ptAge,DC,pDC_OMA1,1.001854341
ptAge,DC,pDC_OXSM,-6.124226251
ptAge,DC,pDC_PACRG,-5.449490408
ptAge,DC,pDC_PACS2,-2.329400642
ptAge,DC,pDC_PAIP1,-1.390343843
ptAge,DC,pDC_PAPPA2,-1.468701018
ptAge,DC,pDC_PARP12,0.040736429
ptAge,DC,pDC_PARP15,0.336797603
ptAge,DC,pDC_PAX8,-12.80843859
ptAge,DC,pDC_PCDHGB6,1.605337179
ptAge,DC,pDC_PDCD4,0.738206512
ptAge,DC,pDC_PF4,-5.248503158
ptAge,DC,pDC_PGM2,-1.560554374
ptAge,DC,pDC_PGRMC2,3.122738977
ptAge,DC,pDC_PHB2,0.686838258
ptAge,DC,pDC_PHC1,-2.888363841
ptAge,DC,pDC_PHF6,0.827655468
ptAge,DC,pDC_PHKG1,-0.150052745
ptAge,DC,pDC_PIPOX,0.742876189
ptAge,DC,pDC_PITRM1,0.272809131
ptAge,DC,pDC_PKIA,1.160234022
ptAge,DC,pDC_PLEKHM1,-0.636334831
ptAge,DC,pDC_PLK4,9.969244593
ptAge,DC,pDC_PLXNA3,-19.77326814
ptAge,DC,pDC_PMVK,0.496191422
ptAge,DC,pDC_PNN,-0.667588696
ptAge,DC,pDC_PNPLA8,1.482869972
ptAge,DC,pDC_POLR1C,1.379132572
ptAge,DC,pDC_POLR2H,-7.691972663
ptAge,DC,pDC_POLR3H,2.83860333
ptAge,DC,pDC_POP1,2.725948852
ptAge,DC,pDC_PPID,0.626091285
ptAge,DC,pDC_PPM1N,0.182606599
ptAge,DC,pDC_PPP1R13L,4.68699299
ptAge,DC,pDC_PPP1R7,0.326596135
ptAge,DC,pDC_PRCP,2.486110084
ptAge,DC,pDC_PRKD1,-2.441156808
ptAge,DC,pDC_PSMA5,0.610245173
ptAge,DC,pDC_PTAFR,0.035319938
ptAge,DC,pDC_PTCD3,1.396936831
ptAge,DC,pDC_PTP4A2,0.598171248
ptAge,DC,pDC_PTPN12,0.274809447
ptAge,DC,pDC_PUS10,0.652061286
ptAge,DC,pDC_PZP,-4.952936953
ptAge,DC,pDC_RAB11FIP4,-5.805962996
ptAge,DC,pDC_RAB20,13.19115203
ptAge,DC,pDC_RAB31,0.762554581
ptAge,DC,pDC_RAB3GAP1,-2.14022439
ptAge,DC,pDC_RALB,0.65913455
ptAge,DC,pDC_RARG,3.345111492
ptAge,DC,pDC_RASSF3,0.032883907
ptAge,DC,pDC_RASSF7,-1.427510075
ptAge,DC,pDC_RBBP8,2.161799813
ptAge,DC,pDC_RBM26-AS1,-1.178339396
ptAge,DC,pDC_RECQL,0.539050609
ptAge,DC,pDC_RFC5,1.330618513
ptAge,DC,pDC_RFTN2,-8.529344226
ptAge,DC,pDC_RFX2,0.240828495
ptAge,DC,pDC_RGS12,2.282199527
ptAge,DC,pDC_RHEBL1,11.81482669
ptAge,DC,pDC_RHOT2,1.034258467
ptAge,DC,pDC_RILPL2,1.284105486
ptAge,DC,pDC_RIN3,0.461286333
ptAge,DC,pDC_RIOX1,-4.242417694
ptAge,DC,pDC_RNF170,2.842299924
ptAge,DC,pDC_RNF175,2.498910531
ptAge,DC,pDC_RNF217-AS1,0.052086293
ptAge,DC,pDC_RNF31,2.879020465
ptAge,DC,pDC_RPL8,0.205784496
ptAge,DC,pDC_RPS6KC1,-0.929647392
ptAge,DC,pDC_RRAGB,-2.01399744
ptAge,DC,pDC_RRP12,0.231971036
ptAge,DC,pDC_RRP1B,0.395115599
ptAge,DC,pDC_RRP9,5.07316004
ptAge,DC,pDC_RSBN1L,0.542873166
ptAge,DC,pDC_SAXO1,2.835987464
ptAge,DC,pDC_SCARNA9,-0.297135411
ptAge,DC,pDC_SCYL2,0.001744617
ptAge,DC,pDC_SDR42E1,-2.643717373
ptAge,DC,pDC_SEMA3G,1.767137711
ptAge,DC,pDC_SEMA4D,0.841234005
ptAge,DC,pDC_SEPSECS-AS1,-8.827068748
ptAge,DC,pDC_SFXN1,1.225886957
ptAge,DC,pDC_SHLD2,0.328820135
ptAge,DC,pDC_SIMC1,0.718166972
ptAge,DC,pDC_SIRPD,-15.73977294
ptAge,DC,pDC_SLA,0.080751631
ptAge,DC,pDC_SLAIN1,1.205700791
ptAge,DC,pDC_SLC10A3,0.053949982
ptAge,DC,pDC_SLC11A1,2.418959684
ptAge,DC,pDC_SLC25A37,2.791248273
ptAge,DC,pDC_SLC27A3,-11.71018113
ptAge,DC,pDC_SLC35E1,1.34593587
ptAge,DC,pDC_SLC38A10,-0.683211355
ptAge,DC,pDC_SLC5A6,0.028471197
ptAge,DC,pDC_SLCO1A2,11.00113007
ptAge,DC,pDC_SMARCAD1,0.146764162
ptAge,DC,pDC_SMCR8,-1.888689362
ptAge,DC,pDC_SMIM12,0.430923128
ptAge,DC,pDC_SMIM27,0.218033347
ptAge,DC,pDC_SNAP29,0.389056805
ptAge,DC,pDC_SNIP1,0.896273497
ptAge,DC,pDC_SNRPF,0.145801833
ptAge,DC,pDC_SNRPG,0.781149699
ptAge,DC,pDC_SNW1,0.074719625
ptAge,DC,pDC_SNX14,1.115036432
ptAge,DC,pDC_SORT1,-1.611786189
ptAge,DC,pDC_SPATA32,4.50553845
ptAge,DC,pDC_SPDL1,1.315838625
ptAge,DC,pDC_SRSF1,-1.392478207
ptAge,DC,pDC_SSBP2,0.210045306
ptAge,DC,pDC_SSH2,0.157730175
ptAge,DC,pDC_SSUH2,3.970627794
ptAge,DC,pDC_ST20-MTHFS,9.544603277
ptAge,DC,pDC_ST8SIA6,1.884200489
ptAge,DC,pDC_STARD3NL,1.23429831
ptAge,DC,pDC_STAT5B,1.129507018
ptAge,DC,pDC_STK40,2.234460861
ptAge,DC,pDC_STXBP3,1.049245462
ptAge,DC,pDC_SUPT20H,-0.695770759
ptAge,DC,pDC_SYCP3,5.516676809
ptAge,DC,pDC_SYF2,-2.01322447
ptAge,DC,pDC_SYNE2,0.229595348
ptAge,DC,pDC_SYNGAP1,2.531748838
ptAge,DC,pDC_TAGAP,-0.498976809
ptAge,DC,pDC_TAS2R20,5.555613886
ptAge,DC,pDC_TAX1BP3,2.511379838
ptAge,DC,pDC_TBCB,-2.218571197
ptAge,DC,pDC_TBKBP1,-5.521227069
ptAge,DC,pDC_TCERG1,0.200835738
ptAge,DC,pDC_TCF4-AS1,0.806256882
ptAge,DC,pDC_TFG,0.083631271
ptAge,DC,pDC_THAP6,2.020302116
ptAge,DC,pDC_THOC6,-0.121286639
ptAge,DC,pDC_TICAM1,3.885034132
ptAge,DC,pDC_TIMM10B,-4.649501314
ptAge,DC,pDC_TIMM21,-1.761306126
ptAge,DC,pDC_TLR10,-2.469958899
ptAge,DC,pDC_TM9SF4,1.093515657
ptAge,DC,pDC_TMED7,3.825733018
ptAge,DC,pDC_TMEM129,-1.261013795
ptAge,DC,pDC_TMEM150A,4.400695232
ptAge,DC,pDC_TMEM263,-0.294023564
ptAge,DC,pDC_TMEM38B,0.598589415
ptAge,DC,pDC_TMEM8B,-1.974085932
ptAge,DC,pDC_TNFRSF13C,2.224120508
ptAge,DC,pDC_TNFRSF14-AS1,-12.62924417
ptAge,DC,pDC_TNFRSF21,-1.90883335
ptAge,DC,pDC_TOB1,0.980435465
ptAge,DC,pDC_TOMM20L,17.58294735
ptAge,DC,pDC_TOR1AIP2,1.007998589
ptAge,DC,pDC_TOX2,-1.412803818
ptAge,DC,pDC_TPX2,3.551325228
ptAge,DC,pDC_TRAF3IP1,-2.678872861
ptAge,DC,pDC_TRAPPC5,0.753411484
ptAge,DC,pDC_TRIM16L,-16.02450992
ptAge,DC,pDC_TRIOBP,0.727554765
ptAge,DC,pDC_TRMT10A,0.853268488
ptAge,DC,pDC_TRPV2,1.289543471
ptAge,DC,pDC_TSKS,-4.895222755
ptAge,DC,pDC_TSPAN4,-12.34739235
ptAge,DC,pDC_TTC16,-6.57124332
ptAge,DC,pDC_TUBGCP3,-0.104223029
ptAge,DC,pDC_TUSC8,2.471701517
ptAge,DC,pDC_UQCRQ,0.733543675
ptAge,DC,pDC_USF2,2.421558155
ptAge,DC,pDC_USP11,0.504986661
ptAge,DC,pDC_USP30-AS1,1.429386172
ptAge,DC,pDC_UTP23,1.246453689
ptAge,DC,pDC_UXS1,-0.082728606
ptAge,DC,pDC_VAV2,0.768353788
ptAge,DC,pDC_VCL,0.176457557
ptAge,DC,pDC_VIPR2,-0.837351883
ptAge,DC,pDC_VRK1,-0.966122253
ptAge,DC,pDC_VSNL1,2.890354829
ptAge,DC,pDC_VWA5A,3.166567039
ptAge,DC,pDC_WBP4,-2.382392553
ptAge,DC,pDC_WDR13,1.672456324
ptAge,DC,pDC_WDR54,6.203368236
ptAge,DC,pDC_WDR70,-1.338811582
ptAge,DC,pDC_WFDC2,-34.83899735
ptAge,DC,pDC_WNT10A,5.421310465
ptAge,DC,pDC_WRAP73,0.80865716
ptAge,DC,pDC_XXYLT1-AS2,-0.654557384
ptAge,DC,pDC_ZBTB39,6.509092571
ptAge,DC,pDC_ZBTB40,0.588370219
ptAge,DC,pDC_ZCWPW2,12.47060316
ptAge,DC,pDC_ZFHX2,7.280839882
ptAge,DC,pDC_ZFYVE21,3.947534618
ptAge,DC,pDC_ZNF101,-1.531669634
ptAge,DC,pDC_ZNF181,0.01580437
ptAge,DC,pDC_ZNF200,5.922703519
ptAge,DC,pDC_ZNF239,3.436037636
ptAge,DC,pDC_ZNF304,2.367552286
ptAge,DC,pDC_ZNF317,3.168204956
ptAge,DC,pDC_ZNF32,-1.350721863
ptAge,DC,pDC_ZNF329,0.18608426
ptAge,DC,pDC_ZNF341,7.314430832
ptAge,DC,pDC_ZNF582,2.081858453
ptAge,DC,pDC_ZNF607,5.469198514
ptAge,DC,pDC_ZNF628,-12.51233036
ptAge,DC,pDC_ZNF667-AS1,-4.756420428
ptAge,DC,pDC_ZNF696,2.043685152
ptAge,DC,pDC_ZNF726,1.372639818
ptAge,DC,pDC_ZNF792,1.524402932
ptAge,DC,pDC_ZNF850,-2.2727067
ptAge,BC,(Intercept),67.15320454
ptAge,BC,Bm_ABCD2,0.815338692
ptAge,BC,Bm_ACKR4,1.667771236
ptAge,BC,Bm_ACOT4,6.066387227
ptAge,BC,Bm_ADAM28,-1.657490567
ptAge,BC,Bm_ADAMTS17,4.74709896
ptAge,BC,Bm_ADAMTS6,-0.912313643
ptAge,BC,Bm_ADCY9,0.784561357
ptAge,BC,Bm_ADGRE5,0.741687507
ptAge,BC,Bm_AGPAT4,1.150990985
ptAge,BC,Bm_AKR1C1,13.68575787
ptAge,BC,Bm_ALDH1L1,-61.19922582
ptAge,BC,Bm_ALKBH7,-4.259496346
ptAge,BC,Bm_ALOX5,-0.854218809
ptAge,BC,Bm_AMZ2,7.229213432
ptAge,BC,Bm_ANKRD20A8P,85.38454915
ptAge,BC,Bm_ANKRD9,122.3042152
ptAge,BC,Bm_ANP32B,-1.914946425
ptAge,BC,Bm_ANXA1,1.561830469
ptAge,BC,Bm_APMAP,6.590809787
ptAge,BC,Bm_APOL6,0.269296241
ptAge,BC,Bm_ARHGAP26,1.233090989
ptAge,BC,Bm_ARHGEF16,117.7274918
ptAge,BC,Bm_ARHGEF28,9.5939445
ptAge,BC,Bm_ARHGEF37,-29.69007748
ptAge,BC,Bm_ARID1B,-0.01511931
ptAge,BC,Bm_ARL4C,3.026437577
ptAge,BC,Bm_ARMC7,-3.669120921
ptAge,BC,Bm_ARRDC5,-12.2914483
ptAge,BC,Bm_ASB9,13.84113025
ptAge,BC,Bm_ATG10-AS1,-28.61154465
ptAge,BC,Bm_ATP8B4,9.561703781
ptAge,BC,Bm_B4GALT7,1.782806809
ptAge,BC,Bm_BANK1,-0.208592384
ptAge,BC,Bm_BBS5,10.10684979
ptAge,BC,Bm_BCAR1,146.0546776
ptAge,BC,Bm_BCL7A,-0.245701655
ptAge,BC,Bm_BLNK,-0.617701743
ptAge,BC,Bm_BNC2,0.007604105
ptAge,BC,Bm_C11orf16,10.96903135
ptAge,BC,Bm_C12orf42,-0.560426886
ptAge,BC,Bm_C19orf67,-97.49087306
ptAge,BC,Bm_C1orf21,1.340961234
ptAge,BC,Bm_C1orf56,-16.91055819
ptAge,BC,Bm_C3orf22,-2.313237104
ptAge,BC,Bm_CA1,14.38231057
ptAge,BC,Bm_CA5A,17.76895334
ptAge,BC,Bm_CACNA1B,53.03692742
ptAge,BC,Bm_CACNA2D4,14.5769522
ptAge,BC,Bm_CACTIN-AS1,16.41901728
ptAge,BC,Bm_CADM1,1.821795878
ptAge,BC,Bm_CARD16,-1.532943956
ptAge,BC,Bm_CASR,189.1275374
ptAge,BC,Bm_CCDC144NL-AS1,-0.641321682
ptAge,BC,Bm_CCDC47,1.726033039
ptAge,BC,Bm_CCL4L2,18.44883484
ptAge,BC,Bm_CCL5,0.849462819
ptAge,BC,Bm_CCNF,-0.661747311
ptAge,BC,Bm_CCNJL,12.33734891
ptAge,BC,Bm_CD22,-0.552599906
ptAge,BC,Bm_CD34,-52.36006804
ptAge,BC,Bm_CDC34,-6.801017991
ptAge,BC,Bm_CDCP1,-96.82050845
ptAge,BC,Bm_CDHR3,0.248165488
ptAge,BC,Bm_CDK10,0.153376965
ptAge,BC,Bm_CDK14,3.337966307
ptAge,BC,Bm_CDYL2,6.009735712
ptAge,BC,Bm_CENPA,-7.530984718
ptAge,BC,Bm_CENPK,0.622032353
ptAge,BC,Bm_CERNA1,-6.033814117
ptAge,BC,Bm_CHD7,-3.101319542
ptAge,BC,Bm_CHRNB4,-50.27686722
ptAge,BC,Bm_CHSY3,5.633970108
ptAge,BC,Bm_CLMN,-0.51868451
ptAge,BC,Bm_COLGALT2,4.785617569
ptAge,BC,Bm_COQ2,-6.040707662
ptAge,BC,Bm_COX10,-1.621814943
ptAge,BC,Bm_CPD,0.257256
ptAge,BC,Bm_CPT1A,1.725882082
ptAge,BC,Bm_CPVL,-10.51397188
ptAge,BC,Bm_CRIM1,3.052800155
ptAge,BC,Bm_CRIP1,2.522345346
ptAge,BC,Bm_CRYBB2,60.86014161
ptAge,BC,Bm_CRYGN,156.8715916
ptAge,BC,Bm_CSE1L,-0.700537491
ptAge,BC,Bm_CTDSPL,0.349913495
ptAge,BC,Bm_CTNNBIP1,-1.342236734
ptAge,BC,Bm_CUEDC1,45.00962921
ptAge,BC,Bm_CUL3,-1.284647392
ptAge,BC,Bm_CYBB,-0.75103641
ptAge,BC,Bm_CYP4F26P,50.88127081
ptAge,BC,Bm_CYYR1-AS1,32.07835966
ptAge,BC,Bm_DAND5,-70.32861877
ptAge,BC,Bm_DCAF12,0.697925011
ptAge,BC,Bm_DDAH1,-0.690742181
ptAge,BC,Bm_DEFB124,81.50096582
ptAge,BC,Bm_DENND1B,1.890472035
ptAge,BC,Bm_DENND5B,-1.264727759
ptAge,BC,Bm_DGKZ,3.304120473
ptAge,BC,Bm_DHX34,-0.594332757
ptAge,BC,Bm_DIAPH1,1.397204174
ptAge,BC,Bm_DLGAP4-AS1,-0.710145401
ptAge,BC,Bm_DNAJC10,-0.43466656
ptAge,BC,Bm_DNLZ,0.956514878
ptAge,BC,Bm_DNM3,3.288346314
ptAge,BC,Bm_DNMT3A,0.526683858
ptAge,BC,Bm_DOCK5,5.179276871
ptAge,BC,Bm_DOK2,2.710827171
ptAge,BC,Bm_DPY19L3,-1.764185864
ptAge,BC,Bm_DYRK3,-11.33598842
ptAge,BC,Bm_EBF1,-0.011118929
ptAge,BC,Bm_EDARADD,17.52101574
ptAge,BC,Bm_EDNRB-AS1,34.78768478
ptAge,BC,Bm_EFHC1,-5.100452284
ptAge,BC,Bm_EGLN3,0.016764551
ptAge,BC,Bm_EHMT1,-0.035628788
ptAge,BC,Bm_EIF4E3,0.755312937
ptAge,BC,Bm_ELAVL3,-73.67748335
ptAge,BC,Bm_ELFN1,7.905286286
ptAge,BC,Bm_ELOVL5,-0.437545232
ptAge,BC,Bm_ENPP7,-4.208940806
ptAge,BC,Bm_EPDR1,4.729256287
ptAge,BC,Bm_ERVMER34-1,179.0763251
ptAge,BC,Bm_ERVV-1,-11.02815402
ptAge,BC,Bm_ETNK2,-38.55409478
ptAge,BC,Bm_EXOG,1.357098825
ptAge,BC,Bm_F2RL2,15.00101509
ptAge,BC,Bm_FABP3,86.45705929
ptAge,BC,Bm_FAM151B,9.220814198
ptAge,BC,Bm_FAM167A-AS1,-7.771487399
ptAge,BC,Bm_FAM178B,3.360300608
ptAge,BC,Bm_FAM83B,38.60420512
ptAge,BC,Bm_FAM8A1,1.562436363
ptAge,BC,Bm_FAS,2.804623606
ptAge,BC,Bm_FCGR3A,2.551100768
ptAge,BC,Bm_FCHSD2,-0.049026657
ptAge,BC,Bm_FCRL1,-0.601439548
ptAge,BC,Bm_FDXACB1,40.61710138
ptAge,BC,Bm_FHAD1,19.14999966
ptAge,BC,Bm_FHL1,4.907833749
ptAge,BC,Bm_FMO5,-2.09539983
ptAge,BC,Bm_FNDC3B,0.369835446
ptAge,BC,Bm_FRY,1.979388474
ptAge,BC,Bm_FRYL,1.290033102
ptAge,BC,Bm_FUT3,-144.1466267
ptAge,BC,Bm_GABPB1-AS1,-0.04702618
ptAge,BC,Bm_GBP5,1.869548203
ptAge,BC,Bm_GCH1,1.591860026
ptAge,BC,Bm_GCNT4,17.65205213
ptAge,BC,Bm_GDF5,-23.29043482
ptAge,BC,Bm_GFPT2,-19.53560499
ptAge,BC,Bm_GGACT,0.233994804
ptAge,BC,Bm_GIMAP4,0.096199725
ptAge,BC,Bm_GLT1D1,29.63256632
ptAge,BC,Bm_GLYAT,-63.14531853
ptAge,BC,Bm_GNA12,-2.318785129
ptAge,BC,Bm_GNLY,0.223155328
ptAge,BC,Bm_GPR160,-2.606876511
ptAge,BC,Bm_GPR183,-3.138634819
ptAge,BC,Bm_GRID2,-25.85778626
ptAge,BC,Bm_GRIK2,-13.82844098
ptAge,BC,Bm_GRIN2B,7.734647984
ptAge,BC,Bm_GRK3,-3.382582774
ptAge,BC,Bm_GSAP,-1.06598548
ptAge,BC,Bm_GSDMA,-70.2437197
ptAge,BC,Bm_GSG1L,91.9148483
ptAge,BC,Bm_GUCY1A1,7.620797875
ptAge,BC,Bm_HDGFL2,9.566166106
ptAge,BC,Bm_HEATR9,12.7621028
ptAge,BC,Bm_HELB,0.938164449
ptAge,BC,Bm_HIVEP3,0.67132788
ptAge,BC,Bm_HLX,-6.79087954
ptAge,BC,Bm_HNRNPLL,0.13880889
ptAge,BC,Bm_HPCAL4,-2.923991895
ptAge,BC,Bm_HSF5,-1.000489149
ptAge,BC,Bm_HSPA12A,-7.712004844
ptAge,BC,Bm_IDE,-1.698159814
ptAge,BC,Bm_IGHE,16.40451069
ptAge,BC,Bm_IGHV2-5,-2.491481134
ptAge,BC,Bm_IGHV7-34-1,-112.7148854
ptAge,BC,Bm_IGKV2OR22-4,55.02109979
ptAge,BC,Bm_IGLJ2,-27.16614133
ptAge,BC,Bm_IGLV2-33,-34.41507899
ptAge,BC,Bm_IGSF9B,7.374100547
ptAge,BC,Bm_IL2RB,6.778503625
ptAge,BC,Bm_INA,70.56919976
ptAge,BC,Bm_INKA1,-16.92565978
ptAge,BC,Bm_INPP4B,0.024360976
ptAge,BC,Bm_INPP5A,-1.964914717
ptAge,BC,Bm_IQGAP2,0.28018049
ptAge,BC,Bm_ITFG1-AS1,6.758666126
ptAge,BC,Bm_ITGA10,1.809635938
ptAge,BC,Bm_JAKMIP1,0.303522069
ptAge,BC,Bm_JAKMIP2,0.26674492
ptAge,BC,Bm_KANK1,1.943874499
ptAge,BC,Bm_KAZN,2.280585316
ptAge,BC,Bm_KBTBD4,-3.591123334
ptAge,BC,Bm_KCNQ5,-2.092675138
ptAge,BC,Bm_KCNQ5-AS1,-38.63772911
ptAge,BC,Bm_KCTD11,-9.327004742
ptAge,BC,Bm_KDM4D,-20.1739073
ptAge,BC,Bm_KIF20A,-122.8136212
ptAge,BC,Bm_KIF21A,2.452870326
ptAge,BC,Bm_KIRREL3-AS1,71.84991366
ptAge,BC,Bm_KLF15,82.12398989
ptAge,BC,Bm_KLF4,-6.996951707
ptAge,BC,Bm_KLHL10,5.270392801
ptAge,BC,Bm_KLHL14,-1.054346608
ptAge,BC,Bm_KLRC4,2.057317595
ptAge,BC,Bm_KLRC4-KLRK1,1.109289866
ptAge,BC,Bm_KLRD1,0.493686574
ptAge,BC,Bm_KLRF1,2.197961682
ptAge,BC,Bm_KRTAP5-10,-110.4785245
ptAge,BC,Bm_LCN8,-6.396316498
ptAge,BC,Bm_LCORL,-3.329307184
ptAge,BC,Bm_LDB2,2.445989403
ptAge,BC,Bm_LDLRAD4-AS1,30.12200249
ptAge,BC,Bm_LGALS3,8.776979611
ptAge,BC,Bm_LGALS8-AS1,-12.2912114
ptAge,BC,Bm_LINC00158,-5.130958935
ptAge,BC,Bm_LINC00299,2.072155344
ptAge,BC,Bm_LINC00313,-109.2621181
ptAge,BC,Bm_LINC00332,-38.06690621
ptAge,BC,Bm_LINC00494,-3.299530758
ptAge,BC,Bm_LINC00582,22.09997949
ptAge,BC,Bm_LINC00881,-3.990416175
ptAge,BC,Bm_LINC01099,-13.50153841
ptAge,BC,Bm_LINC01361,-24.18950754
ptAge,BC,Bm_LINC01483,2.04797083
ptAge,BC,Bm_LINC01507,-3.325020294
ptAge,BC,Bm_LINC01524,7.281222485
ptAge,BC,Bm_LINC01579,-33.35942991
ptAge,BC,Bm_LINC01675,3.440768642
ptAge,BC,Bm_LINC01684,2.400588846
ptAge,BC,Bm_LINC01871,11.08548038
ptAge,BC,Bm_LINC01934,1.597075293
ptAge,BC,Bm_LINC01946,-14.20002135
ptAge,BC,Bm_LINC02208,35.78443916
ptAge,BC,Bm_LINC02210-CRHR1,-2.839084063
ptAge,BC,Bm_LINC02220,-48.55171258
ptAge,BC,Bm_LINC02280,-43.93119333
ptAge,BC,Bm_LINC02316,-15.07989315
ptAge,BC,Bm_LINC02536,27.39013647
ptAge,BC,Bm_LINC02569,-9.990401717
ptAge,BC,Bm_LINGO2,2.807490007
ptAge,BC,Bm_LRIG1,2.605421994
ptAge,BC,Bm_LRP1B,0.149381357
ptAge,BC,Bm_LRRC4C,2.298077698
ptAge,BC,Bm_LYN,-0.799448831
ptAge,BC,Bm_LYNX1-SLURP2,77.14364795
ptAge,BC,Bm_LZTR1,4.674716087
ptAge,BC,Bm_MAGED1,-0.181857491
ptAge,BC,Bm_MAN2B1,-0.072881316
ptAge,BC,Bm_MANBA,-0.597495879
ptAge,BC,Bm_MAP2K6,0.643802231
ptAge,BC,Bm_MAP3K20,-6.019754549
ptAge,BC,Bm_MATN2,13.98292263
ptAge,BC,Bm_MBIP,0.919923808
ptAge,BC,Bm_MBOAT1,2.887379296
ptAge,BC,Bm_MBOAT7,-4.888932114
ptAge,BC,Bm_MCTP1,3.505864493
ptAge,BC,Bm_MELTF,-12.77007109
ptAge,BC,Bm_METTL5,-5.209528077
ptAge,BC,Bm_MGAT5,-3.485976682
ptAge,BC,Bm_MGRN1,1.157909544
ptAge,BC,Bm_MICAL2,0.131889605
ptAge,BC,Bm_MIR29B2CHG,0.802190943
ptAge,BC,Bm_MIR4435-2HG,1.345941386
ptAge,BC,Bm_MIR646HG,0.261846496
ptAge,BC,Bm_MMADHC,-0.850354055
ptAge,BC,Bm_MORN4,-14.32382549
ptAge,BC,Bm_MOSPD3,10.44225856
ptAge,BC,Bm_MPZL3,0.289297668
ptAge,BC,Bm_MRPL55,-0.431330277
ptAge,BC,Bm_MS4A6A,45.36333094
ptAge,BC,Bm_MSH5-SAPCD1,-16.71799132
ptAge,BC,Bm_MT-ND4,-0.516394933
ptAge,BC,Bm_MUC12,-165.5342751
ptAge,BC,Bm_MYBL1,1.609807679
ptAge,BC,Bm_MYLK3,28.86548731
ptAge,BC,Bm_MYO1E,-1.52168064
ptAge,BC,Bm_MYO3B,1.21561295
ptAge,BC,Bm_NAA25,-0.87838604
ptAge,BC,Bm_NAV2,1.40644332
ptAge,BC,Bm_NCALD,0.268602937
ptAge,BC,Bm_NCAM1,1.442531538
ptAge,BC,Bm_NDUFB10,-2.318124592
ptAge,BC,Bm_NECAB2,46.04614421
ptAge,BC,Bm_NEXN-AS1,24.54492508
ptAge,BC,Bm_NFATC2,0.46477884
ptAge,BC,Bm_NFIL3,9.664365195
ptAge,BC,Bm_NHSL1,2.295732856
ptAge,BC,Bm_NLRP9,-5.159980309
ptAge,BC,Bm_NOP53-AS1,-39.21445751
ptAge,BC,Bm_NOP9,-9.023291717
ptAge,BC,Bm_NORAD,1.218941193
ptAge,BC,Bm_NPHP4,2.69230249
ptAge,BC,Bm_NTHL1,4.077482019
ptAge,BC,Bm_NTRK3,11.73923842
ptAge,BC,Bm_NTSR1,17.02839365
ptAge,BC,Bm_NUAK1,27.49214767
ptAge,BC,Bm_NUMB,-0.341913384
ptAge,BC,Bm_NUP107,-0.333590368
ptAge,BC,Bm_NUTM2G,-26.33239076
ptAge,BC,Bm_NWD1,0.273113194
ptAge,BC,Bm_OAF,-45.82961133
ptAge,BC,Bm_OIP5,3.316085968
ptAge,BC,Bm_OLFML3,5.235965769
ptAge,BC,Bm_OPA1,1.68414232
ptAge,BC,Bm_OPN1SW,142.1809701
ptAge,BC,Bm_OPRM1,12.52905742
ptAge,BC,Bm_ORAI3,-13.60290052
ptAge,BC,Bm_OSBPL5,2.297522153
ptAge,BC,Bm_OSTM1-AS1,61.64364185
ptAge,BC,Bm_OTX2-AS1,-16.70400999
ptAge,BC,Bm_PALD1,-13.57065463
ptAge,BC,Bm_PALLD,4.16280507
ptAge,BC,Bm_PAM,2.728222546
ptAge,BC,Bm_PAPSS1,-0.488998599
ptAge,BC,Bm_PARD3B,1.853349747
ptAge,BC,Bm_PARD6A,-19.14416415
ptAge,BC,Bm_PCDH1,-28.53661512
ptAge,BC,Bm_PCDH9,0.105193786
ptAge,BC,Bm_PCDHA5,46.48995575
ptAge,BC,Bm_PCNT,-3.376776346
ptAge,BC,Bm_PDGFD,1.292816137
ptAge,BC,Bm_PIPOX,-7.299457192
ptAge,BC,Bm_PITPNM2,-2.903244276
ptAge,BC,Bm_PKD1L1,-21.55380313
ptAge,BC,Bm_PLAC4,-28.68820696
ptAge,BC,Bm_PLAC8,-0.436759009
ptAge,BC,Bm_PLEKHA2,-2.46238196
ptAge,BC,Bm_PLIN1,-35.450213
ptAge,BC,Bm_PLPP1,-1.31270205
ptAge,BC,Bm_PLXND1,3.962473647
ptAge,BC,Bm_POLE3,-1.200086542
ptAge,BC,Bm_POTEG,21.05967371
ptAge,BC,Bm_PPM1L,2.867728598
ptAge,BC,Bm_PPP2R2B,1.084394859
ptAge,BC,Bm_PPP2R2D,2.328187817
ptAge,BC,Bm_PRAME,80.80027128
ptAge,BC,Bm_PRELID3A,-28.06031376
ptAge,BC,Bm_PRF1,4.476943699
ptAge,BC,Bm_PRG4,12.35556228
ptAge,BC,Bm_PRMT1,-1.973406542
ptAge,BC,Bm_PROB1,-20.14012955
ptAge,BC,Bm_PROK2,20.44907859
ptAge,BC,Bm_PRSS23,6.803037029
ptAge,BC,Bm_PRSS38,78.70479516
ptAge,BC,Bm_PRUNE2,5.774261326
ptAge,BC,Bm_PSME4,-1.804291831
ptAge,BC,Bm_PTCHD1-AS,-0.119150136
ptAge,BC,Bm_PTGDR,0.692907016
ptAge,BC,Bm_PTPN1,-1.397026397
ptAge,BC,Bm_PUM3,-1.208687878
ptAge,BC,Bm_PURB,0.765359694
ptAge,BC,Bm_PXMP2,7.291635344
ptAge,BC,Bm_RAB4B-EGLN2,-15.31603416
ptAge,BC,Bm_RAD21-AS1,105.726558
ptAge,BC,Bm_RALGPS2,-0.631841764
ptAge,BC,Bm_RANBP17,-43.71320607
ptAge,BC,Bm_RAP1GAP2,2.82172448
ptAge,BC,Bm_RAPGEF4-AS1,-74.65797223
ptAge,BC,Bm_RASA3,0.046068576
ptAge,BC,Bm_RBFOX3,9.823068823
ptAge,BC,Bm_RCBTB2,2.270551971
ptAge,BC,Bm_RDH10,0.428208701
ptAge,BC,Bm_RFTN1,0.159678958
ptAge,BC,Bm_RFWD3,-0.074366734
ptAge,BC,Bm_RFX7,-0.213019392
ptAge,BC,Bm_RGS3,9.094897516
ptAge,BC,Bm_RIC1,-0.881455457
ptAge,BC,Bm_RIPK1,0.166723763
ptAge,BC,Bm_RNF125,1.096552979
ptAge,BC,Bm_RNF150,-11.99785056
ptAge,BC,Bm_RORA,0.314819156
ptAge,BC,Bm_RORB,5.090674088
ptAge,BC,Bm_RPL17-C18orf32,-25.15516924
ptAge,BC,Bm_RPUSD4,-2.810604434
ptAge,BC,Bm_RTF2,-1.124687615
ptAge,BC,Bm_RUNX2,0.462316475
ptAge,BC,Bm_SAMD3,0.375421372
ptAge,BC,Bm_SCOC,-2.053789574
ptAge,BC,Bm_SEC23A-AS1,2.215360673
ptAge,BC,Bm_SFMBT2,0.454198427
ptAge,BC,Bm_SFRP2,59.80902092
ptAge,BC,Bm_SGCA,2.384557633
ptAge,BC,Bm_SGCD,1.183668081
ptAge,BC,Bm_SGSH,-15.6073507
ptAge,BC,Bm_SH3BGRL2,5.837463784
ptAge,BC,Bm_SHC2,52.51242061
ptAge,BC,Bm_SHOX,-125.0556457
ptAge,BC,Bm_SLC16A11,-42.45865562
ptAge,BC,Bm_SLC16A6,5.792010644
ptAge,BC,Bm_SLC25A13,-0.934765324
ptAge,BC,Bm_SLC25A16,4.298632746
ptAge,BC,Bm_SLC25A46,1.330628149
ptAge,BC,Bm_SLC26A5,6.150152203
ptAge,BC,Bm_SLC35B1,1.900918095
ptAge,BC,Bm_SLC35G1,-0.777426434
ptAge,BC,Bm_SLC39A12,-50.59450375
ptAge,BC,Bm_SLC39A4,-22.63387766
ptAge,BC,Bm_SLC39A5,-12.7588874
ptAge,BC,Bm_SLC39A8,1.663044539
ptAge,BC,Bm_SLC40A1,8.945323418
ptAge,BC,Bm_SLC43A2,-0.543970141
ptAge,BC,Bm_SLC44A5,0.894965409
ptAge,BC,Bm_SLC4A4,3.889405475
ptAge,BC,Bm_SLC8A3,-16.1244621
ptAge,BC,Bm_SLC9A7,-0.358921774
ptAge,BC,Bm_SLCO3A1,0.045300106
ptAge,BC,Bm_SMC2,-5.14450304
ptAge,BC,Bm_SMIM3,0.052076742
ptAge,BC,Bm_SNX10,-0.68503128
ptAge,BC,Bm_SNX29,-0.231827361
ptAge,BC,Bm_SOCS1,10.20402985
ptAge,BC,Bm_SOCS2,2.619489466
ptAge,BC,Bm_SORCS3,6.346651816
ptAge,BC,Bm_SOX4,-6.064781686
ptAge,BC,Bm_SP110,-0.854685431
ptAge,BC,Bm_SP140,-0.812772843
ptAge,BC,Bm_SPATA2L,6.272977805
ptAge,BC,Bm_SPDL1,-4.666903918
ptAge,BC,Bm_SPDYE16,2.986867932
ptAge,BC,Bm_SPN,0.912655932
ptAge,BC,Bm_SPRED1,-1.652326995
ptAge,BC,Bm_SRRM5,5.777460946
ptAge,BC,Bm_STARD4-AS1,2.603979532
ptAge,BC,Bm_STEAP2,-19.59172698
ptAge,BC,Bm_STOM,0.512974147
ptAge,BC,Bm_STPG2-AS1,-95.81261721
ptAge,BC,Bm_STRBP,-3.164683082
ptAge,BC,Bm_SUCLG1,2.445198547
ptAge,BC,Bm_SUGCT,-2.546403448
ptAge,BC,Bm_SULT6B1,29.11620306
ptAge,BC,Bm_SUSD1,0.861935496
ptAge,BC,Bm_SUSD6,-0.391815887
ptAge,BC,Bm_SYK,-0.930312143
ptAge,BC,Bm_SYNPO,-2.068324224
ptAge,BC,Bm_SYT1,1.126942164
ptAge,BC,Bm_SYTL3,1.042397993
ptAge,BC,Bm_TAB2,0.427231369
ptAge,BC,Bm_TCL1A,3.355938174
ptAge,BC,Bm_TDG,-0.121373124
ptAge,BC,Bm_TDRD9,-9.618018575
ptAge,BC,Bm_TERF2IP,-0.304036961
ptAge,BC,Bm_TET3,-0.052051033
ptAge,BC,Bm_TGFBR3,0.148339432
ptAge,BC,Bm_THOC3,1.941288672
ptAge,BC,Bm_THOC7-AS1,-76.14448311
ptAge,BC,Bm_TIGD1,-0.556966723
ptAge,BC,Bm_TIPARP,0.989598881
ptAge,BC,Bm_TK2,4.145377135
ptAge,BC,Bm_TLE1,-0.150613042
ptAge,BC,Bm_TLK1,-1.484555039
ptAge,BC,Bm_TMEM131L,-0.267629495
ptAge,BC,Bm_TMEM171,-21.33867078
ptAge,BC,Bm_TMEM63C,20.48358625
ptAge,BC,Bm_TNFRSF9,47.00958785
ptAge,BC,Bm_TP53INP1,-0.796575771
ptAge,BC,Bm_TPTEP2-CSNK1E,-0.166636618
ptAge,BC,Bm_TRAF1,2.786767924
ptAge,BC,Bm_TRAJ14,24.87711184
ptAge,BC,Bm_TRAJ39,56.57240031
ptAge,BC,Bm_TRAV17,4.302273965
ptAge,BC,Bm_TRAV6,6.632919925
ptAge,BC,Bm_TRAV9-2,-5.910384487
ptAge,BC,Bm_TRBV4-1,37.21094796
ptAge,BC,Bm_TRBV7-7,22.75586816
ptAge,BC,Bm_TRGC2,6.503319021
ptAge,BC,Bm_TRIM44,-0.168848182
ptAge,BC,Bm_TRIM55,12.25643471
ptAge,BC,Bm_TRIM6,-33.71417136
ptAge,BC,Bm_TRPV4,171.2440436
ptAge,BC,Bm_TSEN54,1.797466673
ptAge,BC,Bm_TSPAN8,4.039645545
ptAge,BC,Bm_TTLL7,17.69345486
ptAge,BC,Bm_TYK2,-1.143075024
ptAge,BC,Bm_UBAC1,-0.933146974
ptAge,BC,Bm_UBE2F-SCLY,8.577349457
ptAge,BC,Bm_UBE2V1,-0.255273759
ptAge,BC,Bm_UBE2V2,-2.432499556
ptAge,BC,Bm_UBIAD1,-3.509018666
ptAge,BC,Bm_UBQLN4,-0.855920565
ptAge,BC,Bm_UBTD2,-2.653454916
ptAge,BC,Bm_UCK2,-13.12849834
ptAge,BC,Bm_UFSP2,0.39041623
ptAge,BC,Bm_UPF2,-0.098185294
ptAge,BC,Bm_UPK2,4.156013103
ptAge,BC,Bm_VAPA,-0.421428123
ptAge,BC,Bm_VAV3,-2.429806163
ptAge,BC,Bm_VAV3-AS1,-2.425723219
ptAge,BC,Bm_VIPR1,13.92625647
ptAge,BC,Bm_VWA5A,-4.141842391
ptAge,BC,Bm_WASIR2,-12.75595045
ptAge,BC,Bm_WDR43,-0.933837334
ptAge,BC,Bm_WDR5,-1.291957817
ptAge,BC,Bm_WDR88,-10.76428537
ptAge,BC,Bm_WDR93,-34.18538876
ptAge,BC,Bm_WNT2B,-5.195375022
ptAge,BC,Bm_XACT,-1.684531298
ptAge,BC,Bm_YWHAG,-0.439449899
ptAge,BC,Bm_ZBED4,-0.194962088
ptAge,BC,Bm_ZFP30,-2.820872211
ptAge,BC,Bm_ZFP64,-0.854883267
ptAge,BC,Bm_ZNF221,-5.863206635
ptAge,BC,Bm_ZNF300,1.324946813
ptAge,BC,Bm_ZNF470,-1.435107568
ptAge,BC,Bm_ZNF48,7.203216111
ptAge,BC,Bm_ZNF521,-22.86899981
ptAge,BC,Bm_ZNF579,-2.603157046
ptAge,BC,Bm_ZNF626,-1.180211407
ptAge,BC,Bm_ZNF669,6.502560386
ptAge,BC,Bm_ZNF804A,-0.078558719
ptAge,BC,Bm_ZNF837,39.81910267
ptAge,BC,Bm_ZNF860,-1.524812604
ptAge,BC,Bm_ZNF92,-3.7806289
ptAge,BC,Bn_ABCB4,-0.212048623
ptAge,BC,Bn_ABCB7,2.67722434
ptAge,BC,Bn_ABCC2,-0.235332118
ptAge,BC,Bn_ABHD11,0.944043279
ptAge,BC,Bn_ABHD13,1.326305126
ptAge,BC,Bn_ACSS1,-1.872115094
ptAge,BC,Bn_ACVR1B,2.268560452
ptAge,BC,Bn_ADAMDEC1,-7.548193253
ptAge,BC,Bn_ADAMTS13,8.01730038
ptAge,BC,Bn_ADAMTSL1,12.91575867
ptAge,BC,Bn_ADCK5,3.768439809
ptAge,BC,Bn_ADK,-0.453530321
ptAge,BC,Bn_AHNAK2,35.67992031
ptAge,BC,Bn_AKAP3,21.35368077
ptAge,BC,Bn_ANKRD44,-0.791716418
ptAge,BC,Bn_APEX2,0.420565683
ptAge,BC,Bn_APOA1,-93.09609806
ptAge,BC,Bn_ARHGAP25,-3.642220014
ptAge,BC,Bn_ARHGAP5-AS1,49.00646118
ptAge,BC,Bn_ARID5B,-1.236980374
ptAge,BC,Bn_ATG9A,-3.750213972
ptAge,BC,Bn_ATP6AP1L,4.227567507
ptAge,BC,Bn_ATP6V1B2,4.922901577
ptAge,BC,Bn_ATPAF1,-1.216281564
ptAge,BC,Bn_B4GAT1,-14.63305507
ptAge,BC,Bn_BAALC,-5.177942425
ptAge,BC,Bn_BCKDK,-6.62918554
ptAge,BC,Bn_BOK,10.68886888
ptAge,BC,Bn_BOP1,12.12459107
ptAge,BC,Bn_C19orf53,3.667509897
ptAge,BC,Bn_C3orf20,-5.984597193
ptAge,BC,Bn_C4orf3,-0.308721216
ptAge,BC,Bn_C5AR2,-10.387998
ptAge,BC,Bn_CALN1,-0.404837795
ptAge,BC,Bn_CARD8,0.644999286
ptAge,BC,Bn_CASP6,20.16059505
ptAge,BC,Bn_CCDC138,-0.716570141
ptAge,BC,Bn_CCDC91,1.184610514
ptAge,BC,Bn_CCDC93,1.935500781
ptAge,BC,Bn_CCND3,-1.009410928
ptAge,BC,Bn_CCNJL,93.20721135
ptAge,BC,Bn_CD2AP,0.221710671
ptAge,BC,Bn_CD34,-13.66948177
ptAge,BC,Bn_CD68,18.6405392
ptAge,BC,Bn_CDT1,-2.318386129
ptAge,BC,Bn_CECR3,-63.32225932
ptAge,BC,Bn_CENPL,-11.29598426
ptAge,BC,Bn_CFDP1,-0.536114745
ptAge,BC,Bn_CHRM3-AS2,-3.799840918
ptAge,BC,Bn_CHST11,-1.05075343
ptAge,BC,Bn_CHST6,-200.5318223
ptAge,BC,Bn_CLEC10A,53.56032223
ptAge,BC,Bn_CLNK,-0.685549775
ptAge,BC,Bn_CNN2,0.264372012
ptAge,BC,Bn_CNTNAP4,-105.1484918
ptAge,BC,Bn_COASY,-1.552176752
ptAge,BC,Bn_COBLL1,-1.001692526
ptAge,BC,Bn_COL4A3,-5.122540262
ptAge,BC,Bn_COX5B,-2.01544048
ptAge,BC,Bn_CPNE4,28.9289432
ptAge,BC,Bn_CR1,-1.705505354
ptAge,BC,Bn_CRIP2,24.74395163
ptAge,BC,Bn_CRIPT,2.000754491
ptAge,BC,Bn_CRYBG2,-5.411636011
ptAge,BC,Bn_CSGALNACT1,0.388036914
ptAge,BC,Bn_CTBP1-DT,-0.004117375
ptAge,BC,Bn_CUEDC1,13.75789171
ptAge,BC,Bn_CXCR3,1.065240012
ptAge,BC,Bn_CYYR1-AS1,-8.234260563
ptAge,BC,Bn_DAZL,0.844823179
ptAge,BC,Bn_DDR1,-11.48295228
ptAge,BC,Bn_DNAJC1,2.530056445
ptAge,BC,Bn_DNAJC10,0.985658562
ptAge,BC,Bn_DNAJC12,22.15134447
ptAge,BC,Bn_DNAJC8,0.247101755
ptAge,BC,Bn_DOK3,3.900521672
ptAge,BC,Bn_DPEP2,-0.766868261
ptAge,BC,Bn_DSG1,30.09129053
ptAge,BC,Bn_DTNA,-5.590648991
ptAge,BC,Bn_DYNC2H1,-6.211634677
ptAge,BC,Bn_DYNLT3,-4.731359252
ptAge,BC,Bn_E2F4,0.296168198
ptAge,BC,Bn_ECD,0.336278805
ptAge,BC,Bn_EEF1AKMT4,26.85940981
ptAge,BC,Bn_EFCAB12,-6.825874542
ptAge,BC,Bn_EFHD2,0.663029283
ptAge,BC,Bn_EIF4G3,0.124081939
ptAge,BC,Bn_ENOPH1,0.779153704
ptAge,BC,Bn_EPDR1,9.264738876
ptAge,BC,Bn_ETHE1,-5.112644801
ptAge,BC,Bn_ETS2,2.717609799
ptAge,BC,Bn_ETV4,19.86712131
ptAge,BC,Bn_EWSR1,0.596505428
ptAge,BC,Bn_FANCG,-0.191821722
ptAge,BC,Bn_FCN1,-1.653509975
ptAge,BC,Bn_FCRL5,0.25458515
ptAge,BC,Bn_FCRLA,1.995329605
ptAge,BC,Bn_FGFRL1,-24.93388695
ptAge,BC,Bn_FOXP4-AS1,-3.87932177
ptAge,BC,Bn_FRAT2,19.35119986
ptAge,BC,Bn_FRMD4A,-0.616631319
ptAge,BC,Bn_FRMPD1,68.12962885
ptAge,BC,Bn_FRY,1.776838806
ptAge,BC,Bn_FUOM,3.281243655
ptAge,BC,Bn_FUT7,12.56035309
ptAge,BC,Bn_FUT8-AS1,-0.671429515
ptAge,BC,Bn_FUZ,6.250657076
ptAge,BC,Bn_G6PD,1.522249196
ptAge,BC,Bn_GCFC2,2.156829022
ptAge,BC,Bn_GDAP2,2.084401305
ptAge,BC,Bn_GFPT2,-71.16122296
ptAge,BC,Bn_GJA10,31.05715916
ptAge,BC,Bn_GLRA1,-10.64057012
ptAge,BC,Bn_GLRA3,-9.46959227
ptAge,BC,Bn_GLTP,1.207236482
ptAge,BC,Bn_GM2A,0.342268303
ptAge,BC,Bn_GMPR2,3.31795438
ptAge,BC,Bn_GNRH1,5.563966638
ptAge,BC,Bn_GOLPH3,1.518935683
ptAge,BC,Bn_GPN2,-3.374898173
ptAge,BC,Bn_GRB7,-2.664343512
ptAge,BC,Bn_GRIN2D,38.61667244
ptAge,BC,Bn_GRM7,-96.84205082
ptAge,BC,Bn_GTPBP4,1.225585592
ptAge,BC,Bn_GTSE1,-64.75839783
ptAge,BC,Bn_GYPB,-1.653268728
ptAge,BC,Bn_HAR1B,51.6225033
ptAge,BC,Bn_HCN3,85.05276452
ptAge,BC,Bn_HEXIM2,2.270403286
ptAge,BC,Bn_HIGD1B,-0.68128802
ptAge,BC,Bn_HIGD1C,-1.365503148
ptAge,BC,Bn_HIST1H2AB,-29.49820793
ptAge,BC,Bn_HOXA9,-9.468469179
ptAge,BC,Bn_HRH2,-0.51852487
ptAge,BC,Bn_HS3ST3B1,1.069857582
ptAge,BC,Bn_HTD2,-0.554957175
ptAge,BC,Bn_IER3,10.60401781
ptAge,BC,Bn_IFT172,2.729528968
ptAge,BC,Bn_IGHJ5,13.17054738
ptAge,BC,Bn_IGHV1OR15-3,29.70989224
ptAge,BC,Bn_IGKV1-39,6.142923563
ptAge,BC,Bn_IGKV6D-21,-5.152542068
ptAge,BC,Bn_IGLV2-18,16.57307413
ptAge,BC,Bn_IGLV5-45,-4.019654553
ptAge,BC,Bn_IL17B,48.36421863
ptAge,BC,Bn_IL34,-10.21328079
ptAge,BC,Bn_INPP1,0.034042245
ptAge,BC,Bn_INTU,-25.00748042
ptAge,BC,Bn_IQCC,46.55895624
ptAge,BC,Bn_IQSEC3,-130.2910705
ptAge,BC,Bn_ITGB1,2.539721867
ptAge,BC,Bn_IWS1,0.578408317
ptAge,BC,Bn_JAKMIP1,5.125793651
ptAge,BC,Bn_JAKMIP3,68.7927212
ptAge,BC,Bn_KANK2,-6.015214774
ptAge,BC,Bn_KBTBD7,-8.556469344
ptAge,BC,Bn_KCNG1,-2.2036017
ptAge,BC,Bn_KCNIP3,27.62310007
ptAge,BC,Bn_KCNV2,32.98672707
ptAge,BC,Bn_KCTD19,-6.480884347
ptAge,BC,Bn_KHDRBS2,2.390085407
ptAge,BC,Bn_KIR3DL1,-15.23488793
ptAge,BC,Bn_KLHDC9,-9.036133292
ptAge,BC,Bn_KLRC4,17.75493673
ptAge,BC,Bn_KLRK1,-1.537514075
ptAge,BC,Bn_L3MBTL4,1.33578166
ptAge,BC,Bn_LACTB2,1.48529413
ptAge,BC,Bn_LANCL3,75.5905734
ptAge,BC,Bn_LINC00051,43.7481298
ptAge,BC,Bn_LINC00221,-4.969226433
ptAge,BC,Bn_LINC00235,66.11993539
ptAge,BC,Bn_LINC00511,10.50973827
ptAge,BC,Bn_LINC00681,-96.97928379
ptAge,BC,Bn_LINC01176,12.13518202
ptAge,BC,Bn_LINC01361,-4.564757042
ptAge,BC,Bn_LINC01611,-18.20193656
ptAge,BC,Bn_LINC01712,-39.8992002
ptAge,BC,Bn_LINC01829,18.13612893
ptAge,BC,Bn_LINC01857,-3.67642223
ptAge,BC,Bn_LINC01962,-2.100774324
ptAge,BC,Bn_LINC02175,-25.84714811
ptAge,BC,Bn_LINC02384,1.023941575
ptAge,BC,Bn_LINC02428,54.762241
ptAge,BC,Bn_LINC02463,121.7840485
ptAge,BC,Bn_LINC02580,-45.34586024
ptAge,BC,Bn_LLPH-DT,-3.989535506
ptAge,BC,Bn_LPL,-37.49395483
ptAge,BC,Bn_LRFN4,40.56922115
ptAge,BC,Bn_LRRC74B,-31.61953517
ptAge,BC,Bn_LY86-AS1,-1.069732236
ptAge,BC,Bn_MAGEC3,-17.29639018
ptAge,BC,Bn_MAP3K20,-1.334366509
ptAge,BC,Bn_MCHR2-AS1,47.00342875
ptAge,BC,Bn_MDFIC,-1.602839591
ptAge,BC,Bn_MEGF6,-1.239530929
ptAge,BC,Bn_MGAT5,-3.247395956
ptAge,BC,Bn_MINDY3,0.039660971
ptAge,BC,Bn_MISP3,-50.9105477
ptAge,BC,Bn_MME-AS1,55.85766466
ptAge,BC,Bn_MPHOSPH6,-2.034132197
ptAge,BC,Bn_MRPL14,0.861415002
ptAge,BC,Bn_MRPL3,0.673039354
ptAge,BC,Bn_MSRB2,8.112820274
ptAge,BC,Bn_MTTP,-29.08787983
ptAge,BC,Bn_MUC17,30.86550882
ptAge,BC,Bn_MVD,-3.523733386
ptAge,BC,Bn_MYO18A,-1.870117233
ptAge,BC,Bn_MYO18B,-12.20920075
ptAge,BC,Bn_NAALADL2-AS2,20.62601741
ptAge,BC,Bn_NAIF1,-13.15274131
ptAge,BC,Bn_NALCN,10.32808145
ptAge,BC,Bn_NANOS3,-10.37032076
ptAge,BC,Bn_NAPRT,26.57185664
ptAge,BC,Bn_NBEAL2,4.477151384
ptAge,BC,Bn_NCOA3,-0.067062341
ptAge,BC,Bn_NDUFAF1,-0.033155102
ptAge,BC,Bn_NEXN-AS1,-59.93545246
ptAge,BC,Bn_NGRN,7.748000875
ptAge,BC,Bn_NHLRC1,-25.16101855
ptAge,BC,Bn_NHS,36.2024105
ptAge,BC,Bn_NIPA1,-3.900525301
ptAge,BC,Bn_NOMO1,1.784822564
ptAge,BC,Bn_NUDT16L1,9.923433405
ptAge,BC,Bn_NUMBL,-3.401931682
ptAge,BC,Bn_OAZ2,0.48371421
ptAge,BC,Bn_OPN1SW,3.669331395
ptAge,BC,Bn_OR51B2,-8.833259937
ptAge,BC,Bn_OR7C1,-0.8077719
ptAge,BC,Bn_OXTR,-2.728990287
ptAge,BC,Bn_PACS1,-0.067412348
ptAge,BC,Bn_PARP16,-1.420778375
ptAge,BC,Bn_PBX3,1.116424614
ptAge,BC,Bn_PCDH11Y,6.179482527
ptAge,BC,Bn_PCED1B,-0.890211387
ptAge,BC,Bn_PCGF2,37.05002315
ptAge,BC,Bn_PDCD4,-1.875363842
ptAge,BC,Bn_PDHA1,0.72873798
ptAge,BC,Bn_PEBP4,-9.188789425
ptAge,BC,Bn_PER3,-2.128234126
ptAge,BC,Bn_PEX5L,-10.90215377
ptAge,BC,Bn_PEX7,1.490962962
ptAge,BC,Bn_PGBD4,-9.11615617
ptAge,BC,Bn_PHKA2-AS1,1.49153397
ptAge,BC,Bn_PIAS3,-6.384897534
ptAge,BC,Bn_PLEKHH1,-25.08676024
ptAge,BC,Bn_PLPBP,-3.535016072
ptAge,BC,Bn_PLPP1,-1.96965752
ptAge,BC,Bn_PPIA,0.031194524
ptAge,BC,Bn_PPM1H,56.32989771
ptAge,BC,Bn_PPP1R3A,54.01103206
ptAge,BC,Bn_PRIM1,0.520760133
ptAge,BC,Bn_PSEN2,3.053718369
ptAge,BC,Bn_PTK6,32.94226858
ptAge,BC,Bn_PTN,16.69936146
ptAge,BC,Bn_PTPN1,-0.648417662
ptAge,BC,Bn_PTPRJ,0.062299437
ptAge,BC,Bn_PTX3,-23.37241542
ptAge,BC,Bn_PXMP4,-7.769310033
ptAge,BC,Bn_QPRT,61.98797729
ptAge,BC,Bn_RASL11A,-7.024444848
ptAge,BC,Bn_RASL11B,-167.3452481
ptAge,BC,Bn_RCSD1,-0.376742289
ptAge,BC,Bn_RFX8,-27.02551261
ptAge,BC,Bn_RGPD3,-8.30135954
ptAge,BC,Bn_RHAG,77.63223402
ptAge,BC,Bn_RIC1,-0.098975932
ptAge,BC,Bn_RIOX2,1.271737166
ptAge,BC,Bn_RIPOR3,-14.02922647
ptAge,BC,Bn_RNASEK-C17orf49,-12.31279387
ptAge,BC,Bn_RPRD1B,-1.548514748
ptAge,BC,Bn_RUSC2,-16.64915687
ptAge,BC,Bn_SAP30BP,2.570970472
ptAge,BC,Bn_SCHLAP1,18.3347433
ptAge,BC,Bn_SCLT1,1.055299417
ptAge,BC,Bn_SCRIB,-4.182382298
ptAge,BC,Bn_SEC23A-AS1,-8.489370048
ptAge,BC,Bn_SEMA6C,-105.6505465
ptAge,BC,Bn_SERTAD3,-9.972408743
ptAge,BC,Bn_SETD1B,-3.056705063
ptAge,BC,Bn_SGMS2,-18.9912551
ptAge,BC,Bn_SH3PXD2B,-26.58118805
ptAge,BC,Bn_SKA1,14.72105963
ptAge,BC,Bn_SLC16A9,-3.065347201
ptAge,BC,Bn_SLC25A35,8.60429332
ptAge,BC,Bn_SLC25A39,1.88125375
ptAge,BC,Bn_SLC36A1,1.979365898
ptAge,BC,Bn_SLC39A2,13.75341014
ptAge,BC,Bn_SLC5A10,90.24585224
ptAge,BC,Bn_SMC5,0.952944163
ptAge,BC,Bn_SNAP47-AS1,-19.2357267
ptAge,BC,Bn_SNTG2,-0.364656942
ptAge,BC,Bn_SOX5,0.438711927
ptAge,BC,Bn_SPACA9,-9.007583309
ptAge,BC,Bn_SPATC1L,-1.535535777
ptAge,BC,Bn_SPDYE16,8.862623724
ptAge,BC,Bn_SPICE1,0.394827231
ptAge,BC,Bn_SPRYD3,9.072139752
ptAge,BC,Bn_SRF,-11.35280562
ptAge,BC,Bn_SRGAP2,-0.420773658
ptAge,BC,Bn_SSH2,-1.579012309
ptAge,BC,Bn_STAB2,-1.846952813
ptAge,BC,Bn_STRN,-1.859439472
ptAge,BC,Bn_STX19,-12.60373668
ptAge,BC,Bn_STX6,2.030615276
ptAge,BC,Bn_SUPT4H1,-6.232645255
ptAge,BC,Bn_SUPT7L,4.786993513
ptAge,BC,Bn_SYCE1L,-0.333413864
ptAge,BC,Bn_SYCP2L,-52.64916068
ptAge,BC,Bn_TAF9B,-0.051049134
ptAge,BC,Bn_TBC1D9B,-1.421808376
ptAge,BC,Bn_TDRD15,-0.110672784
ptAge,BC,Bn_TDRD9,-11.40378076
ptAge,BC,Bn_THRB,0.125634815
ptAge,BC,Bn_THTPA,5.119661204
ptAge,BC,Bn_TIMM23,0.03771958
ptAge,BC,Bn_TMEM183A,4.188396272
ptAge,BC,Bn_TMEM200A,27.91339101
ptAge,BC,Bn_TMEM248,-1.961209729
ptAge,BC,Bn_TNFRSF21,2.553274462
ptAge,BC,Bn_TNFSF13B,1.851572871
ptAge,BC,Bn_TNFSF15,24.09643319
ptAge,BC,Bn_TNS1,147.6743226
ptAge,BC,Bn_TOP1MT,1.584051007
ptAge,BC,Bn_TPST1,-0.135073864
ptAge,BC,Bn_TRABD2A,1.01147202
ptAge,BC,Bn_TRAF3IP1,-0.555803104
ptAge,BC,Bn_TRAPPC12-AS1,-54.74404508
ptAge,BC,Bn_TRAV36DV7,54.94980262
ptAge,BC,Bn_TRBJ2-1,22.29141022
ptAge,BC,Bn_TRBV21-1,-35.82661109
ptAge,BC,Bn_TRBV7-2,-0.822932556
ptAge,BC,Bn_TRBV7-3,-14.30888179
ptAge,BC,Bn_TRIB1,34.44318972
ptAge,BC,Bn_TRIM65,-6.047203557
ptAge,BC,Bn_TTC3-AS1,-14.97059617
ptAge,BC,Bn_TTC39B,-0.136499174
ptAge,BC,Bn_TTC7B,44.73288374
ptAge,BC,Bn_UBE2G1,-1.658723333
ptAge,BC,Bn_UGT8,-0.640468773
ptAge,BC,Bn_URB1-AS1,-6.75449131
ptAge,BC,Bn_USP43,-37.20848364
ptAge,BC,Bn_USP6NL,-1.734335798
ptAge,BC,Bn_WEE2,57.05012286
ptAge,BC,Bn_WFS1,-4.976357202
ptAge,BC,Bn_YIF1A,-14.46247246
ptAge,BC,Bn_YWHAH,5.47030144
ptAge,BC,Bn_ZACN,11.90941691
ptAge,BC,Bn_ZBTB38,-0.779583003
ptAge,BC,Bn_ZCCHC8,2.103224986
ptAge,BC,Bn_ZFAND4,-0.123297279
ptAge,BC,Bn_ZFHX2,18.54230418
ptAge,BC,Bn_ZNF295-AS1,-1.086361193
ptAge,BC,Bn_ZNF302,-1.065168396
ptAge,BC,Bn_ZNF44,0.133797355
ptAge,BC,Bn_ZNF507,1.379940529
ptAge,BC,Bn_ZNF518B,-3.542202893
ptAge,BC,Bn_ZNF536,110.6358925
ptAge,BC,Bn_ZNF610,-0.124453973
ptAge,BC,Bn_ZNF662,-1.165913791
ptAge,BC,Bn_ZNF727,2.505689893
ptAge,BC,Bn_ZNF823,-2.542212169
ptAge,BC,Pla_ACOT13,2.987168075
ptAge,BC,Pla_ACOT7,-7.318818131
ptAge,BC,Pla_ACP6,1.572109651
ptAge,BC,Pla_ADAM29,-8.443658871
ptAge,BC,Pla_ADCK2,10.72733732
ptAge,BC,Pla_AFAP1-AS1,7.615306772
ptAge,BC,Pla_AGAP1,-2.769170536
ptAge,BC,Pla_AGO3,-0.151161041
ptAge,BC,Pla_AKNA,-0.036581859
ptAge,BC,Pla_AKR7A2,-5.857056051
ptAge,BC,Pla_ALDH3A2,-0.388032201
ptAge,BC,Pla_ALG3,-4.126610608
ptAge,BC,Pla_ANGEL1,-4.188993455
ptAge,BC,Pla_ANXA2R,1.800300631
ptAge,BC,Pla_APAF1,-2.731843011
ptAge,BC,Pla_ARAP2,1.200846588
ptAge,BC,Pla_ARHGAP23,-3.804493188
ptAge,BC,Pla_ARHGAP42,-0.244060821
ptAge,BC,Pla_ARL5B,-0.563974431
ptAge,BC,Pla_ARMC2,-0.119586495
ptAge,BC,Pla_ARMC8,-0.098824163
ptAge,BC,Pla_ATAD1,-0.894920183
ptAge,BC,Pla_ATL1,-1.604206909
ptAge,BC,Pla_ATL3,-0.603626137
ptAge,BC,Pla_AURKB,-3.471628186
ptAge,BC,Pla_BAZ1B,-1.645405522
ptAge,BC,Pla_BBC3,-3.540738179
ptAge,BC,Pla_BCL2L11,-0.886581167
ptAge,BC,Pla_BCL7A,-1.241809995
ptAge,BC,Pla_BCR,1.053475534
ptAge,BC,Pla_BCS1L,1.360252648
ptAge,BC,Pla_BEX4,-3.988102798
ptAge,BC,Pla_BLOC1S4,1.646407022
ptAge,BC,Pla_BTN1A1,-0.029807857
ptAge,BC,Pla_C1QTNF3-AMACR,1.331465553
ptAge,BC,Pla_C1RL-AS1,1.12546473
ptAge,BC,Pla_C4orf33,3.843669474
ptAge,BC,Pla_C4orf51,1.911738559
ptAge,BC,Pla_C8orf58,-5.421948052
ptAge,BC,Pla_CARMIL3,0.434824512
ptAge,BC,Pla_CASS4,0.405259002
ptAge,BC,Pla_CAV3,2.676675522
ptAge,BC,Pla_CCDC126,-0.398589576
ptAge,BC,Pla_CCDC28A,-0.937942488
ptAge,BC,Pla_CCDC40,9.295892046
ptAge,BC,Pla_CD81-AS1,-4.100633817
ptAge,BC,Pla_CD8B,6.494266973
ptAge,BC,Pla_CD8B2,-7.495893493
ptAge,BC,Pla_CDA,35.11893616
ptAge,BC,Pla_CDH4,-3.442182331
ptAge,BC,Pla_CEP70,0.457499741
ptAge,BC,Pla_CHCHD10,-1.97105782
ptAge,BC,Pla_CHD9,-0.143816651
ptAge,BC,Pla_CHODL-AS1,-4.388127081
ptAge,BC,Pla_CLASP2,-0.541407531
ptAge,BC,Pla_CNOT6,1.669965107
ptAge,BC,Pla_COPRS,0.148040039
ptAge,BC,Pla_CP,13.12324184
ptAge,BC,Pla_CPB2,14.45169701
ptAge,BC,Pla_CPD,1.142612433
ptAge,BC,Pla_CPLX1,4.475436724
ptAge,BC,Pla_CRACR2A,-0.525419435
ptAge,BC,Pla_CTBP1-DT,4.424086569
ptAge,BC,Pla_CTH,-1.846374812
ptAge,BC,Pla_CXorf58,22.0351131
ptAge,BC,Pla_CYB5D2,4.23655674
ptAge,BC,Pla_CYP3A5,11.29957572
ptAge,BC,Pla_DACH1,-14.92502351
ptAge,BC,Pla_DAGLB,8.49042395
ptAge,BC,Pla_DCDC1,17.96598713
ptAge,BC,Pla_DDI2,-1.011960093
ptAge,BC,Pla_DGKB,-0.85128259
ptAge,BC,Pla_DGKD,-0.139557873
ptAge,BC,Pla_DHX15,-0.102374137
ptAge,BC,Pla_DLEU2,-1.569503582
ptAge,BC,Pla_DLG2,-0.219657851
ptAge,BC,Pla_DMD,-3.242038003
ptAge,BC,Pla_DNAJC25-GNG10,1.804613527
ptAge,BC,Pla_DNAL4,18.39529728
ptAge,BC,Pla_DUS4L,-3.338525771
ptAge,BC,Pla_DUSP28,-2.901856511
ptAge,BC,Pla_ELL,-0.47518348
ptAge,BC,Pla_EML1,10.39524638
ptAge,BC,Pla_ENO3,-0.173951882
ptAge,BC,Pla_ERCC4,-0.211841136
ptAge,BC,Pla_ERI2,6.136305068
ptAge,BC,Pla_ERO1A,1.717581688
ptAge,BC,Pla_EVA1C,1.944387889
ptAge,BC,Pla_FAHD2B,-6.669248944
ptAge,BC,Pla_FAM162A,7.255876834
ptAge,BC,Pla_FAM178B,-0.869957681
ptAge,BC,Pla_FAM222A-AS1,-5.141102245
ptAge,BC,Pla_FARP1,27.62439987
ptAge,BC,Pla_FBN1,0.206498368
ptAge,BC,Pla_FGD3,1.937995086
ptAge,BC,Pla_FGF2,0.554832085
ptAge,BC,Pla_FLOT2,-0.318300896
ptAge,BC,Pla_FMNL2,-0.153174675
ptAge,BC,Pla_FOXD2-AS1,7.238049497
ptAge,BC,Pla_FXR2,-4.13919846
ptAge,BC,Pla_GALNT16,-20.93763134
ptAge,BC,Pla_GAREM1,-3.789649785
ptAge,BC,Pla_GCSAM,5.629087199
ptAge,BC,Pla_GDAP1,-0.307362744
ptAge,BC,Pla_GFM2,-0.631065917
ptAge,BC,Pla_GKAP1,-1.335080614
ptAge,BC,Pla_GLRA1,-16.79847677
ptAge,BC,Pla_GOLGA8H,7.813923762
ptAge,BC,Pla_GPR52,-5.654289095
ptAge,BC,Pla_GREM2,2.69968629
ptAge,BC,Pla_GRIK5,3.657989118
ptAge,BC,Pla_GSTO1,-6.781465419
ptAge,BC,Pla_GTF2H1,0.709586894
ptAge,BC,Pla_GTPBP8,-0.524442728
ptAge,BC,Pla_HACD3,-0.711744743
ptAge,BC,Pla_HCN3,-1.572593589
ptAge,BC,Pla_HES4,12.4578728
ptAge,BC,Pla_HEXIM2,-6.373613725
ptAge,BC,Pla_HIST1H2BK,-0.374063549
ptAge,BC,Pla_HIST1H3B,-2.122674479
ptAge,BC,Pla_HIST1H3C,-4.846792537
ptAge,BC,Pla_HIST1H3H,-5.622429311
ptAge,BC,Pla_HIST1H3I,-0.855552694
ptAge,BC,Pla_HIST2H2AA3,8.194997267
ptAge,BC,Pla_HIST2H2AA4,-3.509918979
ptAge,BC,Pla_HIST2H3PS2,16.06063278
ptAge,BC,Pla_HIST3H2A,-1.926257237
ptAge,BC,Pla_HYDIN,-3.280582841
ptAge,BC,Pla_IFI44,1.57214631
ptAge,BC,Pla_IFT20,-1.175467423
ptAge,BC,Pla_IGHGP,2.234015111
ptAge,BC,Pla_IGHV3-11,-0.463670751
ptAge,BC,Pla_IGHV3-41,3.626328998
ptAge,BC,Pla_IGHV7-81,-1.560310573
ptAge,BC,Pla_IGLC3,-1.054249872
ptAge,BC,Pla_IGLV3-24,-10.47563682
ptAge,BC,Pla_IGLV4-69,-0.724886726
ptAge,BC,Pla_IGLV9-49,0.755035372
ptAge,BC,Pla_IL20RB,-0.401128441
ptAge,BC,Pla_INAFM2,15.95438362
ptAge,BC,Pla_INCENP,-1.514071053
ptAge,BC,Pla_IPO7,-0.613102376
ptAge,BC,Pla_IPP,-0.523858155
ptAge,BC,Pla_IRF9,1.684307303
ptAge,BC,Pla_ISCA2,-8.2740705
ptAge,BC,Pla_ITGA8,-1.310176665
ptAge,BC,Pla_ITGB1-DT,-2.322867682
ptAge,BC,Pla_JUND,-0.265739847
ptAge,BC,Pla_KCP,-4.043388955
ptAge,BC,Pla_KDM5A,1.16877837
ptAge,BC,Pla_KDM8,-2.618123293
ptAge,BC,Pla_KIAA0232,-0.736541278
ptAge,BC,Pla_KLB,4.144968273
ptAge,BC,Pla_LIN9,-1.255237926
ptAge,BC,Pla_LINC00208,10.66906256
ptAge,BC,Pla_LINC00322,6.730710635
ptAge,BC,Pla_LINC00659,4.151673008
ptAge,BC,Pla_LINC00662,1.482046762
ptAge,BC,Pla_LINC00667,4.246806721
ptAge,BC,Pla_LINC01003,1.560711118
ptAge,BC,Pla_LINC01362,1.568666748
ptAge,BC,Pla_LINC01591,-9.143284148
ptAge,BC,Pla_LINC01684,1.573534518
ptAge,BC,Pla_LINC02026,0.757901465
ptAge,BC,Pla_LINC02196,28.89638581
ptAge,BC,Pla_LINC02362,-0.207397121
ptAge,BC,Pla_LIPH,0.524418342
ptAge,BC,Pla_LSM4,4.955263693
ptAge,BC,Pla_LY6G5C,-10.98862658
ptAge,BC,Pla_LYL1,0.872402462
ptAge,BC,Pla_LYRM7,-2.919416578
ptAge,BC,Pla_MANF,-1.193040732
ptAge,BC,Pla_MAP2K2,-0.184514863
ptAge,BC,Pla_MAP4K1,-0.065971365
ptAge,BC,Pla_MCM3,6.340246751
ptAge,BC,Pla_MCPH1-AS1,-1.384799013
ptAge,BC,Pla_MECP2,0.155640144
ptAge,BC,Pla_MED8,1.154814277
ptAge,BC,Pla_METTL18,2.067944496
ptAge,BC,Pla_MIR181A1HG,0.34696492
ptAge,BC,Pla_MNAT1,-0.469716263
ptAge,BC,Pla_MRPL4,-0.556807228
ptAge,BC,Pla_MRPL49,-1.903575718
ptAge,BC,Pla_MSTN,-7.457384784
ptAge,BC,Pla_MVD,-1.267866981
ptAge,BC,Pla_MYL2,13.28483672
ptAge,BC,Pla_NAALADL1,-5.02009162
ptAge,BC,Pla_NAGA,1.616493259
ptAge,BC,Pla_NCAPD3,-0.321637295
ptAge,BC,Pla_NDC80,-2.822411173
ptAge,BC,Pla_NDE1,1.644056534
ptAge,BC,Pla_NDRG2,-12.32714631
ptAge,BC,Pla_NDUFB7,2.396644624
ptAge,BC,Pla_NDUFV3,-0.84813042
ptAge,BC,Pla_NFE2,-2.667322136
ptAge,BC,Pla_NOL8,0.865488061
ptAge,BC,Pla_NOP53-AS1,29.73335733
ptAge,BC,Pla_NOP9,1.893302533
ptAge,BC,Pla_NPAS1,-9.845384552
ptAge,BC,Pla_NPEPL1,-3.093542297
ptAge,BC,Pla_NPIPB13,-0.511734958
ptAge,BC,Pla_NPLOC4,-1.213826092
ptAge,BC,Pla_NPW,8.316079854
ptAge,BC,Pla_NR2E3,-4.929585922
ptAge,BC,Pla_NR6A1,3.533035777
ptAge,BC,Pla_NRG3,-3.250487017
ptAge,BC,Pla_NRL,-2.082955305
ptAge,BC,Pla_NUP153,-0.203520766
ptAge,BC,Pla_OGDH,-1.025282231
ptAge,BC,Pla_OPA1,1.534117816
ptAge,BC,Pla_OVCA2,-4.171030804
ptAge,BC,Pla_PAK3,9.397382198
ptAge,BC,Pla_PARP16,-2.279242397
ptAge,BC,Pla_PCBP4,-3.412013512
ptAge,BC,Pla_PCK2,-0.42726286
ptAge,BC,Pla_PCNX3,-0.372052858
ptAge,BC,Pla_PDIA5,-0.4662673
ptAge,BC,Pla_PDK2,8.596698206
ptAge,BC,Pla_PGGHG,-3.085123774
ptAge,BC,Pla_PIK3CG,-1.163107074
ptAge,BC,Pla_PIPOX,-0.141305975
ptAge,BC,Pla_PKD1L3,-2.217600783
ptAge,BC,Pla_PLCXD3,-12.3788648
ptAge,BC,Pla_PLPPR2,-24.21052132
ptAge,BC,Pla_POFUT2,-4.883360114
ptAge,BC,Pla_POLK,-0.62009149
ptAge,BC,Pla_POLR2H,-0.8453633
ptAge,BC,Pla_PPP1R14A,-3.048568613
ptAge,BC,Pla_PPP2R2D,-0.706315728
ptAge,BC,Pla_PPP6R3,-0.017010982
ptAge,BC,Pla_PRR5L,0.677688557
ptAge,BC,Pla_PSMA5,-0.238160478
ptAge,BC,Pla_PSMD8,-0.208036337
ptAge,BC,Pla_PTGDR,-3.089645717
ptAge,BC,Pla_PTGDS,11.52088295
ptAge,BC,Pla_PTMS,4.347109289
ptAge,BC,Pla_PTOV1,-2.391180246
ptAge,BC,Pla_PTPN2,-0.208195684
ptAge,BC,Pla_QPRT,-26.88958078
ptAge,BC,Pla_QTRT1,1.650006066
ptAge,BC,Pla_RAB11B-AS1,1.12741082
ptAge,BC,Pla_RAB6A,-0.127306231
ptAge,BC,Pla_RABGGTA,-2.373734765
ptAge,BC,Pla_RACGAP1,-1.589660384
ptAge,BC,Pla_RAD23A,-1.63267451
ptAge,BC,Pla_RAD51C,-0.203682874
ptAge,BC,Pla_RBBP8,-2.566441419
ptAge,BC,Pla_RBM22,1.177737664
ptAge,BC,Pla_REV3L,-0.169666432
ptAge,BC,Pla_REXO5,4.31463986
ptAge,BC,Pla_RGS16,8.336025745
ptAge,BC,Pla_RLF,-0.501285173
ptAge,BC,Pla_RMRP,-0.112455074
ptAge,BC,Pla_RNF31,10.08875645
ptAge,BC,Pla_RPH3A,-9.364329631
ptAge,BC,Pla_RPS6KA1,6.179422241
ptAge,BC,Pla_RTRAF,-1.114041282
ptAge,BC,Pla_RXFP1,7.659106665
ptAge,BC,Pla_S1PR4,1.029047495
ptAge,BC,Pla_SCAI,-1.477674691
ptAge,BC,Pla_SCAPER,-0.021827174
ptAge,BC,Pla_SCARB2,-1.091645445
ptAge,BC,Pla_SCMH1,-0.126963677
ptAge,BC,Pla_SGSM1,0.011465456
ptAge,BC,Pla_SH3GLB2,-0.921057332
ptAge,BC,Pla_SH3RF2,-10.00941451
ptAge,BC,Pla_SLC1A1,5.894744522
ptAge,BC,Pla_SLC26A1,10.01837983
ptAge,BC,Pla_SLC2A6,-1.581835026
ptAge,BC,Pla_SLC35C1,-5.957012665
ptAge,BC,Pla_SLC43A3,-6.897179398
ptAge,BC,Pla_SLC44A5,3.23100583
ptAge,BC,Pla_SLC4A8,-1.368352783
ptAge,BC,Pla_SLC51A,8.313919029
ptAge,BC,Pla_SLC6A13,3.82611946
ptAge,BC,Pla_SLF1,-0.830546502
ptAge,BC,Pla_SLFN5,1.301567982
ptAge,BC,Pla_SMIM14,-0.484886348
ptAge,BC,Pla_SMKR1,-4.171911747
ptAge,BC,Pla_SNRK,-0.509225593
ptAge,BC,Pla_SPATA13,6.666705497
ptAge,BC,Pla_SPATA6,-5.6610834820000004
ptAge,BC,Pla_SPRED2,0.752033039
ptAge,BC,Pla_SPRY3,2.274383896
ptAge,BC,Pla_SPTB,12.8265577
ptAge,BC,Pla_STAB2,-4.138278538
ptAge,BC,Pla_STAT1,0.22669796
ptAge,BC,Pla_STRBP,-0.065846442
ptAge,BC,Pla_SYN2,23.76931921
ptAge,BC,Pla_SYT11,-6.387587731
ptAge,BC,Pla_TAF7,0.235118308
ptAge,BC,Pla_TAS2R10,-11.76157577
ptAge,BC,Pla_TBC1D3K,4.799259449
ptAge,BC,Pla_TBCC,1.814654315
ptAge,BC,Pla_TBCK,-0.469627782
ptAge,BC,Pla_TBX2,47.37589796
ptAge,BC,Pla_TESPA1,0.613367719
ptAge,BC,Pla_THOC7,-0.226308762
ptAge,BC,Pla_TINCR,-1.459403493
ptAge,BC,Pla_TLDC2,3.982139098
ptAge,BC,Pla_TMCO4,-1.269221252
ptAge,BC,Pla_TMEM139,11.7416632
ptAge,BC,Pla_TMEM164,-1.561300288
ptAge,BC,Pla_TMEM272,-25.62294017
ptAge,BC,Pla_TMEM42,-5.83766018
ptAge,BC,Pla_TMEM72-AS1,0.529706972
ptAge,BC,Pla_TMEM8B,-6.037510398
ptAge,BC,Pla_TMUB1,-0.987348002
ptAge,BC,Pla_TNFAIP6,11.75195013
ptAge,BC,Pla_TNFAIP8L1,-5.062688116
ptAge,BC,Pla_TNNI2,-5.521005341
ptAge,BC,Pla_TPH1,10.5971637
ptAge,BC,Pla_TPRG1,0.053224414
ptAge,BC,Pla_TPST1,-2.888035053
ptAge,BC,Pla_TPTE2,-0.764420275
ptAge,BC,Pla_TRBV10-3,-5.17959061
ptAge,BC,Pla_TRBV5-4,-15.43551688
ptAge,BC,Pla_TRDC,-3.329118785
ptAge,BC,Pla_TRGV7,18.12281476
ptAge,BC,Pla_TRMT2A,3.573047232
ptAge,BC,Pla_TRMT2B,-2.380322161
ptAge,BC,Pla_TSPAN32,-2.578068834
ptAge,BC,Pla_TSR3,2.917650363
ptAge,BC,Pla_TTC28,-0.698230823
ptAge,BC,Pla_TTC3-AS1,-0.119234348
ptAge,BC,Pla_TWSG1,-0.974534842
ptAge,BC,Pla_TYW5,1.438283805
ptAge,BC,Pla_UBE2R2,-1.40798504
ptAge,BC,Pla_ULK1,-3.399608752
ptAge,BC,Pla_UMODL1,-5.18438197
ptAge,BC,Pla_UMPS,-0.69208951
ptAge,BC,Pla_USP51,-5.006424265
ptAge,BC,Pla_UTP3,-1.272398645
ptAge,BC,Pla_VAMP1,-1.714132693
ptAge,BC,Pla_VNN2,1.918113127
ptAge,BC,Pla_VPS13D,0.733689651
ptAge,BC,Pla_VTI1B,-0.74391827
ptAge,BC,Pla_WBP11,-0.865672492
ptAge,BC,Pla_WDR13,1.496268504
ptAge,BC,Pla_WDR75,0.278256849
ptAge,BC,Pla_XKR8,-1.002499865
ptAge,BC,Pla_XPC,-1.479359008
ptAge,BC,Pla_XPO7,-0.473542562
ptAge,BC,Pla_YTHDC1,-0.254681843
ptAge,BC,Pla_ZBED6,0.310801239
ptAge,BC,Pla_ZBTB22,1.099040808
ptAge,BC,Pla_ZC2HC1C,-3.197411797
ptAge,BC,Pla_ZCRB1,-1.237373547
ptAge,BC,Pla_ZFAND2A,-4.220154753
ptAge,BC,Pla_ZMAT3,1.412631298
ptAge,BC,Pla_ZMYM3,-0.842070322
ptAge,BC,Pla_ZNF205,11.68243948
ptAge,BC,Pla_ZNF324,-4.218224077
ptAge,BC,Pla_ZNF324B,5.734717058
ptAge,BC,Pla_ZNF335,-2.996393586
ptAge,BC,Pla_ZNF429,0.454292804
ptAge,BC,Pla_ZNF484,-0.678767568
ptAge,BC,Pla_ZNF561,1.793913851
ptAge,BC,Pla_ZNF596,-7.260986278
ptAge,BC,Pla_ZNF680,0.341815795
ptAge,BC,Pla_ZNF718,-0.32484731
ptAge,BC,Pla_ZNF829,0.346334696
ptAge,BC,Pla_ZNF888,4.007366407
ptAge,BC,Pla_ZSCAN20,2.765122474
ptAge,BC,Pla_ZSWIM9,-4.17148533
ptAge,MC,(Intercept),44.76552244
ptAge,MC,cMC_ABCB10,-2.301295826
ptAge,MC,cMC_ABCG1,2.872999094
ptAge,MC,cMC_ABHD12B,9.276140568
ptAge,MC,cMC_ABLIM2,6.561508345
ptAge,MC,cMC_ACAD8,1.000586989
ptAge,MC,cMC_ACD,2.009521158
ptAge,MC,cMC_ACSM3,0.094823932
ptAge,MC,cMC_ADD3,0.318534137
ptAge,MC,cMC_ADGRB1,5.658722652
ptAge,MC,cMC_AFF3,-0.413267022
ptAge,MC,cMC_AFG3L2,-0.851130293
ptAge,MC,cMC_AGAP2,0.350033747
ptAge,MC,cMC_AGPAT4,0.019758776
ptAge,MC,cMC_AIRE,13.01577853
ptAge,MC,cMC_AKAP12,16.26461935
ptAge,MC,cMC_AKAP7,0.060976561
ptAge,MC,cMC_ALDH4A1,-22.37790939
ptAge,MC,cMC_ALG13-AS1,1.426435039
ptAge,MC,cMC_AMER1,19.33632052
ptAge,MC,cMC_ANKRD20A1,15.42039395
ptAge,MC,cMC_ANKRD36C,-0.447900134
ptAge,MC,cMC_APC,0.131997032
ptAge,MC,cMC_APOL1,0.029100082
ptAge,MC,cMC_ARFGAP3,-0.703615256
ptAge,MC,cMC_ARHGEF3-AS1,23.02836644
ptAge,MC,cMC_ARSI,21.80756964
ptAge,MC,cMC_ASIP,-0.999449656
ptAge,MC,cMC_ATP1A2,336.4481019
ptAge,MC,cMC_ATP6V0A1,0.419477273
ptAge,MC,cMC_B3GALT2,-20.01985628
ptAge,MC,cMC_BACE2,1.455981004
ptAge,MC,cMC_BAG6,1.149043088
ptAge,MC,cMC_BAIAP2-DT,10.72249491
ptAge,MC,cMC_BBS10,8.097598826
ptAge,MC,cMC_BCAS4,1.491048375
ptAge,MC,cMC_BCL2L1,0.308993913
ptAge,MC,cMC_BCL3,0.00771608
ptAge,MC,cMC_BET1,1.686474761
ptAge,MC,cMC_BICC1,-2.474427915
ptAge,MC,cMC_BLOC1S2,0.777681719
ptAge,MC,cMC_BMP2,20.08582123
ptAge,MC,cMC_BOP1,8.188803825
ptAge,MC,cMC_BPHL,4.677074292
ptAge,MC,cMC_BRSK2,3.615523917
ptAge,MC,cMC_BST1,1.202852286
ptAge,MC,cMC_BTBD7,0.335506064
ptAge,MC,cMC_BUB1B,-7.094226067
ptAge,MC,cMC_C1orf50,2.942347993
ptAge,MC,cMC_C1QTNF7,25.95597049
ptAge,MC,cMC_C2CD2,-0.63314961
ptAge,MC,cMC_C3orf22,75.41337226
ptAge,MC,cMC_CACNA2D3,-0.247722667
ptAge,MC,cMC_CADPS,10.88910661
ptAge,MC,cMC_CALCOCO1,0.037239482
ptAge,MC,cMC_CC2D2A,2.545767063
ptAge,MC,cMC_CCDC148,3.649147762
ptAge,MC,cMC_CD14,2.210185126
ptAge,MC,cMC_CD1A,5.262253486
ptAge,MC,cMC_CD1B,-12.88293295
ptAge,MC,cMC_CD209,28.88202357
ptAge,MC,cMC_CD320,5.543537301
ptAge,MC,cMC_CD8B,3.021166179
ptAge,MC,cMC_CDC27,0.095060509
ptAge,MC,cMC_CDH3,6.235121545
ptAge,MC,cMC_CDH4,45.37941007
ptAge,MC,cMC_CDK6,-1.044318974
ptAge,MC,cMC_CDKAL1,-0.70001922
ptAge,MC,cMC_CEBPA-DT,20.25259345
ptAge,MC,cMC_CERKL,32.24381913
ptAge,MC,cMC_CGRRF1,0.91345445
ptAge,MC,cMC_CHL1,19.61503952
ptAge,MC,cMC_CHRNA10,-11.92558424
ptAge,MC,cMC_CHST10,1.054906294
ptAge,MC,cMC_CHST8,15.31711064
ptAge,MC,cMC_CLDN18,15.7169176
ptAge,MC,cMC_CLDN4,0.644210008
ptAge,MC,cMC_CLDN9,35.55574392
ptAge,MC,cMC_CLEC4G,6.976706549
ptAge,MC,cMC_CLMAT3,-19.54220049
ptAge,MC,cMC_CLSTN3,1.929108235
ptAge,MC,cMC_COA6,3.371524163
ptAge,MC,cMC_CPM,1.672703948
ptAge,MC,cMC_CPT2,2.743994933
ptAge,MC,cMC_CR1,1.607820757
ptAge,MC,cMC_CRTC2,3.045560545
ptAge,MC,cMC_CRYBB2,25.07813563
ptAge,MC,cMC_CST7,-1.214191938
ptAge,MC,cMC_CTNND1,-0.068106218
ptAge,MC,cMC_CYB5B,-1.125871903
ptAge,MC,cMC_CYP3A43,8.065222094
ptAge,MC,cMC_CYP51A1-AS1,32.22379211
ptAge,MC,cMC_CYP7B1,0.658362149
ptAge,MC,cMC_DACT3-AS1,2.605025395
ptAge,MC,cMC_DDI2,-0.534419072
ptAge,MC,cMC_DDX49,5.187608777
ptAge,MC,cMC_DGKI,-0.27182138
ptAge,MC,cMC_DHRS4-AS1,-5.221151613
ptAge,MC,cMC_DHX33,2.237450383
ptAge,MC,cMC_DHX58,2.66699239
ptAge,MC,cMC_DLL1,6.243293296
ptAge,MC,cMC_DNAH10,-4.697478813
ptAge,MC,cMC_DNAH10OS,10.92995189
ptAge,MC,cMC_DNAJC10,-1.775496215
ptAge,MC,cMC_DNPH1,0.229914492
ptAge,MC,cMC_DUSP22,1.287541127
ptAge,MC,cMC_DZIP1L,10.42050732
ptAge,MC,cMC_EAF1,0.59846002
ptAge,MC,cMC_EARS2,-1.708346638
ptAge,MC,cMC_EDF1,0.856721246
ptAge,MC,cMC_EFCAB14,1.52477966
ptAge,MC,cMC_ENTPD7,1.081341356
ptAge,MC,cMC_EPAS1,10.81427521
ptAge,MC,cMC_ERRFI1,25.99401256
ptAge,MC,cMC_ESYT3,19.40893466
ptAge,MC,cMC_EXO5,-2.576222322
ptAge,MC,cMC_FAM114A2,1.549867277
ptAge,MC,cMC_FAM76A,1.767854677
ptAge,MC,cMC_FAM86B1,0.266310962
ptAge,MC,cMC_FAM9B,-23.3382562
ptAge,MC,cMC_FANCB,1.566443126
ptAge,MC,cMC_FCGR1A,9.148036817
ptAge,MC,cMC_FFAR3,2.042667984
ptAge,MC,cMC_FOXJ2,1.109496208
ptAge,MC,cMC_FRAT1,-1.108323099
ptAge,MC,cMC_FRMD3,0.303579014
ptAge,MC,cMC_FRMD6,14.55869541
ptAge,MC,cMC_FSTL4,20.99191145
ptAge,MC,cMC_GABRR1,0.430721607
ptAge,MC,cMC_GAN,1.056022907
ptAge,MC,cMC_GBP4,-3.726411617
ptAge,MC,cMC_GK,0.510449093
ptAge,MC,cMC_GNB5,-2.193853523
ptAge,MC,cMC_GNG11,10.83299024
ptAge,MC,cMC_GNPDA1,0.401966987
ptAge,MC,cMC_GOLGA8O,6.489559675
ptAge,MC,cMC_GORASP1,1.718237896
ptAge,MC,cMC_GPR65,0.721879653
ptAge,MC,cMC_GPRC5D,8.178429113
ptAge,MC,cMC_GPX4,1.326275638
ptAge,MC,cMC_GRID1,-1.448998364
ptAge,MC,cMC_GRID2,-1.677295671
ptAge,MC,cMC_GRM2,91.78977043
ptAge,MC,cMC_GYG1,1.618158955
ptAge,MC,cMC_HAGHL,-2.46154509
ptAge,MC,cMC_HCG9,-231.4749326
ptAge,MC,cMC_HDAC9,-0.390817896
ptAge,MC,cMC_HDHD5-AS1,12.17896926
ptAge,MC,cMC_HDX,0.432790291
ptAge,MC,cMC_HEBP1,3.109260184
ptAge,MC,cMC_HIGD1B,11.78724262
ptAge,MC,cMC_HIST1H2AB,-0.022119487
ptAge,MC,cMC_HIVEP3,-1.032885595
ptAge,MC,cMC_HK2,0.632058897
ptAge,MC,cMC_HORMAD1,3.628735822
ptAge,MC,cMC_HTATIP2,5.844681342
ptAge,MC,cMC_IFI44L,0.136438507
ptAge,MC,cMC_IFITM1,0.193699449
ptAge,MC,cMC_IFNK,7.90389996
ptAge,MC,cMC_IGFBP3,2.092360651
ptAge,MC,cMC_IGFBP7-AS1,30.71908485
ptAge,MC,cMC_IGKV1-9,15.48713222
ptAge,MC,cMC_IGKV2D-29,19.98534967
ptAge,MC,cMC_IGLV10-54,12.36130293
ptAge,MC,cMC_IGLV2-23,15.05281677
ptAge,MC,cMC_IL6R,-0.224397102
ptAge,MC,cMC_INA,8.270376697
ptAge,MC,cMC_INO80-AS1,7.230479486
ptAge,MC,cMC_ISCU,3.049205353
ptAge,MC,cMC_ITM2A,-0.978073188
ptAge,MC,cMC_KANK3,-5.915645543
ptAge,MC,cMC_KCNQ1,-0.104802049
ptAge,MC,cMC_KCTD11,8.634345474
ptAge,MC,cMC_KCTD21-AS1,-8.745497103
ptAge,MC,cMC_KDM2A,-0.763950095
ptAge,MC,cMC_KHDRBS2,1.097578263
ptAge,MC,cMC_KIF2C,4.52153534
ptAge,MC,cMC_KRTAP5-AS1,19.46832824
ptAge,MC,cMC_LAG3,-4.510671259
ptAge,MC,cMC_LAMB1,42.08499351
ptAge,MC,cMC_LAMP2,0.881909058
ptAge,MC,cMC_LCA5L,10.76169711
ptAge,MC,cMC_LEMD2,-1.509238234
ptAge,MC,cMC_LINC00240,59.48005454
ptAge,MC,cMC_LINC00276,45.24151261
ptAge,MC,cMC_LINC00471,2.682876985
ptAge,MC,cMC_LINC00487,45.90555533
ptAge,MC,cMC_LINC00609,248.2563054
ptAge,MC,cMC_LINC00624,-24.87903537
ptAge,MC,cMC_LINC00658,-7.744304574
ptAge,MC,cMC_LINC00862,0.543689746
ptAge,MC,cMC_LINC00871,75.87253345
ptAge,MC,cMC_LINC01252,-4.598090552
ptAge,MC,cMC_LINC01474,27.95385062
ptAge,MC,cMC_LINC01579,48.02155424
ptAge,MC,cMC_LINC01588,1.015128089
ptAge,MC,cMC_LINC01736,35.05467194
ptAge,MC,cMC_LINC01842,-3.590847614
ptAge,MC,cMC_LINC02022,7.40384132
ptAge,MC,cMC_LINC02033,14.76897123
ptAge,MC,cMC_LINC02223,-7.285091042
ptAge,MC,cMC_LINC02274,13.94269836
ptAge,MC,cMC_LINC02288,10.1291143
ptAge,MC,cMC_LINC02389,18.9872624
ptAge,MC,cMC_LINC02541,5.955422544
ptAge,MC,cMC_LMAN1L,-3.655277625
ptAge,MC,cMC_LMNB1,0.355469452
ptAge,MC,cMC_LMNB2,0.939250063
ptAge,MC,cMC_LRPAP1,0.766391554
ptAge,MC,cMC_LRRC39,25.97794223
ptAge,MC,cMC_LRRC70,9.45990411
ptAge,MC,cMC_LRRC74A,-0.233949208
ptAge,MC,cMC_LRRC8A,5.21798792
ptAge,MC,cMC_LRRTM4,4.245831564
ptAge,MC,cMC_LTC4S,-1.053407028
ptAge,MC,cMC_LZTS3,2.495829885
ptAge,MC,cMC_MAFG,0.957406741
ptAge,MC,cMC_MAGI3,-0.820174818
ptAge,MC,cMC_MAK,1.309371504
ptAge,MC,cMC_MANBA,0.258519288
ptAge,MC,cMC_MAP3K20-AS1,12.84843607
ptAge,MC,cMC_MAST2,-1.199842663
ptAge,MC,cMC_MBOAT2,0.908820688
ptAge,MC,cMC_MCFD2,0.493398855
ptAge,MC,cMC_MCHR2,33.37831181
ptAge,MC,cMC_MCOLN2,-0.293735921
ptAge,MC,cMC_METTL2B,3.22714789
ptAge,MC,cMC_MGAT3,11.56062689
ptAge,MC,cMC_MIPOL1,-8.646179025
ptAge,MC,cMC_MITD1,2.426163117
ptAge,MC,cMC_MLH1,1.484189072
ptAge,MC,cMC_MMRN2,4.256201233
ptAge,MC,cMC_MOAP1,15.88855052
ptAge,MC,cMC_MS4A5,17.81916998
ptAge,MC,cMC_MSRB1,-3.455680534
ptAge,MC,cMC_MT2A,1.18692917
ptAge,MC,cMC_MTHFD1,-2.595978932
ptAge,MC,cMC_MTMR9,0.567097652
ptAge,MC,cMC_MYO16,30.26643616
ptAge,MC,cMC_MYRIP,14.97552715
ptAge,MC,cMC_N4BP2L1,1.214008369
ptAge,MC,cMC_NADSYN1,0.006077465
ptAge,MC,cMC_NALT1,-20.69036261
ptAge,MC,cMC_NAT14,1.4326938
ptAge,MC,cMC_NDUFAF6,1.504911333
ptAge,MC,cMC_NLRP7,22.77228378
ptAge,MC,cMC_NMNAT3,1.654045495
ptAge,MC,cMC_NNMT,10.23795785
ptAge,MC,cMC_NPTN,0.033402379
ptAge,MC,cMC_NR5A1,-45.28068019
ptAge,MC,cMC_NRG4,19.74271118
ptAge,MC,cMC_NRIP2,12.31152083
ptAge,MC,cMC_NUDT18,-8.299127966
ptAge,MC,cMC_NVL,0.424014844
ptAge,MC,cMC_ODF2-AS1,20.06452791
ptAge,MC,cMC_OLIG1,1.741092202
ptAge,MC,cMC_ORAI3,1.665872117
ptAge,MC,cMC_OSBPL10,1.61171405
ptAge,MC,cMC_PALD1,-0.850035609
ptAge,MC,cMC_PAMR1,15.05731108
ptAge,MC,cMC_PAPPA2,-18.21850345
ptAge,MC,cMC_PARS2,18.96312071
ptAge,MC,cMC_PCDH12,28.86902859
ptAge,MC,cMC_PDLIM5,0.661925943
ptAge,MC,cMC_PDXP,197.0493724
ptAge,MC,cMC_PIGB,1.996653771
ptAge,MC,cMC_PIGC,1.282688368
ptAge,MC,cMC_PKD1L3,13.37630604
ptAge,MC,cMC_PLD1,0.896282536
ptAge,MC,cMC_PLD5,5.004800408
ptAge,MC,cMC_PLEKHA3,-0.074043964
ptAge,MC,cMC_POC1A,0.227574362
ptAge,MC,cMC_PPP1R35,27.80356331
ptAge,MC,cMC_PRMT5-AS1,22.52975004
ptAge,MC,cMC_PRMT6,14.93582707
ptAge,MC,cMC_PROSER1,-0.132141804
ptAge,MC,cMC_PROZ,62.94471926
ptAge,MC,cMC_PRR34,14.24439749
ptAge,MC,cMC_PRRG4,2.768494586
ptAge,MC,cMC_PTPN4,1.438039218
ptAge,MC,cMC_PUF60,-0.375487472
ptAge,MC,cMC_PVRIG,48.18389757
ptAge,MC,cMC_PYGL,0.55044184
ptAge,MC,cMC_QPCT,2.900868392
ptAge,MC,cMC_RAB15,7.640977721
ptAge,MC,cMC_RAB24,0.345812274
ptAge,MC,cMC_RAB30,-0.599857564
ptAge,MC,cMC_RAB39A,1.709401461
ptAge,MC,cMC_RAB3A,-0.191145442
ptAge,MC,cMC_RAB40C,-0.732497177
ptAge,MC,cMC_RASSF1-AS1,9.94550285
ptAge,MC,cMC_RBM15B,0.730121732
ptAge,MC,cMC_RC3H1,0.121524758
ptAge,MC,cMC_RDH11,0.679907244
ptAge,MC,cMC_RECQL,1.456662803
ptAge,MC,cMC_REELD1,7.920988903
ptAge,MC,cMC_RFC5,10.33159838
ptAge,MC,cMC_RFLNA,-48.05939474
ptAge,MC,cMC_RGMB,30.33165335
ptAge,MC,cMC_RGSL1,-14.90985193
ptAge,MC,cMC_RILP,7.085982
ptAge,MC,cMC_RIN1,1.371564643
ptAge,MC,cMC_RIPK4,0.577077863
ptAge,MC,cMC_RIT1,0.583491433
ptAge,MC,cMC_RMRP,1.590581536
ptAge,MC,cMC_RND1,-5.610568154
ptAge,MC,cMC_RNF185,2.50396416
ptAge,MC,cMC_RNLS,1.755662821
ptAge,MC,cMC_RPL17-C18orf32,253.916446
ptAge,MC,cMC_RPL37A,0.464050097
ptAge,MC,cMC_RPL39,0.081728926
ptAge,MC,cMC_RPP25,32.46616583
ptAge,MC,cMC_RTTN,1.619577619
ptAge,MC,cMC_S100A8,0.174039437
ptAge,MC,cMC_SAP30,1.455917699
ptAge,MC,cMC_SCN1B,25.60779514
ptAge,MC,cMC_SCN3A,25.54416304
ptAge,MC,cMC_SCN8A,-5.332481717
ptAge,MC,cMC_SDCBP,0.158528345
ptAge,MC,cMC_SEC11A,0.358315718
ptAge,MC,cMC_SEC24D,0.582698983
ptAge,MC,cMC_SEMA6A,-7.115557571
ptAge,MC,cMC_SEMA6B,10.74508774
ptAge,MC,cMC_SENP3-EIF4A1,-71.6652217
ptAge,MC,cMC_SERP1,0.121038411
ptAge,MC,cMC_SERPINB7,-5.963022082
ptAge,MC,cMC_SHISA8,308.3846316
ptAge,MC,cMC_SLC12A1,20.63350132
ptAge,MC,cMC_SLC23A3,34.56665879
ptAge,MC,cMC_SLC25A25-AS1,-0.110631224
ptAge,MC,cMC_SLC41A2,-1.077423475
ptAge,MC,cMC_SLC6A8,-56.41494004
ptAge,MC,cMC_SLITRK4,-3.765814793
ptAge,MC,cMC_SMCO2,20.67449941
ptAge,MC,cMC_SMIM29,6.959175854
ptAge,MC,cMC_SMIM35,-2.51940467
ptAge,MC,cMC_SNAPC4,2.714195725
ptAge,MC,cMC_SNX20,-0.870321072
ptAge,MC,cMC_SORCS2,1.551733561
ptAge,MC,cMC_SOX10,340.6357393
ptAge,MC,cMC_SOX15,-8.155925853
ptAge,MC,cMC_SOX4,-1.099882204
ptAge,MC,cMC_SPATA13-AS1,19.90805157
ptAge,MC,cMC_SPTA1,69.99179855
ptAge,MC,cMC_SRF,2.67023455
ptAge,MC,cMC_SSBP3,-0.142592363
ptAge,MC,cMC_SSPN,22.37845619
ptAge,MC,cMC_STAB2,18.76795122
ptAge,MC,cMC_STAM,0.15385241
ptAge,MC,cMC_STAP2,-49.66105234
ptAge,MC,cMC_STAT1,0.107730017
ptAge,MC,cMC_STBD1,27.46571723
ptAge,MC,cMC_STK32B,2.808648527
ptAge,MC,cMC_STX1A,7.163864431
ptAge,MC,cMC_STX6,0.169113927
ptAge,MC,cMC_SUCLG2,0.129336334
ptAge,MC,cMC_SUV39H1,-14.80670533
ptAge,MC,cMC_SWAP70,0.566372104
ptAge,MC,cMC_SYNDIG1L,-1.181001326
ptAge,MC,cMC_SYP,-0.608374783
ptAge,MC,cMC_TAS2R43,84.73171463
ptAge,MC,cMC_TBC1D22B,1.520309704
ptAge,MC,cMC_TBC1D3C,15.39320324
ptAge,MC,cMC_TCEAL1,18.59821822
ptAge,MC,cMC_TFEC,0.985916232
ptAge,MC,cMC_TG,0.511485871
ptAge,MC,cMC_TGFB1I1,11.98178517
ptAge,MC,cMC_THOC7,2.79097047
ptAge,MC,cMC_TIFAB,-0.514860809
ptAge,MC,cMC_TLE3,0.777752513
ptAge,MC,cMC_TM4SF19-AS1,4.990941036
ptAge,MC,cMC_TMED5,-0.472603394
ptAge,MC,cMC_TMEM17,-12.01468404
ptAge,MC,cMC_TMEM175,1.407353764
ptAge,MC,cMC_TMEM191C,1.883325734
ptAge,MC,cMC_TMEM45A,-0.320190187
ptAge,MC,cMC_TNR,9.862032607
ptAge,MC,cMC_TPTE2,7.810079748
ptAge,MC,cMC_TRAF7,1.081303298
ptAge,MC,cMC_TRAJ20,11.66949356
ptAge,MC,cMC_TRAV13-1,9.870731552
ptAge,MC,cMC_TRAV26-2,9.432670503
ptAge,MC,cMC_TRBV6-5,-8.409730872
ptAge,MC,cMC_TRBV7-3,17.03147036
ptAge,MC,cMC_TRH,19.62577695
ptAge,MC,cMC_TRIL,30.20644215
ptAge,MC,cMC_TRIO,-0.5167682
ptAge,MC,cMC_TSGA10,-2.0839999
ptAge,MC,cMC_TTC17,-0.452543285
ptAge,MC,cMC_TTN,0.349382847
ptAge,MC,cMC_TYROBP,0.319205343
ptAge,MC,cMC_UBE2D1,1.122797905
ptAge,MC,cMC_UBE2F,2.413355962
ptAge,MC,cMC_UGT3A2,20.36867486
ptAge,MC,cMC_UPK2,-2.33103757
ptAge,MC,cMC_USP44,9.08776294
ptAge,MC,cMC_VAMP4,0.497894365
ptAge,MC,cMC_VARS2,5.003387989
ptAge,MC,cMC_VOPP1,-0.377612302
ptAge,MC,cMC_VPS33B,8.993943723
ptAge,MC,cMC_VTI1B,0.031642744
ptAge,MC,cMC_ZAR1L,0.200510895
ptAge,MC,cMC_ZBTB4,-0.081816026
ptAge,MC,cMC_ZBTB46,-0.131803009
ptAge,MC,cMC_ZC3H14,0.164651721
ptAge,MC,cMC_ZDHHC4,13.60099678
ptAge,MC,cMC_ZEB1,-1.080241138
ptAge,MC,cMC_ZGPAT,-0.604360391
ptAge,MC,cMC_ZKSCAN8,4.521051815
ptAge,MC,cMC_ZMYND19,2.225320696
ptAge,MC,cMC_ZNF223,1.520204201
ptAge,MC,cMC_ZNF226,0.323735896
ptAge,MC,cMC_ZNF316,-0.153577302
ptAge,MC,cMC_ZNF385D-AS1,3.466637812
ptAge,MC,cMC_ZNF404,94.64454238
ptAge,MC,cMC_ZNF436-AS1,4.641241083
ptAge,MC,cMC_ZNF850,-0.239077786
ptAge,MC,gender,0.107097554
ptAge,MC,nMC,0.223270252
ptAge,MC,nMC_AATF,1.509757485
ptAge,MC,nMC_ABCB10,1.50990041
ptAge,MC,nMC_ABCF2,-22.00854416
ptAge,MC,nMC_ABHD12,0.41630428
ptAge,MC,nMC_ABO,-1.852814675
ptAge,MC,nMC_ABRA,-315.6515699
ptAge,MC,nMC_ACE,14.28438039
ptAge,MC,nMC_ACTN1,-0.708158676
ptAge,MC,nMC_ACTR5,2.241964577
ptAge,MC,nMC_ADAM11,14.6352697
ptAge,MC,nMC_ADAMTS10,-9.093024383
ptAge,MC,nMC_ADGRA3,-6.17470827
ptAge,MC,nMC_ADGRB1,8.840224869
ptAge,MC,nMC_AFF2,-2.948373873
ptAge,MC,nMC_AGR2,19.10246627
ptAge,MC,nMC_AIM2,0.1906591
ptAge,MC,nMC_ALDH5A1,-10.62492176
ptAge,MC,nMC_AMHR2,169.2142294
ptAge,MC,nMC_AMIGO2,-0.565300806
ptAge,MC,nMC_AMMECR1L,0.956682978
ptAge,MC,nMC_ANAPC11,11.17461984
ptAge,MC,nMC_ANKHD1,0.206260081
ptAge,MC,nMC_ANKRD31,-2.565813057
ptAge,MC,nMC_ANKRD36B,-0.660827606
ptAge,MC,nMC_ANKRD39,-1.769202493
ptAge,MC,nMC_ANKZF1,-2.575333331
ptAge,MC,nMC_ANXA9,-6.667137869
ptAge,MC,nMC_APCDD1,35.7249155
ptAge,MC,nMC_AQP9,0.880185051
ptAge,MC,nMC_ARHGAP19,4.558174873
ptAge,MC,nMC_ARHGAP29,3.450163242
ptAge,MC,nMC_ARL9,-3.99930252
ptAge,MC,nMC_ARMC3,118.4723452
ptAge,MC,nMC_ART3,2.679421495
ptAge,MC,nMC_ASPM,41.28484346
ptAge,MC,nMC_ATOH8,-19.4160642
ptAge,MC,nMC_ATP10A,-0.517202936
ptAge,MC,nMC_ATP2C1,-0.464591608
ptAge,MC,nMC_AVL9,0.168893242
ptAge,MC,nMC_AZI2,0.607433996
ptAge,MC,nMC_B9D1,0.665393841
ptAge,MC,nMC_BAALC,32.86554745
ptAge,MC,nMC_BAALC-AS2,-89.59006614
ptAge,MC,nMC_BACH2,-0.116186513
ptAge,MC,nMC_BCL2L11,0.459065549
ptAge,MC,nMC_BCL7A,-4.473069746
ptAge,MC,nMC_BEND7,137.2943083
ptAge,MC,nMC_BGLAP,-30.44826948
ptAge,MC,nMC_BORCS7,2.541098149
ptAge,MC,nMC_BTG1,-0.033901722
ptAge,MC,nMC_C14orf39,-59.65651132
ptAge,MC,nMC_C15orf61,6.828912407
ptAge,MC,nMC_C1orf141,27.47291575
ptAge,MC,nMC_C3orf62,1.601572208
ptAge,MC,nMC_C4orf36,5.212988694
ptAge,MC,nMC_C5orf15,0.549538609
ptAge,MC,nMC_CABCOCO1,86.13353557
ptAge,MC,nMC_CACHD1,-16.78128307
ptAge,MC,nMC_CACNA2D3,-0.467344522
ptAge,MC,nMC_CAMK2N1,-9.173012179
ptAge,MC,nMC_CAMTA1-DT,21.96099957
ptAge,MC,nMC_CAPN2,0.746712182
ptAge,MC,nMC_CAPNS1,0.636579375
ptAge,MC,nMC_CCDC144NL,-34.92902047
ptAge,MC,nMC_CCDC149,3.86545548
ptAge,MC,nMC_CCDC167,-1.144935615
ptAge,MC,nMC_CCDC17,11.109745
ptAge,MC,nMC_CCDC30,1.558719574
ptAge,MC,nMC_CCDC39,19.51065227
ptAge,MC,nMC_CCDC9B,-4.542666718
ptAge,MC,nMC_CCL28,-0.690966706
ptAge,MC,nMC_CCR7,-0.842183381
ptAge,MC,nMC_CD3G,-0.255087281
ptAge,MC,nMC_CD6,-0.694831962
ptAge,MC,nMC_CD80,11.81068647
ptAge,MC,nMC_CDHR1,22.5803531
ptAge,MC,nMC_CDK7,1.843215222
ptAge,MC,nMC_CDKN1C,1.629922488
ptAge,MC,nMC_CDYL,-0.375806803
ptAge,MC,nMC_CEBPA-DT,96.91193943
ptAge,MC,nMC_CENPE,0.754272028
ptAge,MC,nMC_CFAP61,23.60598971
ptAge,MC,nMC_CFTR,42.98730804
ptAge,MC,nMC_CIAPIN1,-2.44789838
ptAge,MC,nMC_CITED4,-34.40632493
ptAge,MC,nMC_CLDN4,0.917476225
ptAge,MC,nMC_CLIP1-AS1,-37.55541232
ptAge,MC,nMC_CLN5,3.114779832
ptAge,MC,nMC_CLRN3,15.05999432
ptAge,MC,nMC_CMTM7,-0.953395104
ptAge,MC,nMC_CMTM8,-1.749676218
ptAge,MC,nMC_CNDP1,-6.586270435
ptAge,MC,nMC_CNFN,188.3225079
ptAge,MC,nMC_CNST,-0.680674619
ptAge,MC,nMC_CNTN1,289.5865235
ptAge,MC,nMC_COCH,-37.95803562
ptAge,MC,nMC_COL18A1,-4.809748227
ptAge,MC,nMC_CORO1A,-0.771382035
ptAge,MC,nMC_CPB2-AS1,46.7770899
ptAge,MC,nMC_CR2,-11.64259573
ptAge,MC,nMC_CRY1,0.380959506
ptAge,MC,nMC_CRYBG3,0.536809503
ptAge,MC,nMC_CSMD1,10.126218099999999
ptAge,MC,nMC_CUL7,7.727871617
ptAge,MC,nMC_CYP2S1,-4.865036981
ptAge,MC,nMC_CYTH1,-0.022639504
ptAge,MC,nMC_DBNDD1,117.7956859
ptAge,MC,nMC_DCDC2B,34.18507236
ptAge,MC,nMC_DEPDC7,-1.228166457
ptAge,MC,nMC_DIO2,-47.95742785
ptAge,MC,nMC_DIXDC1,-7.399011255
ptAge,MC,nMC_DLGAP2,2.032937658
ptAge,MC,nMC_DLL1,31.98280327
ptAge,MC,nMC_DLL3,24.50359307
ptAge,MC,nMC_DNAJA1,-0.071610539
ptAge,MC,nMC_DOCK1,-2.821379265
ptAge,MC,nMC_DOCK10,-0.122303758
ptAge,MC,nMC_DOCK4-AS1,39.08324578
ptAge,MC,nMC_DPM1,0.179462816
ptAge,MC,nMC_DPY19L2,-13.52682103
ptAge,MC,nMC_DRAM1,0.425701941
ptAge,MC,nMC_DTNB,-1.654587051
ptAge,MC,nMC_DUOX2,8.735080628
ptAge,MC,nMC_ECHDC3,-6.543193693
ptAge,MC,nMC_ECI1,-1.528691038
ptAge,MC,nMC_EEF1A1,-0.886501409
ptAge,MC,nMC_EEF1AKMT4,40.1508211
ptAge,MC,nMC_EEF1G,-1.446955126
ptAge,MC,nMC_EFCAB11,0.676389506
ptAge,MC,nMC_EFL1,2.062626375
ptAge,MC,nMC_EGR4,56.59515592
ptAge,MC,nMC_EHD4,0.053257489
ptAge,MC,nMC_EIPR1,1.156672381
ptAge,MC,nMC_EPGN,83.21155696
ptAge,MC,nMC_ERCC6,0.829892655
ptAge,MC,nMC_ERI1,1.373419819
ptAge,MC,nMC_ERP44,0.478647757
ptAge,MC,nMC_ETV2,30.1580041
ptAge,MC,nMC_EVL,-0.471532897
ptAge,MC,nMC_EXPH5,-1.210363112
ptAge,MC,nMC_EXTL3,1.552141041
ptAge,MC,nMC_EYA2,45.98288043
ptAge,MC,nMC_FADS3,-1.986842874
ptAge,MC,nMC_FAM162A,2.047718108
ptAge,MC,nMC_FAM171A1,-1.603912948
ptAge,MC,nMC_FAM223A,80.68894266
ptAge,MC,nMC_FAM89A,23.1938192
ptAge,MC,nMC_FAR1,0.134248017
ptAge,MC,nMC_FARP2,0.721105397
ptAge,MC,nMC_FGFR2,42.81227979
ptAge,MC,nMC_FGFR4,35.95041751
ptAge,MC,nMC_FHAD1,24.3920663
ptAge,MC,nMC_FKTN,-0.422808385
ptAge,MC,nMC_FLRT1,6.292145073
ptAge,MC,nMC_FOXD4L3,68.44867041
ptAge,MC,nMC_FOXN2,0.349555925
ptAge,MC,nMC_FOXP4-AS1,36.45889742
ptAge,MC,nMC_FSTL5,25.07627776
ptAge,MC,nMC_FUT8-AS1,0.59949813
ptAge,MC,nMC_FXYD7,-6.628555367
ptAge,MC,nMC_G3BP2,-1.446379479
ptAge,MC,nMC_GABPB1-AS1,-2.502792733
ptAge,MC,nMC_GABRA2,31.9864519
ptAge,MC,nMC_GATM,7.886106884
ptAge,MC,nMC_GBP6,92.51504646
ptAge,MC,nMC_GDAP2,0.439313368
ptAge,MC,nMC_GLIS3,-0.863302091
ptAge,MC,nMC_GNAZ,48.42837847
ptAge,MC,nMC_GNB1L,-7.07401074
ptAge,MC,nMC_GNG12-AS1,249.9555932
ptAge,MC,nMC_GOLGA8K,-5.437059473
ptAge,MC,nMC_GPLD1,-0.884986005
ptAge,MC,nMC_GPR162,5.134497606
ptAge,MC,nMC_GPR183,-0.620245866
ptAge,MC,nMC_GPR20,1.309149016
ptAge,MC,nMC_GRM7,21.43291833
ptAge,MC,nMC_GYPA,64.30099204
ptAge,MC,nMC_HACE1,-0.392575069
ptAge,MC,nMC_HAND2-AS1,47.50341847
ptAge,MC,nMC_HAR1B,18.96211324
ptAge,MC,nMC_HCRTR1,54.665929
ptAge,MC,nMC_HDDC3,6.910123181
ptAge,MC,nMC_HES4,1.576589288
ptAge,MC,nMC_HEXIM1,4.400258217
ptAge,MC,nMC_HGSNAT,0.939970734
ptAge,MC,nMC_HILPDA,7.712949887
ptAge,MC,nMC_HIST1H3A,2.088525047
ptAge,MC,nMC_HIST1H3F,2.396099253
ptAge,MC,nMC_HIST3H2A,5.218472044
ptAge,MC,nMC_HLA-DQB2,66.70694142
ptAge,MC,nMC_HR,43.38919682
ptAge,MC,nMC_HSBP1L1,-2.350808956
ptAge,MC,nMC_HSCB,-2.284573934
ptAge,MC,nMC_HSD17B10,1.662525987
ptAge,MC,nMC_HSF5,-3.102685566
ptAge,MC,nMC_HYOU1,0.890707946
ptAge,MC,nMC_IFITM10,113.2732533
ptAge,MC,nMC_IFT43,1.336699281
ptAge,MC,nMC_IGF1R,-0.061814791
ptAge,MC,nMC_IGHE,-65.22448851
ptAge,MC,nMC_IGKV1-8,14.66108185
ptAge,MC,nMC_IGKV1OR1-1,7.115201254
ptAge,MC,nMC_IGLL5,-34.74801133
ptAge,MC,nMC_IGLV2-8,2.860463444
ptAge,MC,nMC_IL12RB1,3.346963122
ptAge,MC,nMC_ILDR1,21.62030578
ptAge,MC,nMC_ILDR2,3.767532703
ptAge,MC,nMC_INHBA-AS1,14.41782394
ptAge,MC,nMC_ISM2,108.2041305
ptAge,MC,nMC_ITGB5,20.39207011
ptAge,MC,nMC_JAG1,3.606988522
ptAge,MC,nMC_KALRN,-0.188492335
ptAge,MC,nMC_KAT2B,-0.21919582
ptAge,MC,nMC_KAT5,-0.883720982
ptAge,MC,nMC_KCNE4,36.60527359
ptAge,MC,nMC_KCNRG,145.504488
ptAge,MC,nMC_KCTD9,3.357782999
ptAge,MC,nMC_KDF1,30.41974022
ptAge,MC,nMC_KDM5B,-1.280314967
ptAge,MC,nMC_KIAA1549L,-27.84407579
ptAge,MC,nMC_KIF2A,-0.436967529
ptAge,MC,nMC_KLF15,27.76847663
ptAge,MC,nMC_KLHL13,-1.085848833
ptAge,MC,nMC_KLHL21,1.656905475
ptAge,MC,nMC_KLHL28,-0.520056076
ptAge,MC,nMC_KLRC4-KLRK1,-0.824026874
ptAge,MC,nMC_KLRG1,-0.883675811
ptAge,MC,nMC_KNDC1,0.060913136
ptAge,MC,nMC_KPNA1,-0.357751505
ptAge,MC,nMC_LAG3,-9.790259539
ptAge,MC,nMC_LCK,-0.090503061
ptAge,MC,nMC_LCLAT1,-0.427894682
ptAge,MC,nMC_LEPROTL1,-1.795239173
ptAge,MC,nMC_LGALS3,0.099641789
ptAge,MC,nMC_LHX2,36.87830012
ptAge,MC,nMC_LHX4,0.898198765
ptAge,MC,nMC_LILRA6,16.36893258
ptAge,MC,nMC_LILRB2,0.189611471
ptAge,MC,nMC_LIMS2,47.42581677
ptAge,MC,nMC_LINC00529,18.78221854
ptAge,MC,nMC_LINC00624,24.78060896
ptAge,MC,nMC_LINC00698,46.68178521
ptAge,MC,nMC_LINC00880,-2.005813574
ptAge,MC,nMC_LINC01132,-25.88925708
ptAge,MC,nMC_LINC01234,13.38791664
ptAge,MC,nMC_LINC01252,-1.655001426
ptAge,MC,nMC_LINC01259,-3.252001015
ptAge,MC,nMC_LINC01535,13.93338775
ptAge,MC,nMC_LINC01537,103.9782241
ptAge,MC,nMC_LINC01550,-1.45794053
ptAge,MC,nMC_LINC01554,28.71816802
ptAge,MC,nMC_LINC01678,-7.479524593
ptAge,MC,nMC_LINC01708,0.65024195
ptAge,MC,nMC_LINC01725,-2.336935109
ptAge,MC,nMC_LINC01730,-8.205709086
ptAge,MC,nMC_LINC01762,0.553718509
ptAge,MC,nMC_LINC01798,80.57093309
ptAge,MC,nMC_LINC01852,4.533756342
ptAge,MC,nMC_LINC01899,52.7637847
ptAge,MC,nMC_LINC01933,7.041817167
ptAge,MC,nMC_LINC01970,8.974460844
ptAge,MC,nMC_LINC02029,42.16199778
ptAge,MC,nMC_LINC02057,22.07973984
ptAge,MC,nMC_LINC02161,8.919552618
ptAge,MC,nMC_LINC02226,12.99548607
ptAge,MC,nMC_LINC02241,-3.948651086
ptAge,MC,nMC_LINC02274,64.96563588
ptAge,MC,nMC_LINC02327,19.6522608
ptAge,MC,nMC_LINC02356,3.336111964
ptAge,MC,nMC_LINC02408,-4.052165398
ptAge,MC,nMC_LINC02432,0.099428504
ptAge,MC,nMC_LINC02502,110.2935595
ptAge,MC,nMC_LINC02539,11.72820287
ptAge,MC,nMC_LMNB1,-0.516350317
ptAge,MC,nMC_LOXL3,0.22365844
ptAge,MC,nMC_LRP1,0.017628749
ptAge,MC,nMC_LRP4-AS1,136.3272453
ptAge,MC,nMC_LRRC24,29.08787777
ptAge,MC,nMC_LRRC7,-5.603238025
ptAge,MC,nMC_LRRK1,1.141860427
ptAge,MC,nMC_LRRN3,-4.856369825
ptAge,MC,nMC_LST1,0.255158853
ptAge,MC,nMC_LTK,-33.85640188
ptAge,MC,nMC_LTV1,-2.887979353
ptAge,MC,nMC_LYPD6B,-6.114477058
ptAge,MC,nMC_LYPD8,82.35827004
ptAge,MC,nMC_M1AP,3.645315451
ptAge,MC,nMC_MAEL,57.40719655
ptAge,MC,nMC_MALSU1,-1.51195846
ptAge,MC,nMC_MAML1,-0.228574903
ptAge,MC,nMC_MAML2,-0.209713548
ptAge,MC,nMC_MAMLD1,10.85236505
ptAge,MC,nMC_MAN1A1,0.439147747
ptAge,MC,nMC_MAPK12,-12.65793869
ptAge,MC,nMC_MBD3L1,-14.43091732
ptAge,MC,nMC_MED20,0.931047611
ptAge,MC,nMC_MED31,5.641119665
ptAge,MC,nMC_METAP1D,-0.058167511
ptAge,MC,nMC_MFHAS1,-1.621029474
ptAge,MC,nMC_MFSD12,3.268713198
ptAge,MC,nMC_MGME1,0.27009366
ptAge,MC,nMC_MIS18A,-2.726349736
ptAge,MC,nMC_MKRN3,-0.979673625
ptAge,MC,nMC_MMAB,-5.527254139
ptAge,MC,nMC_MMP24,-0.019981802
ptAge,MC,nMC_MNDA,0.552984444
ptAge,MC,nMC_MR1,2.338972171
ptAge,MC,nMC_MRM2,1.575741427
ptAge,MC,nMC_MRPL11,3.605392764
ptAge,MC,nMC_MRPS10,-3.437732378
ptAge,MC,nMC_MRPS12,9.586639177
ptAge,MC,nMC_MSANTD1,3.445618386
ptAge,MC,nMC_MSC-AS1,3.070176221
ptAge,MC,nMC_MSR1,2.272744007
ptAge,MC,nMC_MTA3,-1.082134278
ptAge,MC,nMC_MTAP,-1.915478096
ptAge,MC,nMC_MTMR1,-2.18823303
ptAge,MC,nMC_MTX3,-0.922887318
ptAge,MC,nMC_MUC19,-2324.089394
ptAge,MC,nMC_MYO7B,6.856419391
ptAge,MC,nMC_MYO9A,-1.874788188
ptAge,MC,nMC_MYOCOS,-9.145231953
ptAge,MC,nMC_MYRFL,-2.413555169
ptAge,MC,nMC_NAA25,-0.694737963
ptAge,MC,nMC_NCF1,1.019019252
ptAge,MC,nMC_NDFIP2,-0.77284007
ptAge,MC,nMC_NDRG1,2.148081685
ptAge,MC,nMC_NGEF,118.9908119
ptAge,MC,nMC_NKPD1,-31.23284727
ptAge,MC,nMC_NLK,-0.606320193
ptAge,MC,nMC_NOD2,2.040704717
ptAge,MC,nMC_NPM1,-2.174271707
ptAge,MC,nMC_NRAV,26.37652055
ptAge,MC,nMC_NRCAM,-2.03299993
ptAge,MC,nMC_NRIR,0.641208986
ptAge,MC,nMC_NRXN2,-18.29167812
ptAge,MC,nMC_NT5C3B,1.952882623
ptAge,MC,nMC_NT5DC3,-8.629975263
ptAge,MC,nMC_NUAK1,10.76100013
ptAge,MC,nMC_NUBP2,24.78983478
ptAge,MC,nMC_NUBPL,-1.147006489
ptAge,MC,nMC_NUTM2G,-37.57571841
ptAge,MC,nMC_OBSCN,-5.829462064
ptAge,MC,nMC_OBSCN-AS1,-6.609911595
ptAge,MC,nMC_OBSL1,431.0469668
ptAge,MC,nMC_OMG,13.32818205
ptAge,MC,nMC_OSBP,-3.102735347
ptAge,MC,nMC_OSBPL5,0.101646477
ptAge,MC,nMC_OSMR,21.73947533
ptAge,MC,nMC_OSTM1,1.786780808
ptAge,MC,nMC_OXNAD1,-0.128918207
ptAge,MC,nMC_P2RY1,1.447770564
ptAge,MC,nMC_P2RY12,1.978494515
ptAge,MC,nMC_P3H2,-82.16059329
ptAge,MC,nMC_PACS1,-0.108991182
ptAge,MC,nMC_PCDHGA9,35.45832868
ptAge,MC,nMC_PCED1B,-0.109420487
ptAge,MC,nMC_PDCD4-AS1,-17.17433946
ptAge,MC,nMC_PDCL3,3.711643764
ptAge,MC,nMC_PGC,233.0200352
ptAge,MC,nMC_PGGHG,-2.042603139
ptAge,MC,nMC_PHB2,-2.724944382
ptAge,MC,nMC_PHKG1,-4.210523004
ptAge,MC,nMC_PIK3IP1,-2.372699111
ptAge,MC,nMC_PIK3R4,0.617851543
ptAge,MC,nMC_PIKFYVE,0.325631854
ptAge,MC,nMC_PIP5K1C,1.917201061
ptAge,MC,nMC_PLCH2,-6.012110953
ptAge,MC,nMC_PLCXD3,33.61223982
ptAge,MC,nMC_PLEKHM1,0.204098668
ptAge,MC,nMC_PLTP,65.46572015
ptAge,MC,nMC_PLXNA4,5.138863461
ptAge,MC,nMC_PNMA6A,90.03184736
ptAge,MC,nMC_POLE,1.649873388
ptAge,MC,nMC_POLR2B,0.994848477
ptAge,MC,nMC_POLR2D,-1.329086564
ptAge,MC,nMC_POMP,1.095839063
ptAge,MC,nMC_PPP2R3C,0.741751564
ptAge,MC,nMC_PRAG1,-0.162835296
ptAge,MC,nMC_PREPL,-0.494950169
ptAge,MC,nMC_PRICKLE3,19.64214117
ptAge,MC,nMC_PRKACB,-0.035343077
ptAge,MC,nMC_PRKN,-1.272162562
ptAge,MC,nMC_PROZ,69.51713021
ptAge,MC,nMC_PRPS1,-1.313092055
ptAge,MC,nMC_PRR22,24.94650652
ptAge,MC,nMC_PSMB8-AS1,3.736656077
ptAge,MC,nMC_PSMD12,0.499178736
ptAge,MC,nMC_PSMD5,-1.657716207
ptAge,MC,nMC_PSPC1,-0.427245667
ptAge,MC,nMC_PTPN11,0.649351799
ptAge,MC,nMC_PTPN2,0.607975341
ptAge,MC,nMC_PTPN22,-0.305763006
ptAge,MC,nMC_PTPN3,-29.21044514
ptAge,MC,nMC_PTPRK,-3.776629479
ptAge,MC,nMC_PYGL,0.207570928
ptAge,MC,nMC_RAB26,-23.06595003
ptAge,MC,nMC_RAB30,-1.951183555
ptAge,MC,nMC_RALB,0.397923885
ptAge,MC,nMC_RASD2,51.65895933
ptAge,MC,nMC_RASSF4,0.812868501
ptAge,MC,nMC_RBBP8,0.051595134
ptAge,MC,nMC_RCAN2,2.751676987
ptAge,MC,nMC_RECQL,0.130717928
ptAge,MC,nMC_RETREG1,-1.470804696
ptAge,MC,nMC_RGS1,7.790688627
ptAge,MC,nMC_RGS10,-1.558898124
ptAge,MC,nMC_RGS19,0.512526033
ptAge,MC,nMC_RIMKLB,-2.057305969
ptAge,MC,nMC_RIPOR2,-0.030827395
ptAge,MC,nMC_RNF175,-1.431065974
ptAge,MC,nMC_RNF24,0.800432463
ptAge,MC,nMC_RNF31,8.640273632
ptAge,MC,nMC_RORA-AS1,-2.402534723
ptAge,MC,nMC_RPL27,0.049180007
ptAge,MC,nMC_RPL37,-0.68605285
ptAge,MC,nMC_RPS6KA2,0.703933648
ptAge,MC,nMC_RRM1,2.58907943
ptAge,MC,nMC_RSBN1,-0.571577392
ptAge,MC,nMC_RUBCNL,1.975922004
ptAge,MC,nMC_SAMD12,-1.164615271
ptAge,MC,nMC_SARNP,2.257649439
ptAge,MC,nMC_SBK1,-0.179846725
ptAge,MC,nMC_SCAND1,-1.25598623
ptAge,MC,nMC_SCARF1,-0.034097191
ptAge,MC,nMC_SCML1,-1.759501415
ptAge,MC,nMC_SCNM1,3.615219559
ptAge,MC,nMC_SDC3,0.555149688
ptAge,MC,nMC_SELENOS,1.18273127
ptAge,MC,nMC_SEMA4D,-0.17045469
ptAge,MC,nMC_SENP3,-6.455348238
ptAge,MC,nMC_SF3B6,1.22810036
ptAge,MC,nMC_SFTPD-AS1,73.59975317
ptAge,MC,nMC_SGK2,-2.211009137
ptAge,MC,nMC_SH3GL1,-2.75485883
ptAge,MC,nMC_SHISA4,167.528473
ptAge,MC,nMC_SHISAL2A,-0.098455637
ptAge,MC,nMC_SIDT1,-0.356099773
ptAge,MC,nMC_SIDT2,0.061870139
ptAge,MC,nMC_SLC11A1,0.427102648
ptAge,MC,nMC_SLC16A1-AS1,-0.100183681
ptAge,MC,nMC_SLC16A10,-0.096544141
ptAge,MC,nMC_SLC22A24,48.59289274
ptAge,MC,nMC_SLC23A1,59.05216372
ptAge,MC,nMC_SLC25A29,-1.176247216
ptAge,MC,nMC_SLC25A53,1.778534866
ptAge,MC,nMC_SLC26A4,13.89915156
ptAge,MC,nMC_SLC26A4-AS1,107.8518132
ptAge,MC,nMC_SLC27A1,0.03030391
ptAge,MC,nMC_SLC35F5,0.174914796
ptAge,MC,nMC_SLC37A4,-24.8165257
ptAge,MC,nMC_SLC38A11,1.415073603
ptAge,MC,nMC_SLC39A10,-0.566936557
ptAge,MC,nMC_SLC47A1,34.2504193
ptAge,MC,nMC_SLC4A1,92.56524556
ptAge,MC,nMC_SLC4A5,-27.06374031
ptAge,MC,nMC_SLC4A8,1.434388408
ptAge,MC,nMC_SLC7A13,159.9158208
ptAge,MC,nMC_SLC7A6,-0.062235704
ptAge,MC,nMC_SLFNL1,-16.02683083
ptAge,MC,nMC_SNHG22,-1.433509182
ptAge,MC,nMC_SNRK-AS1,-45.61831984
ptAge,MC,nMC_SNTG2,-2.64635423
ptAge,MC,nMC_SNX18,0.137779736
ptAge,MC,nMC_SORBS3,12.05994015
ptAge,MC,nMC_SPAG7,-2.922149747
ptAge,MC,nMC_SPATA3,249.284915
ptAge,MC,nMC_SPINK9,409.7925912
ptAge,MC,nMC_SPIRE1,0.095106191
ptAge,MC,nMC_SPON1-AS1,-1.805051786
ptAge,MC,nMC_SPRY1,30.73280194
ptAge,MC,nMC_SPRY3,1.52336447
ptAge,MC,nMC_SRCIN1,21.96710812
ptAge,MC,nMC_SSPN,12.16691136
ptAge,MC,nMC_SSTR2,34.6214822
ptAge,MC,nMC_ST3GAL6-AS1,26.90441249
ptAge,MC,nMC_ST6GALNAC2,10.10550461
ptAge,MC,nMC_ST7L,0.026886802
ptAge,MC,nMC_STK17A,-0.651759868
ptAge,MC,nMC_STK32A-AS1,26.02549159
ptAge,MC,nMC_STX17,-0.684333423
ptAge,MC,nMC_SUPT6H,0.205657655
ptAge,MC,nMC_SV2A,-50.36146447
ptAge,MC,nMC_SVIP,-2.323628668
ptAge,MC,nMC_SYN1,11.0925827
ptAge,MC,nMC_TADA2A,1.807957721
ptAge,MC,nMC_TANK,0.745597973
ptAge,MC,nMC_TBC1D3,-28.4499978
ptAge,MC,nMC_TCEAL9,240.8657419
ptAge,MC,nMC_TCEANC2,-1.677827562
ptAge,MC,nMC_TCF7,-0.449303293
ptAge,MC,nMC_TCIRG1,1.363497986
ptAge,MC,nMC_TCP11L1,0.773961691
ptAge,MC,nMC_TCP11L2,-0.282304225
ptAge,MC,nMC_TEKT5,232.8417145
ptAge,MC,nMC_TENM3,26.94047802
ptAge,MC,nMC_TEX11,1.226285688
ptAge,MC,nMC_TG,-1.616788972
ptAge,MC,nMC_THEMIS2,0.204072695
ptAge,MC,nMC_TIMP3,27.95280224
ptAge,MC,nMC_TIPARP,0.15984251
ptAge,MC,nMC_TMEFF2,14.58712487
ptAge,MC,nMC_TMEM104,1.087597497
ptAge,MC,nMC_TMEM106B,-0.597369313
ptAge,MC,nMC_TMEM131L,-0.67527945
ptAge,MC,nMC_TMEM132B,89.44520089
ptAge,MC,nMC_TMEM132D,-14.05002198
ptAge,MC,nMC_TMEM156,-0.083791999
ptAge,MC,nMC_TMEM17,3.008611105
ptAge,MC,nMC_TMEM170B,0.505157161
ptAge,MC,nMC_TMEM191B,18.27126521
ptAge,MC,nMC_TMF1,-0.451789731
ptAge,MC,nMC_TMPRSS9,-22.33773853
ptAge,MC,nMC_TNFAIP8,-0.073537747
ptAge,MC,nMC_TNFSF13B,-0.024916912
ptAge,MC,nMC_TNRC6C,-1.100002249
ptAge,MC,nMC_TOM1L1,-6.994296819
ptAge,MC,nMC_TPO,-75.79034643
ptAge,MC,nMC_TRABD2A,-1.220840157
ptAge,MC,nMC_TRAFD1,2.972934466
ptAge,MC,nMC_TRAJ25,-34.60216802
ptAge,MC,nMC_TRAJ4,245.2898131
ptAge,MC,nMC_TRAJ6,-65.26544783
ptAge,MC,nMC_TRAV38-1,-10.35062071
ptAge,MC,nMC_TRBJ2-7,39.88599784
ptAge,MC,nMC_TRBV16,-0.674384261
ptAge,MC,nMC_TRBV7-6,116.4281116
ptAge,MC,nMC_TRIM8,0.801053706
ptAge,MC,nMC_TRMT11,-0.625749164
ptAge,MC,nMC_TSEN34,-0.898859261
ptAge,MC,nMC_TTC3,-0.462204735
ptAge,MC,nMC_TUBD1,-4.28705978
ptAge,MC,nMC_TUSC1,171.0717122
ptAge,MC,nMC_TXK,-0.263052296
ptAge,MC,nMC_UBXN2B,0.055585079
ptAge,MC,nMC_UNC79,18.14205513
ptAge,MC,nMC_UNK,-1.487501495
ptAge,MC,nMC_UPP2,-0.489855795
ptAge,MC,nMC_UQCC1,1.258897594
ptAge,MC,nMC_URI1,-1.292078589
ptAge,MC,nMC_URM1,0.395817467
ptAge,MC,nMC_USP6,-12.70963329
ptAge,MC,nMC_VAMP1,-2.245140109
ptAge,MC,nMC_VAT1L,212.3149299
ptAge,MC,nMC_VENTX,10.78432263
ptAge,MC,nMC_VNN2,1.026112703
ptAge,MC,nMC_VWDE,-4.019520372
ptAge,MC,nMC_WDR5B,-0.375299691
ptAge,MC,nMC_WDR64,-15.33166074
ptAge,MC,nMC_WDR70,0.337500252
ptAge,MC,nMC_WEE2,86.55949175
ptAge,MC,nMC_WLS,17.90704803
ptAge,MC,nMC_XAF1,0.707141564
ptAge,MC,nMC_YIPF7,14.18048048
ptAge,MC,nMC_ZC3H11B,7.86000428
ptAge,MC,nMC_ZDHHC19,63.26528363
ptAge,MC,nMC_ZFP28,-22.10183804
ptAge,MC,nMC_ZFX-AS1,8.408093105
ptAge,MC,nMC_ZMAT4,5.600202754
ptAge,MC,nMC_ZMYND11,-0.567424812
ptAge,MC,nMC_ZNF10,-0.940108098
ptAge,MC,nMC_ZNF181,-1.884203685
ptAge,MC,nMC_ZNF232,1.993814985
ptAge,MC,nMC_ZNF329,-0.00945163
ptAge,MC,nMC_ZNF337,-3.446754255
ptAge,MC,nMC_ZNF559-ZNF177,4.991671103
ptAge,MC,nMC_ZNF625-ZNF20,128.7827054
ptAge,MC,nMC_ZNF671,-8.066318835
ptAge,MC,nMC_ZNF713,2.480056857
ptAge,MC,nMC_ZSWIM7,1.776191101
pAge,,(Intercept),65.41807581
pAge,,cMC,10.00485344
pAge,,NK2,4.501513137
pAge,,nMC,43.68572552
pAge,,Tcm_CD4,0.798518639
pAge,,Tcm_CD8,178.3110178
pAge,,Tem,-125.7997793
pAge,,Tex_CD4,63.6434054
pAge,,Tex_CD8,14.49801326
pAge,,Th2,26.4802978
pAge,,Tn_CD8,-115.4317434
pAge,,Treg,-671.2252901
TCRAge,,(Intercept),70.73812293
TCRAge,,gender,7.769725047
TCRAge,,Chao1,-2.854493376
TCRAge,,Gini-Simpson,-15.7361413
TCRAge,,Inverse Simpson,-2.54760842
TCRAge,,Ecological_diversity_measure,-1.990579492
TCRAge,,Hill numbers (Q2),-0.015584365
TCRAge,,Hill numbers (Q5),-1.097417924
TCRAge,,Hill numbers (Q6),-2.939416025
TCRAge,,Unique clones,-1.553526234
TCRAge,,Multiple clones,2.021221244
TCRAge,,Clonotype diversity,-12.9107667
